[2025-11-18 12:24:15] [SUCCESS] ✅ Configuration loaded successfully
[2025-11-18 12:24:15] [INFO] ✅ Database enabled: vsphone_monitor.db
[2025-11-18 12:24:15] [INFO] 🌐 Starting web dashboard on http://localhost:5000
[2025-11-18 12:24:15] [SUCCESS] ✅ Web dashboard started
[2025-11-18 12:24:17] [INFO] ============================================================
[2025-11-18 12:24:17] [INFO] 🚀 VSPhone Monitor v5.0.0 FINAL Started
[2025-11-18 12:24:17] [INFO] 📊 Total Clones: 2
[2025-11-18 12:24:17] [INFO] 👤 Accounts: 1
[2025-11-18 12:24:17] [INFO] 📱 Instances: 1
[2025-11-18 12:24:17] [INFO] ⏱️  Check Interval: 30s
[2025-11-18 12:24:17] [INFO] ⚡ Parallel Workers: 10
[2025-11-18 12:24:17] [INFO] 💾 Database: ✅ Enabled
[2025-11-18 12:24:17] [INFO] 🔥 Enhanced Detection: ✅ 4-Method Approach
[2025-11-18 12:24:17] [INFO] ============================================================
[2025-11-18 12:24:17] [INFO] 
🔍 Starting check cycle for 2 clones...
[2025-11-18 12:24:20] [WARNING] ⚠️  HP 1 - Main > Roblox Clone 2: CRASH detected
[2025-11-18 12:24:20] [WARNING]    Details: Process not found (confidence: 100%)
[2025-11-18 12:24:20] [WARNING] ⚠️  HP 1 - Main > Roblox Clone 1: CRASH detected
[2025-11-18 12:24:20] [WARNING]    Details: Process not found (confidence: 100%)
[2025-11-18 12:24:23] [SUCCESS] ✅ HP 1 - Main > Roblox Clone 1: Fixed in 2.4s
[2025-11-18 12:24:23] [SUCCESS] ✅ HP 1 - Main > Roblox Clone 2: Fixed in 3.0s
[2025-11-18 12:24:23] [INFO] 
────────────────────────────────────────────────────────────
[2025-11-18 12:24:23] [INFO] ✅ Cycle Complete (6.0s)
[2025-11-18 12:24:23] [INFO]    Healthy: 0
[2025-11-18 12:24:23] [SUCCESS]    Fixed: 2
[2025-11-18 12:24:23] [INFO]    Issues: 2 crash
[2025-11-18 12:24:23] [INFO] 
   Detection Details:
[2025-11-18 12:24:23] [INFO]       • HP 1 - Main > Roblox Clone 1: crash via process_check (100%)
[2025-11-18 12:24:23] [INFO]       • HP 1 - Main > Roblox Clone 2: crash via process_check (100%)
[2025-11-18 12:24:23] [INFO] ────────────────────────────────────────────────────────────
[2025-11-18 12:24:23] [INFO] 
💤 Waiting 30s for next cycle...
[2025-11-18 12:24:53] [INFO] 
🔍 Starting check cycle for 2 clones...
[2025-11-18 12:24:56] [WARNING] ⚠️  HP 1 - Main > Roblox Clone 1: CRASH detected
[2025-11-18 12:24:56] [WARNING]    Details: Process not found (confidence: 100%)
[2025-11-18 12:24:56] [WARNING] ⚠️  HP 1 - Main > Roblox Clone 2: CRASH detected
[2025-11-18 12:24:56] [WARNING]    Details: Process not found (confidence: 100%)
[2025-11-18 12:24:59] [SUCCESS] ✅ HP 1 - Main > Roblox Clone 1: Fixed in 3.2s
[2025-11-18 12:24:59] [SUCCESS] ✅ HP 1 - Main > Roblox Clone 2: Fixed in 3.2s
[2025-11-18 12:24:59] [INFO] 
────────────────────────────────────────────────────────────
[2025-11-18 12:24:59] [INFO] ✅ Cycle Complete (6.0s)
[2025-11-18 12:24:59] [INFO]    Healthy: 0
[2025-11-18 12:24:59] [SUCCESS]    Fixed: 2
[2025-11-18 12:24:59] [INFO]    Issues: 2 crash
[2025-11-18 12:24:59] [INFO] 
   Detection Details:
[2025-11-18 12:24:59] [INFO]       • HP 1 - Main > Roblox Clone 1: crash via process_check (100%)
[2025-11-18 12:24:59] [INFO]       • HP 1 - Main > Roblox Clone 2: crash via process_check (100%)
[2025-11-18 12:24:59] [INFO] ────────────────────────────────────────────────────────────
[2025-11-18 12:24:59] [INFO] 
💤 Waiting 30s for next cycle...
[2025-11-18 12:25:29] [INFO] 
🔍 Starting check cycle for 2 clones...
[2025-11-18 12:25:35] [WARNING] ⚠️  HP 1 - Main > Roblox Clone 1: CRASH detected
[2025-11-18 12:25:35] [WARNING]    Details: Process not found (confidence: 100%)
[2025-11-18 12:25:36] [WARNING] ⚠️  HP 1 - Main > Roblox Clone 2: CRASH detected
[2025-11-18 12:25:36] [WARNING]    Details: Process not found (confidence: 100%)
[2025-11-18 12:25:40] [SUCCESS] ✅ HP 1 - Main > Roblox Clone 1: Fixed in 4.5s
[2025-11-18 12:25:41] [SUCCESS] ✅ HP 1 - Main > Roblox Clone 2: Fixed in 5.1s
[2025-11-18 12:25:41] [INFO] 
────────────────────────────────────────────────────────────
[2025-11-18 12:25:41] [INFO] ✅ Cycle Complete (11.2s)
[2025-11-18 12:25:41] [INFO]    Healthy: 0
[2025-11-18 12:25:41] [SUCCESS]    Fixed: 2
[2025-11-18 12:25:41] [INFO]    Issues: 2 crash
[2025-11-18 12:25:41] [INFO] 
   Detection Details:
[2025-11-18 12:25:41] [INFO]       • HP 1 - Main > Roblox Clone 1: crash via process_check (100%)
[2025-11-18 12:25:41] [INFO]       • HP 1 - Main > Roblox Clone 2: crash via process_check (100%)
[2025-11-18 12:25:41] [INFO] ────────────────────────────────────────────────────────────
[2025-11-18 12:25:41] [INFO] 
💤 Waiting 30s for next cycle...
[2025-11-18 12:26:11] [INFO] 
🔍 Starting check cycle for 2 clones...
[2025-11-18 12:26:17] [WARNING] ⚠️  HP 1 - Main > Roblox Clone 1: CRASH detected
[2025-11-18 12:26:17] [WARNING]    Details: API check failed (confidence: 100%)
[2025-11-18 12:26:17] [WARNING] ⚠️  HP 1 - Main > Roblox Clone 2: CRASH detected
[2025-11-18 12:26:17] [WARNING]    Details: API check failed (confidence: 100%)
[2025-11-18 12:26:22] [SUCCESS] ✅ HP 1 - Main > Roblox Clone 2: Fixed in 4.5s
[2025-11-18 12:26:22] [SUCCESS] ✅ HP 1 - Main > Roblox Clone 1: Fixed in 4.6s
[2025-11-18 12:26:22] [INFO] 
────────────────────────────────────────────────────────────
[2025-11-18 12:26:22] [INFO] ✅ Cycle Complete (11.3s)
[2025-11-18 12:26:22] [INFO]    Healthy: 0
[2025-11-18 12:26:22] [SUCCESS]    Fixed: 2
[2025-11-18 12:26:22] [INFO]    Issues: 2 crash
[2025-11-18 12:26:22] [INFO] 
   Detection Details:
[2025-11-18 12:26:22] [INFO]       • HP 1 - Main > Roblox Clone 2: crash via api_check (100%)
[2025-11-18 12:26:22] [INFO]       • HP 1 - Main > Roblox Clone 1: crash via api_check (100%)
[2025-11-18 12:26:22] [INFO] ────────────────────────────────────────────────────────────
[2025-11-18 12:26:22] [INFO] 
💤 Waiting 30s for next cycle...
[2025-11-18 12:26:52] [INFO] 
🔍 Starting check cycle for 2 clones...
[2025-11-18 12:26:56] [WARNING] ⚠️  HP 1 - Main > Roblox Clone 2: CRASH detected
[2025-11-18 12:26:56] [WARNING]    Details: Process not found (confidence: 100%)
[2025-11-18 12:26:57] [WARNING] ⚠️  HP 1 - Main > Roblox Clone 1: CRASH detected
[2025-11-18 12:26:57] [WARNING]    Details: Process not found (confidence: 100%)
[2025-11-18 12:26:59] [SUCCESS] ✅ HP 1 - Main > Roblox Clone 2: Fixed in 3.0s
[2025-11-18 12:26:59] [SUCCESS] ✅ HP 1 - Main > Roblox Clone 1: Fixed in 2.4s
[2025-11-18 12:26:59] [INFO] 
────────────────────────────────────────────────────────────
[2025-11-18 12:26:59] [INFO] ✅ Cycle Complete (7.4s)
[2025-11-18 12:26:59] [INFO]    Healthy: 0
[2025-11-18 12:26:59] [SUCCESS]    Fixed: 2
[2025-11-18 12:26:59] [INFO]    Issues: 2 crash
[2025-11-18 12:26:59] [INFO] 
   Detection Details:
[2025-11-18 12:26:59] [INFO]       • HP 1 - Main > Roblox Clone 2: crash via process_check (100%)
[2025-11-18 12:26:59] [INFO]       • HP 1 - Main > Roblox Clone 1: crash via process_check (100%)
[2025-11-18 12:26:59] [INFO] ────────────────────────────────────────────────────────────
[2025-11-18 12:26:59] [INFO] 
💤 Waiting 30s for next cycle...
[2025-11-18 12:27:17] [INFO] Received termination signal
[2025-11-18 12:59:23] [SUCCESS] ✅ Configuration loaded successfully
[2025-11-18 12:59:23] [DEBUG] ✅ Database tables created/verified
[2025-11-18 12:59:23] [INFO] ✅ Database enabled: vsphone_monitor.db
[2025-11-18 12:59:24] [INFO] 🌐 Starting web dashboard on http://localhost:5000
[2025-11-18 12:59:24] [SUCCESS] ✅ Web dashboard started
[2025-11-18 12:59:26] [INFO] ============================================================
[2025-11-18 12:59:26] [INFO] 🚀 VSPhone Monitor v5.0.0 FINAL Started
[2025-11-18 12:59:26] [INFO] 📊 Total Clones: 7
[2025-11-18 12:59:26] [INFO] 👤 Accounts: 1
[2025-11-18 12:59:26] [INFO] 📱 Instances: 1
[2025-11-18 12:59:26] [INFO] ⏱️  Check Interval: 30s
[2025-11-18 12:59:26] [INFO] ⚡ Parallel Workers: 10
[2025-11-18 12:59:26] [INFO] 💾 Database: ✅ Enabled
[2025-11-18 12:59:26] [INFO] 🔥 Enhanced Detection: ✅ 4-Method Approach
[2025-11-18 12:59:26] [INFO] ============================================================
[2025-11-18 12:59:26] [INFO] 
🔍 Starting check cycle for 7 clones...
[2025-11-18 12:59:26] [DEBUG]    → Checking for device hang...
[2025-11-18 12:59:26] [DEBUG]    → Checking for device hang...
[2025-11-18 12:59:26] [DEBUG]    → Checking for device hang...
[2025-11-18 12:59:26] [DEBUG]    → Checking for device hang...
[2025-11-18 12:59:26] [DEBUG]    → Checking for device hang...
[2025-11-18 12:59:26] [DEBUG]    → Checking for device hang...
[2025-11-18 12:59:26] [DEBUG]    → Checking for device hang...
[2025-11-18 12:59:33] [DEBUG]    → Device responding normally
[2025-11-18 12:59:33] [DEBUG]    → Health check: Roblox Clone 4
[2025-11-18 12:59:33] [DEBUG]    → Device responding normally
[2025-11-18 12:59:33] [DEBUG]    → Device responding normally
[2025-11-18 12:59:33] [DEBUG]    → Device responding normally
[2025-11-18 12:59:33] [DEBUG]    → Health check: Roblox Clone 7
[2025-11-18 12:59:33] [DEBUG]    → Device responding normally
[2025-11-18 12:59:33] [DEBUG]    → Device responding normally
[2025-11-18 12:59:33] [DEBUG]    → Health check: Roblox Clone 2
[2025-11-18 12:59:33] [DEBUG]    → Device responding normally
[2025-11-18 12:59:33] [DEBUG]    → Health check: Roblox Clone 1
[2025-11-18 12:59:33] [DEBUG]    → Health check: Roblox Clone 5
[2025-11-18 12:59:33] [DEBUG]    → Health check: Roblox Clone 3
[2025-11-18 12:59:33] [DEBUG]    → Health check: Roblox Clone 6
[2025-11-18 12:59:36] [DEBUG]    → ps -A failed, trying dumpsys...
[2025-11-18 12:59:37] [DEBUG]    → ps -A failed, trying dumpsys...
[2025-11-18 12:59:37] [DEBUG]    → ps -A failed, trying dumpsys...
[2025-11-18 12:59:37] [DEBUG]    → ps -A failed, trying dumpsys...
[2025-11-18 12:59:37] [DEBUG]    → ps -A failed, trying dumpsys...
[2025-11-18 12:59:37] [DEBUG]    → ps -A failed, trying dumpsys...
[2025-11-18 12:59:37] [DEBUG]    → ps -A failed, trying dumpsys...
[2025-11-18 12:59:41] [DEBUG]    → dumpsys failed, trying pidof...
[2025-11-18 12:59:42] [DEBUG]    → dumpsys failed, trying pidof...
[2025-11-18 12:59:43] [DEBUG]    → dumpsys failed, trying pidof...
[2025-11-18 12:59:43] [DEBUG]    → dumpsys failed, trying pidof...
[2025-11-18 12:59:43] [DEBUG]    → dumpsys failed, trying pidof...
[2025-11-18 12:59:43] [DEBUG]    → dumpsys failed, trying pidof...
[2025-11-18 12:59:43] [DEBUG]    → dumpsys failed, trying pidof...
[2025-11-18 12:59:47] [DEBUG]    → Process not found (all 3 methods failed - CRASHED)
[2025-11-18 12:59:47] [WARNING] ⚠️  HP 1 - Main > Roblox Clone 3: CRASH detected
[2025-11-18 12:59:47] [WARNING]    Details: Process not found (confidence: 90%)
[2025-11-18 12:59:47] [DEBUG]    Detection method: process_check
[2025-11-18 12:59:49] [DEBUG]    → Process not found (all 3 methods failed - CRASHED)
[2025-11-18 12:59:49] [DEBUG]    → Process not found (all 3 methods failed - CRASHED)
[2025-11-18 12:59:49] [DEBUG]    → Process not found (all 3 methods failed - CRASHED)
[2025-11-18 12:59:49] [WARNING] DB Error updating status: bad parameter or other API misuse
[2025-11-18 12:59:49] [WARNING] ⚠️  HP 1 - Main > Roblox Clone 7: CRASH detected
[2025-11-18 12:59:49] [WARNING] DB Error updating status: UNIQUE constraint failed: clone_status.clone_key
[2025-11-18 12:59:49] [WARNING] ⚠️  HP 1 - Main > Roblox Clone 4: CRASH detected
[2025-11-18 12:59:49] [WARNING]    Details: Process not found (confidence: 90%)
[2025-11-18 12:59:49] [WARNING] ⚠️  HP 1 - Main > Roblox Clone 1: CRASH detected
[2025-11-18 12:59:49] [WARNING]    Details: Process not found (confidence: 90%)
[2025-11-18 12:59:49] [DEBUG]    Detection method: process_check
[2025-11-18 12:59:49] [WARNING]    Details: Process not found (confidence: 90%)
[2025-11-18 12:59:49] [DEBUG]    Detection method: process_check
[2025-11-18 12:59:49] [DEBUG]    Detection method: process_check
[2025-11-18 12:59:49] [DEBUG]    → Process not found (all 3 methods failed - CRASHED)
[2025-11-18 12:59:49] [WARNING] ⚠️  HP 1 - Main > Roblox Clone 2: CRASH detected
[2025-11-18 12:59:49] [WARNING]    Details: Process not found (confidence: 90%)
[2025-11-18 12:59:49] [DEBUG]    Detection method: process_check
[2025-11-18 12:59:49] [DEBUG]    → Process not found (all 3 methods failed - CRASHED)
[2025-11-18 12:59:49] [WARNING] ⚠️  HP 1 - Main > Roblox Clone 5: CRASH detected
[2025-11-18 12:59:49] [WARNING]    Details: Process not found (confidence: 90%)
[2025-11-18 12:59:49] [DEBUG]    Detection method: process_check
[2025-11-18 12:59:49] [DEBUG]    → Process not found (all 3 methods failed - CRASHED)
[2025-11-18 12:59:49] [WARNING] ⚠️  HP 1 - Main > Roblox Clone 6: CRASH detected
[2025-11-18 12:59:49] [WARNING]    Details: Process not found (confidence: 90%)
[2025-11-18 12:59:49] [DEBUG]    Detection method: process_check
[2025-11-18 12:59:53] [ERROR] ❌ HP 1 - Main > Roblox Clone 3: Fix failed - Unknown error
[2025-11-18 12:59:54] [DEBUG]    → Roblox opened successfully
[2025-11-18 12:59:54] [SUCCESS] ✅ HP 1 - Main > Roblox Clone 7: Fixed in 5.8s
[2025-11-18 12:59:55] [ERROR] ❌ HP 1 - Main > Roblox Clone 4: Fix failed - Unknown error
[2025-11-18 12:59:55] [ERROR] ❌ HP 1 - Main > Roblox Clone 1: Fix failed - Unknown error
[2025-11-18 12:59:55] [ERROR] ❌ HP 1 - Main > Roblox Clone 2: Fix failed - Unknown error
[2025-11-18 12:59:55] [ERROR] ❌ HP 1 - Main > Roblox Clone 5: Fix failed - Unknown error
[2025-11-18 12:59:55] [ERROR] ❌ HP 1 - Main > Roblox Clone 6: Fix failed - Unknown error
[2025-11-18 12:59:55] [INFO] 
────────────────────────────────────────────────────────────
[2025-11-18 12:59:55] [INFO] ✅ Cycle Complete (29.8s)
[2025-11-18 12:59:55] [INFO]    Healthy: 0
[2025-11-18 12:59:55] [SUCCESS]    Fixed: 1
[2025-11-18 12:59:55] [INFO]    Issues: 1 crash
[2025-11-18 12:59:55] [INFO] 
   Detection Details:
[2025-11-18 12:59:55] [INFO]       • HP 1 - Main > Roblox Clone 7: crash via process_check (90%)
[2025-11-18 12:59:55] [WARNING]    ⚠️  Failed to fix: 6
[2025-11-18 12:59:55] [INFO] ────────────────────────────────────────────────────────────
[2025-11-18 12:59:55] [INFO] 
💤 Waiting 30s for next cycle...
[2025-11-18 13:00:25] [INFO] 
🔍 Starting check cycle for 7 clones...
[2025-11-18 13:00:25] [DEBUG]    → Checking for device hang...
[2025-11-18 13:00:25] [DEBUG]    → Checking for device hang...
[2025-11-18 13:00:25] [DEBUG]    → Checking for device hang...
[2025-11-18 13:00:25] [DEBUG]    → Checking for device hang...
[2025-11-18 13:00:25] [DEBUG]    → Checking for device hang...
[2025-11-18 13:00:25] [DEBUG]    → Checking for device hang...
[2025-11-18 13:00:25] [DEBUG]    → Checking for device hang...
[2025-11-18 13:00:33] [DEBUG]    → Device responding normally
[2025-11-18 13:00:33] [DEBUG]    → Health check: Roblox Clone 2
[2025-11-18 13:00:33] [DEBUG]    → Device responding normally
[2025-11-18 13:00:33] [DEBUG]    → Device responding normally
[2025-11-18 13:00:33] [DEBUG]    → Health check: Roblox Clone 1
[2025-11-18 13:00:33] [DEBUG]    → Health check: Roblox Clone 7
[2025-11-18 13:00:33] [DEBUG]    → Device responding normally
[2025-11-18 13:00:33] [DEBUG]    → Device responding normally
[2025-11-18 13:00:33] [DEBUG]    → Device responding normally
[2025-11-18 13:00:33] [DEBUG]    → Health check: Roblox Clone 4
[2025-11-18 13:00:33] [DEBUG]    → Health check: Roblox Clone 6
[2025-11-18 13:00:33] [DEBUG]    → Health check: Roblox Clone 5
[2025-11-18 13:00:33] [DEBUG]    → Device responding normally
[2025-11-18 13:00:33] [DEBUG]    → Health check: Roblox Clone 3
[2025-11-18 13:00:39] [DEBUG]    → ps -A failed, trying dumpsys...
[2025-11-18 13:00:39] [DEBUG]    → ps -A failed, trying dumpsys...
[2025-11-18 13:00:39] [DEBUG]    → ps -A failed, trying dumpsys...
[2025-11-18 13:00:40] [WARNING] ⚠️  HP 1 - Main > Roblox Clone 2: CRASH detected
[2025-11-18 13:00:40] [WARNING]    Details: API check failed (confidence: 50%)
[2025-11-18 13:00:40] [DEBUG]    Detection method: api_check
[2025-11-18 13:00:40] [WARNING] ⚠️  HP 1 - Main > Roblox Clone 4: CRASH detected
[2025-11-18 13:00:40] [WARNING]    Details: API check failed (confidence: 50%)
[2025-11-18 13:00:40] [DEBUG]    Detection method: api_check
[2025-11-18 13:00:40] [WARNING] ⚠️  HP 1 - Main > Roblox Clone 3: CRASH detected
[2025-11-18 13:00:40] [WARNING]    Details: API check failed (confidence: 50%)
[2025-11-18 13:00:40] [DEBUG]    Detection method: api_check
[2025-11-18 13:00:40] [WARNING] ⚠️  HP 1 - Main > Roblox Clone 1: CRASH detected
[2025-11-18 13:00:40] [WARNING]    Details: API check failed (confidence: 50%)
[2025-11-18 13:00:40] [DEBUG]    Detection method: api_check
[2025-11-18 13:00:46] [DEBUG]    → Roblox opened successfully
[2025-11-18 13:00:46] [SUCCESS] ✅ HP 1 - Main > Roblox Clone 3: Fixed in 5.8s
[2025-11-18 13:00:46] [DEBUG]    → dumpsys failed, trying pidof...
[2025-11-18 13:00:46] [DEBUG]    → dumpsys failed, trying pidof...
[2025-11-18 13:00:46] [DEBUG]    → dumpsys failed, trying pidof...
[2025-11-18 13:00:46] [ERROR] ❌ HP 1 - Main > Roblox Clone 2: Fix failed - Unknown error
[2025-11-18 13:00:46] [ERROR] ❌ HP 1 - Main > Roblox Clone 1: Fix failed - Unknown error
[2025-11-18 13:00:46] [ERROR] ❌ HP 1 - Main > Roblox Clone 4: Fix failed - Unknown error
[2025-11-18 13:00:51] [DEBUG]    → Process not found (all 3 methods failed - CRASHED)
[2025-11-18 13:00:51] [WARNING] ⚠️  HP 1 - Main > Roblox Clone 5: CRASH detected
[2025-11-18 13:00:51] [WARNING]    Details: Process not found (confidence: 90%)
[2025-11-18 13:00:51] [DEBUG]    Detection method: process_check
[2025-11-18 13:00:51] [DEBUG]    → Process not found (all 3 methods failed - CRASHED)
[2025-11-18 13:00:51] [WARNING] ⚠️  HP 1 - Main > Roblox Clone 6: CRASH detected
[2025-11-18 13:00:51] [WARNING]    Details: Process not found (confidence: 90%)
[2025-11-18 13:00:51] [DEBUG]    Detection method: process_check
[2025-11-18 13:00:51] [DEBUG]    → Process not found (all 3 methods failed - CRASHED)
[2025-11-18 13:00:51] [WARNING] ⚠️  HP 1 - Main > Roblox Clone 7: CRASH detected
[2025-11-18 13:00:51] [WARNING]    Details: Process not found (confidence: 90%)
[2025-11-18 13:00:51] [DEBUG]    Detection method: process_check
[2025-11-18 13:00:53] [DEBUG]    → Roblox opened successfully
[2025-11-18 13:00:53] [SUCCESS] ✅ HP 1 - Main > Roblox Clone 6: Fixed in 2.7s
[2025-11-18 13:00:55] [DEBUG]    → Roblox opened successfully
[2025-11-18 13:00:55] [SUCCESS] ✅ HP 1 - Main > Roblox Clone 5: Fixed in 3.9s
[2025-11-18 13:00:55] [DEBUG]    → Roblox opened successfully
[2025-11-18 13:00:55] [SUCCESS] ✅ HP 1 - Main > Roblox Clone 7: Fixed in 3.9s
[2025-11-18 13:00:55] [INFO] 
────────────────────────────────────────────────────────────
[2025-11-18 13:00:55] [INFO] ✅ Cycle Complete (29.5s)
[2025-11-18 13:00:55] [INFO]    Healthy: 0
[2025-11-18 13:00:55] [SUCCESS]    Fixed: 4
[2025-11-18 13:00:55] [INFO]    Issues: 4 crash
[2025-11-18 13:00:55] [INFO] 
   Detection Details:
[2025-11-18 13:00:55] [INFO]       • HP 1 - Main > Roblox Clone 3: crash via api_check (50%)
[2025-11-18 13:00:55] [INFO]       • HP 1 - Main > Roblox Clone 6: crash via process_check (90%)
[2025-11-18 13:00:55] [INFO]       • HP 1 - Main > Roblox Clone 5: crash via process_check (90%)
[2025-11-18 13:00:55] [INFO]       • HP 1 - Main > Roblox Clone 7: crash via process_check (90%)
[2025-11-18 13:00:55] [WARNING]    ⚠️  Failed to fix: 3
[2025-11-18 13:00:55] [INFO] ────────────────────────────────────────────────────────────
[2025-11-18 13:00:55] [INFO] 
💤 Waiting 30s for next cycle...
[2025-11-18 13:01:25] [INFO] 
🔍 Starting check cycle for 7 clones...
[2025-11-18 13:01:25] [DEBUG]    → Checking for device hang...
[2025-11-18 13:01:25] [DEBUG]    → Checking for device hang...
[2025-11-18 13:01:25] [DEBUG]    → Checking for device hang...
[2025-11-18 13:01:25] [DEBUG]    → Checking for device hang...
[2025-11-18 13:01:25] [DEBUG]    → Checking for device hang...
[2025-11-18 13:01:25] [DEBUG]    → Checking for device hang...
[2025-11-18 13:01:25] [DEBUG]    → Checking for device hang...
[2025-11-18 13:01:34] [DEBUG]    → Device responding normally
[2025-11-18 13:01:34] [DEBUG]    → Health check: Roblox Clone 3
[2025-11-18 13:01:34] [DEBUG]    → Device responding normally
[2025-11-18 13:01:34] [DEBUG]    → Device responding normally
[2025-11-18 13:01:34] [DEBUG]    → Device responding normally
[2025-11-18 13:01:34] [DEBUG]    → Health check: Roblox Clone 1
[2025-11-18 13:01:34] [DEBUG]    → Health check: Roblox Clone 2
[2025-11-18 13:01:34] [DEBUG]    → Health check: Roblox Clone 4
[2025-11-18 13:01:34] [DEBUG]    → Device responding normally
[2025-11-18 13:01:34] [DEBUG]    → Health check: Roblox Clone 5
[2025-11-18 13:01:34] [DEBUG]    → Device responding normally
[2025-11-18 13:01:34] [DEBUG]    → Device responding normally
[2025-11-18 13:01:34] [DEBUG]    → Health check: Roblox Clone 6
[2025-11-18 13:01:34] [DEBUG]    → Health check: Roblox Clone 7
[2025-11-18 13:01:40] [DEBUG]    → ps -A failed, trying dumpsys...
[2025-11-18 13:01:40] [WARNING] ⚠️  HP 1 - Main > Roblox Clone 3: CRASH detected
[2025-11-18 13:01:40] [WARNING]    Details: API check failed (confidence: 50%)
[2025-11-18 13:01:40] [DEBUG]    Detection method: api_check
[2025-11-18 13:01:40] [WARNING] ⚠️  HP 1 - Main > Roblox Clone 4: CRASH detected
[2025-11-18 13:01:40] [WARNING]    Details: API check failed (confidence: 50%)
[2025-11-18 13:01:40] [DEBUG]    Detection method: api_check
[2025-11-18 13:01:40] [WARNING] ⚠️  HP 1 - Main > Roblox Clone 6: CRASH detected
[2025-11-18 13:01:40] [WARNING]    Details: API check failed (confidence: 50%)
[2025-11-18 13:01:40] [DEBUG]    Detection method: api_check
[2025-11-18 13:01:40] [WARNING] ⚠️  HP 1 - Main > Roblox Clone 5: CRASH detected
[2025-11-18 13:01:40] [WARNING] ⚠️  HP 1 - Main > Roblox Clone 7: CRASH detected
[2025-11-18 13:01:40] [WARNING]    Details: API check failed (confidence: 50%)
[2025-11-18 13:01:40] [DEBUG]    Detection method: api_check
[2025-11-18 13:01:40] [WARNING]    Details: API check failed (confidence: 50%)
[2025-11-18 13:01:40] [DEBUG]    Detection method: api_check
[2025-11-18 13:01:40] [WARNING] ⚠️  HP 1 - Main > Roblox Clone 2: CRASH detected
[2025-11-18 13:01:40] [WARNING]    Details: API check failed (confidence: 50%)
[2025-11-18 13:01:40] [DEBUG]    Detection method: api_check
[2025-11-18 13:01:46] [DEBUG]    → dumpsys failed, trying pidof...
[2025-11-18 13:01:47] [ERROR] ❌ HP 1 - Main > Roblox Clone 3: Fix failed - Unknown error
[2025-11-18 13:01:47] [ERROR] ❌ HP 1 - Main > Roblox Clone 4: Fix failed - Unknown error
[2025-11-18 13:01:47] [ERROR] ❌ HP 1 - Main > Roblox Clone 2: Fix failed - Unknown error
[2025-11-18 13:01:47] [ERROR] ❌ HP 1 - Main > Roblox Clone 6: Fix failed - Unknown error
[2025-11-18 13:01:47] [ERROR] ❌ HP 1 - Main > Roblox Clone 7: Fix failed - Unknown error
[2025-11-18 13:01:47] [ERROR] ❌ HP 1 - Main > Roblox Clone 5: Fix failed - Unknown error
[2025-11-18 13:01:47] [DEBUG]    → Process not found (all 3 methods failed - CRASHED)
[2025-11-18 13:01:47] [WARNING] ⚠️  HP 1 - Main > Roblox Clone 1: CRASH detected
[2025-11-18 13:01:47] [WARNING]    Details: Process not found (confidence: 90%)
[2025-11-18 13:01:47] [DEBUG]    Detection method: process_check
[2025-11-18 13:01:48] [ERROR] ❌ HP 1 - Main > Roblox Clone 1: Fix failed - Unknown error
[2025-11-18 13:01:48] [INFO] 
────────────────────────────────────────────────────────────
[2025-11-18 13:01:48] [INFO] ✅ Cycle Complete (22.7s)
[2025-11-18 13:01:48] [INFO]    Healthy: 0
[2025-11-18 13:01:48] [WARNING]    ⚠️  Failed to fix: 7
[2025-11-18 13:01:48] [INFO] ────────────────────────────────────────────────────────────
[2025-11-18 13:01:48] [INFO] 
💤 Waiting 30s for next cycle...
[2025-11-18 13:02:18] [INFO] 
🔍 Starting check cycle for 7 clones...
[2025-11-18 13:02:18] [DEBUG]    → Checking for device hang...
[2025-11-18 13:02:18] [DEBUG]    → Checking for device hang...
[2025-11-18 13:02:18] [DEBUG]    → Checking for device hang...
[2025-11-18 13:02:18] [DEBUG]    → Checking for device hang...
[2025-11-18 13:02:18] [DEBUG]    → Checking for device hang...
[2025-11-18 13:02:18] [DEBUG]    → Checking for device hang...
[2025-11-18 13:02:18] [DEBUG]    → Checking for device hang...
[2025-11-18 13:02:22] [DEBUG]    → Device responding normally
[2025-11-18 13:02:22] [DEBUG]    → Health check: Roblox Clone 1
[2025-11-18 13:02:22] [DEBUG]    → Device responding normally
[2025-11-18 13:02:22] [DEBUG]    → Health check: Roblox Clone 5
[2025-11-18 13:02:22] [DEBUG]    → Device responding normally
[2025-11-18 13:02:22] [DEBUG]    → Device responding normally
[2025-11-18 13:02:22] [DEBUG]    → Health check: Roblox Clone 2
[2025-11-18 13:02:22] [DEBUG]    → Health check: Roblox Clone 4
[2025-11-18 13:02:22] [DEBUG]    → Device responding normally
[2025-11-18 13:02:22] [DEBUG]    → Health check: Roblox Clone 6
[2025-11-18 13:02:22] [DEBUG]    → Device responding normally
[2025-11-18 13:02:22] [DEBUG]    → Health check: Roblox Clone 3
[2025-11-18 13:02:23] [DEBUG]    → Device responding normally
[2025-11-18 13:02:23] [DEBUG]    → Health check: Roblox Clone 7
[2025-11-18 13:02:24] [DEBUG]    → ps -A failed, trying dumpsys...
[2025-11-18 13:02:24] [DEBUG]    → ps -A failed, trying dumpsys...
[2025-11-18 13:02:24] [DEBUG]    → ps -A failed, trying dumpsys...
[2025-11-18 13:02:24] [DEBUG]    → ps -A failed, trying dumpsys...
[2025-11-18 13:02:24] [DEBUG]    → ps -A failed, trying dumpsys...
[2025-11-18 13:02:24] [DEBUG]    → ps -A failed, trying dumpsys...
[2025-11-18 13:02:24] [DEBUG]    → ps -A failed, trying dumpsys...
[2025-11-18 13:02:26] [DEBUG]    → dumpsys failed, trying pidof...
[2025-11-18 13:02:26] [DEBUG]    → dumpsys failed, trying pidof...
[2025-11-18 13:02:26] [DEBUG]    → dumpsys failed, trying pidof...
[2025-11-18 13:02:26] [DEBUG]    → dumpsys failed, trying pidof...
[2025-11-18 13:02:26] [DEBUG]    → dumpsys failed, trying pidof...
[2025-11-18 13:02:26] [DEBUG]    → dumpsys failed, trying pidof...
[2025-11-18 13:02:27] [DEBUG]    → dumpsys failed, trying pidof...
[2025-11-18 13:02:28] [DEBUG]    → Process not found (all 3 methods failed - CRASHED)
[2025-11-18 13:02:28] [WARNING] ⚠️  HP 1 - Main > Roblox Clone 6: CRASH detected
[2025-11-18 13:02:28] [WARNING]    Details: Process not found (confidence: 90%)
[2025-11-18 13:02:28] [DEBUG]    Detection method: process_check
[2025-11-18 13:02:28] [DEBUG]    → Process not found (all 3 methods failed - CRASHED)
[2025-11-18 13:02:28] [DEBUG]    → Process not found (all 3 methods failed - CRASHED)
[2025-11-18 13:02:28] [WARNING] ⚠️  HP 1 - Main > Roblox Clone 1: CRASH detected
[2025-11-18 13:02:28] [WARNING]    Details: Process not found (confidence: 90%)
[2025-11-18 13:02:28] [DEBUG]    → Process not found (all 3 methods failed - CRASHED)
[2025-11-18 13:02:28] [DEBUG]    Detection method: process_check
[2025-11-18 13:02:28] [WARNING] ⚠️  HP 1 - Main > Roblox Clone 7: CRASH detected
[2025-11-18 13:02:28] [WARNING]    Details: Process not found (confidence: 90%)
[2025-11-18 13:02:28] [DEBUG]    Detection method: process_check
[2025-11-18 13:02:28] [WARNING] ⚠️  HP 1 - Main > Roblox Clone 2: CRASH detected
[2025-11-18 13:02:28] [WARNING]    Details: Process not found (confidence: 90%)
[2025-11-18 13:02:28] [DEBUG]    Detection method: process_check
[2025-11-18 13:02:28] [DEBUG]    → Process not found (all 3 methods failed - CRASHED)
[2025-11-18 13:02:28] [DEBUG]    → Process not found (all 3 methods failed - CRASHED)
[2025-11-18 13:02:28] [WARNING] ⚠️  HP 1 - Main > Roblox Clone 3: CRASH detected
[2025-11-18 13:02:28] [WARNING]    Details: Process not found (confidence: 90%)
[2025-11-18 13:02:28] [DEBUG]    Detection method: process_check
[2025-11-18 13:02:28] [WARNING] ⚠️  HP 1 - Main > Roblox Clone 4: CRASH detected
[2025-11-18 13:02:28] [WARNING]    Details: Process not found (confidence: 90%)
[2025-11-18 13:02:28] [DEBUG]    Detection method: process_check
[2025-11-18 13:02:29] [DEBUG]    → Process not found (all 3 methods failed - CRASHED)
[2025-11-18 13:02:29] [WARNING] ⚠️  HP 1 - Main > Roblox Clone 5: CRASH detected
[2025-11-18 13:02:29] [WARNING]    Details: Process not found (confidence: 90%)
[2025-11-18 13:02:29] [DEBUG]    Detection method: process_check
[2025-11-18 13:02:29] [DEBUG]    → Roblox opened successfully
[2025-11-18 13:02:29] [SUCCESS] ✅ HP 1 - Main > Roblox Clone 6: Fixed in 1.2s
[2025-11-18 13:02:30] [DEBUG]    → Roblox opened successfully
[2025-11-18 13:02:30] [DEBUG]    → Roblox opened successfully
[2025-11-18 13:02:30] [SUCCESS] ✅ HP 1 - Main > Roblox Clone 2: Fixed in 1.5s
[2025-11-18 13:02:30] [SUCCESS] ✅ HP 1 - Main > Roblox Clone 7: Fixed in 1.5s
[2025-11-18 13:02:30] [DEBUG]    → Roblox opened successfully
[2025-11-18 13:02:30] [SUCCESS] ✅ HP 1 - Main > Roblox Clone 3: Fixed in 1.5s
[2025-11-18 13:02:30] [DEBUG]    → Roblox opened successfully
[2025-11-18 13:02:30] [SUCCESS] ✅ HP 1 - Main > Roblox Clone 1: Fixed in 1.6s
[2025-11-18 13:02:30] [DEBUG]    → Roblox opened successfully
[2025-11-18 13:02:30] [SUCCESS] ✅ HP 1 - Main > Roblox Clone 5: Fixed in 1.4s
[2025-11-18 13:02:30] [DEBUG]    → Roblox opened successfully
[2025-11-18 13:02:30] [SUCCESS] ✅ HP 1 - Main > Roblox Clone 4: Fixed in 1.7s
[2025-11-18 13:02:30] [INFO] 
────────────────────────────────────────────────────────────
[2025-11-18 13:02:30] [INFO] ✅ Cycle Complete (12.5s)
[2025-11-18 13:02:30] [INFO]    Healthy: 0
[2025-11-18 13:02:30] [SUCCESS]    Fixed: 7
[2025-11-18 13:02:30] [INFO]    Issues: 7 crash
[2025-11-18 13:02:30] [INFO] 
   Detection Details:
[2025-11-18 13:02:30] [INFO]       • HP 1 - Main > Roblox Clone 6: crash via process_check (90%)
[2025-11-18 13:02:30] [INFO]       • HP 1 - Main > Roblox Clone 2: crash via process_check (90%)
[2025-11-18 13:02:30] [INFO]       • HP 1 - Main > Roblox Clone 7: crash via process_check (90%)
[2025-11-18 13:02:30] [INFO]       • HP 1 - Main > Roblox Clone 3: crash via process_check (90%)
[2025-11-18 13:02:30] [INFO]       • HP 1 - Main > Roblox Clone 1: crash via process_check (90%)
[2025-11-18 13:02:30] [INFO] ────────────────────────────────────────────────────────────
[2025-11-18 13:02:30] [INFO] 
💤 Waiting 30s for next cycle...
[2025-11-18 13:03:00] [INFO] 
🔍 Starting check cycle for 7 clones...
[2025-11-18 13:03:00] [DEBUG]    → Checking for device hang...
[2025-11-18 13:03:00] [DEBUG]    → Checking for device hang...
[2025-11-18 13:03:00] [DEBUG]    → Checking for device hang...
[2025-11-18 13:03:00] [DEBUG]    → Checking for device hang...
[2025-11-18 13:03:00] [DEBUG]    → Checking for device hang...
[2025-11-18 13:03:00] [DEBUG]    → Checking for device hang...
[2025-11-18 13:03:00] [DEBUG]    → Checking for device hang...
[2025-11-18 13:03:06] [DEBUG]    → Device responding normally
[2025-11-18 13:03:06] [DEBUG]    → Device responding normally
[2025-11-18 13:03:06] [DEBUG]    → Device responding normally
[2025-11-18 13:03:06] [DEBUG]    → Health check: Roblox Clone 3
[2025-11-18 13:03:06] [DEBUG]    → Device responding normally
[2025-11-18 13:03:06] [DEBUG]    → Health check: Roblox Clone 7
[2025-11-18 13:03:06] [DEBUG]    → Health check: Roblox Clone 6
[2025-11-18 13:03:06] [DEBUG]    → Health check: Roblox Clone 5
[2025-11-18 13:03:06] [DEBUG]    → Device responding normally
[2025-11-18 13:03:06] [DEBUG]    → Device responding normally
[2025-11-18 13:03:06] [DEBUG]    → Health check: Roblox Clone 1
[2025-11-18 13:03:06] [DEBUG]    → Health check: Roblox Clone 4
[2025-11-18 13:03:06] [DEBUG]    → Device responding normally
[2025-11-18 13:03:06] [DEBUG]    → Health check: Roblox Clone 2
[2025-11-18 13:03:08] [DEBUG]    → ps -A failed, trying dumpsys...
[2025-11-18 13:03:09] [DEBUG]    → ps -A failed, trying dumpsys...
[2025-11-18 13:03:09] [DEBUG]    → ps -A failed, trying dumpsys...
[2025-11-18 13:03:09] [DEBUG]    → ps -A failed, trying dumpsys...
[2025-11-18 13:03:09] [DEBUG]    → ps -A failed, trying dumpsys...
[2025-11-18 13:03:09] [DEBUG]    → ps -A failed, trying dumpsys...
[2025-11-18 13:03:09] [DEBUG]    → ps -A failed, trying dumpsys...
[2025-11-18 13:03:11] [DEBUG]    → dumpsys failed, trying pidof...
[2025-11-18 13:03:11] [DEBUG]    → dumpsys failed, trying pidof...
[2025-11-18 13:03:13] [DEBUG]    → dumpsys failed, trying pidof...
[2025-11-18 13:03:13] [DEBUG]    → dumpsys failed, trying pidof...
[2025-11-18 13:03:13] [DEBUG]    → dumpsys failed, trying pidof...
[2025-11-18 13:03:13] [DEBUG]    → Process not found (all 3 methods failed - CRASHED)
[2025-11-18 13:03:13] [WARNING] ⚠️  HP 1 - Main > Roblox Clone 7: CRASH detected
[2025-11-18 13:03:13] [WARNING]    Details: Process not found (confidence: 90%)
[2025-11-18 13:03:13] [DEBUG]    Detection method: process_check
[2025-11-18 13:03:14] [DEBUG]    → dumpsys failed, trying pidof...
[2025-11-18 13:03:14] [DEBUG]    → dumpsys failed, trying pidof...
[2025-11-18 13:03:14] [DEBUG]    → Process not found (all 3 methods failed - CRASHED)
[2025-11-18 13:03:14] [WARNING] ⚠️  HP 1 - Main > Roblox Clone 2: CRASH detected
[2025-11-18 13:03:14] [WARNING]    Details: Process not found (confidence: 90%)
[2025-11-18 13:03:14] [DEBUG]    Detection method: process_check
[2025-11-18 13:03:15] [DEBUG]    → Roblox opened successfully
[2025-11-18 13:03:15] [SUCCESS] ✅ HP 1 - Main > Roblox Clone 7: Fixed in 2.2s
[2025-11-18 13:03:16] [DEBUG]    → Process not found (all 3 methods failed - CRASHED)
[2025-11-18 13:03:16] [WARNING] ⚠️  HP 1 - Main > Roblox Clone 4: CRASH detected
[2025-11-18 13:03:16] [WARNING]    Details: Process not found (confidence: 90%)
[2025-11-18 13:03:16] [DEBUG]    Detection method: process_check
[2025-11-18 13:03:16] [DEBUG]    → Process not found (all 3 methods failed - CRASHED)
[2025-11-18 13:03:16] [DEBUG]    → Process not found (all 3 methods failed - CRASHED)
[2025-11-18 13:03:16] [WARNING] ⚠️  HP 1 - Main > Roblox Clone 1: CRASH detected
[2025-11-18 13:03:16] [WARNING]    Details: Process not found (confidence: 90%)
[2025-11-18 13:03:16] [DEBUG]    Detection method: process_check
[2025-11-18 13:03:16] [WARNING] ⚠️  HP 1 - Main > Roblox Clone 3: CRASH detected
[2025-11-18 13:03:16] [WARNING]    Details: Process not found (confidence: 90%)
[2025-11-18 13:03:16] [DEBUG]    Detection method: process_check
[2025-11-18 13:03:17] [DEBUG]    → Process not found (all 3 methods failed - CRASHED)
[2025-11-18 13:03:17] [WARNING] ⚠️  HP 1 - Main > Roblox Clone 5: CRASH detected
[2025-11-18 13:03:17] [WARNING]    Details: Process not found (confidence: 90%)
[2025-11-18 13:03:17] [DEBUG]    Detection method: process_check
[2025-11-18 13:03:17] [DEBUG]    → Process not found (all 3 methods failed - CRASHED)
[2025-11-18 13:03:17] [WARNING] ⚠️  HP 1 - Main > Roblox Clone 6: CRASH detected
[2025-11-18 13:03:17] [WARNING]    Details: Process not found (confidence: 90%)
[2025-11-18 13:03:17] [DEBUG]    Detection method: process_check
[2025-11-18 13:03:17] [DEBUG]    → Roblox opened successfully
[2025-11-18 13:03:17] [SUCCESS] ✅ HP 1 - Main > Roblox Clone 2: Fixed in 2.9s
[2025-11-18 13:03:17] [DEBUG]    → Roblox opened successfully
[2025-11-18 13:03:17] [SUCCESS] ✅ HP 1 - Main > Roblox Clone 4: Fixed in 1.9s
[2025-11-18 13:03:18] [DEBUG]    → Roblox opened successfully
[2025-11-18 13:03:18] [DEBUG]    → Roblox opened successfully
[2025-11-18 13:03:18] [SUCCESS] ✅ HP 1 - Main > Roblox Clone 3: Fixed in 2.3s
[2025-11-18 13:03:18] [SUCCESS] ✅ HP 1 - Main > Roblox Clone 1: Fixed in 2.3s
[2025-11-18 13:03:18] [DEBUG]    → Roblox opened successfully
[2025-11-18 13:03:18] [SUCCESS] ✅ HP 1 - Main > Roblox Clone 6: Fixed in 1.6s
[2025-11-18 13:03:19] [DEBUG]    → Roblox opened successfully
[2025-11-18 13:03:19] [SUCCESS] ✅ HP 1 - Main > Roblox Clone 5: Fixed in 2.2s
[2025-11-18 13:03:19] [INFO] 
────────────────────────────────────────────────────────────
[2025-11-18 13:03:19] [INFO] ✅ Cycle Complete (18.7s)
[2025-11-18 13:03:19] [INFO]    Healthy: 0
[2025-11-18 13:03:19] [SUCCESS]    Fixed: 7
[2025-11-18 13:03:19] [INFO]    Issues: 7 crash
[2025-11-18 13:03:19] [INFO] 
   Detection Details:
[2025-11-18 13:03:19] [INFO]       • HP 1 - Main > Roblox Clone 7: crash via process_check (90%)
[2025-11-18 13:03:19] [INFO]       • HP 1 - Main > Roblox Clone 2: crash via process_check (90%)
[2025-11-18 13:03:19] [INFO]       • HP 1 - Main > Roblox Clone 4: crash via process_check (90%)
[2025-11-18 13:03:19] [INFO]       • HP 1 - Main > Roblox Clone 3: crash via process_check (90%)
[2025-11-18 13:03:19] [INFO]       • HP 1 - Main > Roblox Clone 1: crash via process_check (90%)
[2025-11-18 13:03:19] [INFO] ────────────────────────────────────────────────────────────
[2025-11-18 13:03:19] [INFO] 
💤 Waiting 30s for next cycle...
[2025-11-18 13:03:49] [INFO] 
🔍 Starting check cycle for 7 clones...
[2025-11-18 13:03:49] [DEBUG]    → Checking for device hang...
[2025-11-18 13:03:49] [DEBUG]    → Checking for device hang...
[2025-11-18 13:03:49] [DEBUG]    → Checking for device hang...
[2025-11-18 13:03:49] [DEBUG]    → Checking for device hang...
[2025-11-18 13:03:49] [DEBUG]    → Checking for device hang...
[2025-11-18 13:03:49] [DEBUG]    → Checking for device hang...
[2025-11-18 13:03:49] [DEBUG]    → Checking for device hang...
[2025-11-18 13:03:53] [DEBUG]    → Device responding normally
[2025-11-18 13:03:53] [DEBUG]    → Health check: Roblox Clone 7
[2025-11-18 13:03:53] [DEBUG]    → Device responding normally
[2025-11-18 13:03:53] [DEBUG]    → Health check: Roblox Clone 6
[2025-11-18 13:03:54] [DEBUG]    → Device responding normally
[2025-11-18 13:03:54] [DEBUG]    → Health check: Roblox Clone 5
[2025-11-18 13:03:54] [DEBUG]    → Device responding normally
[2025-11-18 13:03:54] [DEBUG]    → Health check: Roblox Clone 1
[2025-11-18 13:03:54] [DEBUG]    → Device responding normally
[2025-11-18 13:03:54] [DEBUG]    → Health check: Roblox Clone 4
[2025-11-18 13:03:54] [DEBUG]    → Device responding normally
[2025-11-18 13:03:54] [DEBUG]    → Health check: Roblox Clone 2
[2025-11-18 13:03:54] [DEBUG]    → Device responding normally
[2025-11-18 13:03:54] [DEBUG]    → Health check: Roblox Clone 3
[2025-11-18 13:03:56] [DEBUG]    → ps -A failed, trying dumpsys...
[2025-11-18 13:03:56] [DEBUG]    → ps -A failed, trying dumpsys...
[2025-11-18 13:03:56] [DEBUG]    → ps -A failed, trying dumpsys...
[2025-11-18 13:03:56] [DEBUG]    → ps -A failed, trying dumpsys...
[2025-11-18 13:03:57] [DEBUG]    → ps -A failed, trying dumpsys...
[2025-11-18 13:03:57] [DEBUG]    → ps -A failed, trying dumpsys...
[2025-11-18 13:03:57] [DEBUG]    → ps -A failed, trying dumpsys...
[2025-11-18 13:04:01] [DEBUG]    → dumpsys failed, trying pidof...
[2025-11-18 13:04:01] [DEBUG]    → dumpsys failed, trying pidof...
[2025-11-18 13:04:01] [DEBUG]    → dumpsys failed, trying pidof...
[2025-11-18 13:04:02] [DEBUG]    → dumpsys failed, trying pidof...
[2025-11-18 13:04:02] [DEBUG]    → dumpsys failed, trying pidof...
[2025-11-18 13:04:02] [DEBUG]    → dumpsys failed, trying pidof...
[2025-11-18 13:04:02] [DEBUG]    → dumpsys failed, trying pidof...
[2025-11-18 13:04:07] [DEBUG]    → Process not found (all 3 methods failed - CRASHED)
[2025-11-18 13:04:07] [WARNING] ⚠️  HP 1 - Main > Roblox Clone 7: CRASH detected
[2025-11-18 13:04:07] [WARNING]    Details: Process not found (confidence: 90%)
[2025-11-18 13:04:07] [DEBUG]    Detection method: process_check
[2025-11-18 13:04:07] [DEBUG]    → Process not found (all 3 methods failed - CRASHED)
[2025-11-18 13:04:07] [WARNING] ⚠️  HP 1 - Main > Roblox Clone 1: CRASH detected
[2025-11-18 13:04:07] [WARNING]    Details: Process not found (confidence: 90%)
[2025-11-18 13:04:07] [DEBUG]    Detection method: process_check
[2025-11-18 13:04:08] [DEBUG]    → Process not found (all 3 methods failed - CRASHED)
[2025-11-18 13:04:08] [WARNING] ⚠️  HP 1 - Main > Roblox Clone 2: CRASH detected
[2025-11-18 13:04:08] [WARNING]    Details: Process not found (confidence: 90%)
[2025-11-18 13:04:08] [DEBUG]    Detection method: process_check
[2025-11-18 13:04:08] [DEBUG]    → Process not found (all 3 methods failed - CRASHED)
[2025-11-18 13:04:08] [WARNING] ⚠️  HP 1 - Main > Roblox Clone 6: CRASH detected
[2025-11-18 13:04:08] [WARNING]    Details: Process not found (confidence: 90%)
[2025-11-18 13:04:08] [DEBUG]    Detection method: process_check
[2025-11-18 13:04:08] [DEBUG]    → Process not found (all 3 methods failed - CRASHED)
[2025-11-18 13:04:08] [WARNING] ⚠️  HP 1 - Main > Roblox Clone 5: CRASH detected
[2025-11-18 13:04:08] [WARNING]    Details: Process not found (confidence: 90%)
[2025-11-18 13:04:08] [DEBUG]    Detection method: process_check
[2025-11-18 13:04:08] [DEBUG]    → Process not found (all 3 methods failed - CRASHED)
[2025-11-18 13:04:08] [WARNING] ⚠️  HP 1 - Main > Roblox Clone 3: CRASH detected
[2025-11-18 13:04:08] [WARNING]    Details: Process not found (confidence: 90%)
[2025-11-18 13:04:08] [DEBUG]    Detection method: process_check
[2025-11-18 13:04:08] [DEBUG]    → Process not found (all 3 methods failed - CRASHED)
[2025-11-18 13:04:08] [WARNING] ⚠️  HP 1 - Main > Roblox Clone 4: CRASH detected
[2025-11-18 13:04:08] [WARNING]    Details: Process not found (confidence: 90%)
[2025-11-18 13:04:08] [DEBUG]    Detection method: process_check
[2025-11-18 13:04:13] [ERROR] ❌ HP 1 - Main > Roblox Clone 7: Fix failed - Unknown error
[2025-11-18 13:04:14] [ERROR] ❌ HP 1 - Main > Roblox Clone 1: Fix failed - Unknown error
[2025-11-18 13:04:14] [ERROR] ❌ HP 1 - Main > Roblox Clone 2: Fix failed - Unknown error
[2025-11-18 13:04:14] [ERROR] ❌ HP 1 - Main > Roblox Clone 6: Fix failed - Unknown error
[2025-11-18 13:04:14] [ERROR] ❌ HP 1 - Main > Roblox Clone 5: Fix failed - Unknown error
[2025-11-18 13:04:15] [ERROR] ❌ HP 1 - Main > Roblox Clone 4: Fix failed - Unknown error
[2025-11-18 13:04:15] [ERROR] ❌ HP 1 - Main > Roblox Clone 3: Fix failed - Unknown error
[2025-11-18 13:04:15] [INFO] 
────────────────────────────────────────────────────────────
[2025-11-18 13:04:15] [INFO] ✅ Cycle Complete (26.4s)
[2025-11-18 13:04:15] [INFO]    Healthy: 0
[2025-11-18 13:04:15] [WARNING]    ⚠️  Failed to fix: 7
[2025-11-18 13:04:15] [INFO] ────────────────────────────────────────────────────────────
[2025-11-18 13:04:15] [INFO] 
💤 Waiting 30s for next cycle...
[2025-11-18 13:04:45] [INFO] 
🔍 Starting check cycle for 7 clones...
[2025-11-18 13:04:45] [DEBUG]    → Checking for device hang...
[2025-11-18 13:04:45] [DEBUG]    → Checking for device hang...
[2025-11-18 13:04:45] [DEBUG]    → Checking for device hang...
[2025-11-18 13:04:45] [DEBUG]    → Checking for device hang...
[2025-11-18 13:04:45] [DEBUG]    → Checking for device hang...
[2025-11-18 13:04:45] [DEBUG]    → Checking for device hang...
[2025-11-18 13:04:45] [DEBUG]    → Checking for device hang...
[2025-11-18 13:04:52] [DEBUG]    → Device responding normally
[2025-11-18 13:04:52] [DEBUG]    → Health check: Roblox Clone 7
[2025-11-18 13:04:53] [DEBUG]    → Device responding normally
[2025-11-18 13:04:53] [DEBUG]    → Device responding normally
[2025-11-18 13:04:53] [DEBUG]    → Health check: Roblox Clone 6
[2025-11-18 13:04:53] [DEBUG]    → Device responding normally
[2025-11-18 13:04:53] [DEBUG]    → Health check: Roblox Clone 1
[2025-11-18 13:04:53] [DEBUG]    → Health check: Roblox Clone 5
[2025-11-18 13:04:53] [DEBUG]    → Device responding normally
[2025-11-18 13:04:53] [DEBUG]    → Health check: Roblox Clone 2
[2025-11-18 13:04:53] [DEBUG]    → Device responding normally
[2025-11-18 13:04:53] [DEBUG]    → Health check: Roblox Clone 4
[2025-11-18 13:04:53] [DEBUG]    → Device responding normally
[2025-11-18 13:04:53] [DEBUG]    → Health check: Roblox Clone 3
[2025-11-18 13:04:56] [DEBUG]    → ps -A failed, trying dumpsys...
[2025-11-18 13:04:57] [DEBUG]    → ps -A failed, trying dumpsys...
[2025-11-18 13:04:58] [DEBUG]    → ps -A failed, trying dumpsys...
[2025-11-18 13:04:58] [DEBUG]    → ps -A failed, trying dumpsys...
[2025-11-18 13:04:58] [DEBUG]    → ps -A failed, trying dumpsys...
[2025-11-18 13:04:58] [DEBUG]    → ps -A failed, trying dumpsys...
[2025-11-18 13:04:59] [DEBUG]    → ps -A failed, trying dumpsys...
[2025-11-18 13:05:01] [DEBUG]    → dumpsys failed, trying pidof...
[2025-11-18 13:05:02] [DEBUG]    → dumpsys failed, trying pidof...
[2025-11-18 13:05:03] [DEBUG]    → dumpsys failed, trying pidof...
[2025-11-18 13:05:03] [DEBUG]    → dumpsys failed, trying pidof...
[2025-11-18 13:05:04] [DEBUG]    → Process not found (all 3 methods failed - CRASHED)
[2025-11-18 13:05:04] [WARNING] ⚠️  HP 1 - Main > Roblox Clone 7: CRASH detected
[2025-11-18 13:05:04] [WARNING]    Details: Process not found (confidence: 90%)
[2025-11-18 13:05:04] [DEBUG]    Detection method: process_check
[2025-11-18 13:05:05] [DEBUG]    → dumpsys failed, trying pidof...
[2025-11-18 13:05:05] [DEBUG]    → dumpsys failed, trying pidof...
[2025-11-18 13:05:05] [DEBUG]    → dumpsys failed, trying pidof...
[2025-11-18 13:05:06] [DEBUG]    → Process not found (all 3 methods failed - CRASHED)
[2025-11-18 13:05:06] [WARNING] ⚠️  HP 1 - Main > Roblox Clone 4: CRASH detected
[2025-11-18 13:05:06] [WARNING]    Details: Process not found (confidence: 90%)
[2025-11-18 13:05:06] [DEBUG]    Detection method: process_check
[2025-11-18 13:05:07] [DEBUG]    → Process not found (all 3 methods failed - CRASHED)
[2025-11-18 13:05:07] [WARNING] ⚠️  HP 1 - Main > Roblox Clone 6: CRASH detected
[2025-11-18 13:05:07] [WARNING]    Details: Process not found (confidence: 90%)
[2025-11-18 13:05:07] [DEBUG]    Detection method: process_check
[2025-11-18 13:05:07] [DEBUG]    → Roblox opened successfully
[2025-11-18 13:05:07] [SUCCESS] ✅ HP 1 - Main > Roblox Clone 7: Fixed in 3.1s
[2025-11-18 13:05:08] [DEBUG]    → Process not found (all 3 methods failed - CRASHED)
[2025-11-18 13:05:08] [WARNING] ⚠️  HP 1 - Main > Roblox Clone 1: CRASH detected
[2025-11-18 13:05:08] [WARNING]    Details: Process not found (confidence: 90%)
[2025-11-18 13:05:08] [DEBUG]    Detection method: process_check
[2025-11-18 13:05:09] [DEBUG]    → Process not found (all 3 methods failed - CRASHED)
[2025-11-18 13:05:09] [WARNING] ⚠️  HP 1 - Main > Roblox Clone 3: CRASH detected
[2025-11-18 13:05:09] [WARNING]    Details: Process not found (confidence: 90%)
[2025-11-18 13:05:09] [DEBUG]    Detection method: process_check
[2025-11-18 13:05:09] [DEBUG]    → Roblox opened successfully
[2025-11-18 13:05:09] [SUCCESS] ✅ HP 1 - Main > Roblox Clone 4: Fixed in 3.1s
[2025-11-18 13:05:09] [DEBUG]    → Process not found (all 3 methods failed - CRASHED)
[2025-11-18 13:05:09] [WARNING] ⚠️  HP 1 - Main > Roblox Clone 2: CRASH detected
[2025-11-18 13:05:09] [WARNING]    Details: Process not found (confidence: 90%)
[2025-11-18 13:05:09] [DEBUG]    Detection method: process_check
[2025-11-18 13:05:09] [DEBUG]    → Roblox opened successfully
[2025-11-18 13:05:09] [SUCCESS] ✅ HP 1 - Main > Roblox Clone 6: Fixed in 2.9s
[2025-11-18 13:05:10] [DEBUG]    → Roblox opened successfully
[2025-11-18 13:05:10] [SUCCESS] ✅ HP 1 - Main > Roblox Clone 1: Fixed in 2.0s
[2025-11-18 13:05:10] [DEBUG]    → Process not found (all 3 methods failed - CRASHED)
[2025-11-18 13:05:10] [WARNING] ⚠️  HP 1 - Main > Roblox Clone 5: CRASH detected
[2025-11-18 13:05:10] [WARNING]    Details: Process not found (confidence: 90%)
[2025-11-18 13:05:10] [DEBUG]    Detection method: process_check
[2025-11-18 13:05:11] [DEBUG]    → Roblox opened successfully
[2025-11-18 13:05:11] [SUCCESS] ✅ HP 1 - Main > Roblox Clone 3: Fixed in 1.9s
[2025-11-18 13:05:12] [DEBUG]    → Roblox opened successfully
[2025-11-18 13:05:12] [SUCCESS] ✅ HP 1 - Main > Roblox Clone 2: Fixed in 2.6s
[2025-11-18 13:05:12] [DEBUG]    → Roblox opened successfully
[2025-11-18 13:05:12] [SUCCESS] ✅ HP 1 - Main > Roblox Clone 5: Fixed in 1.9s
[2025-11-18 13:05:12] [INFO] 
────────────────────────────────────────────────────────────
[2025-11-18 13:05:12] [INFO] ✅ Cycle Complete (26.4s)
[2025-11-18 13:05:12] [INFO]    Healthy: 0
[2025-11-18 13:05:12] [SUCCESS]    Fixed: 7
[2025-11-18 13:05:12] [INFO]    Issues: 7 crash
[2025-11-18 13:05:12] [INFO] 
   Detection Details:
[2025-11-18 13:05:12] [INFO]       • HP 1 - Main > Roblox Clone 7: crash via process_check (90%)
[2025-11-18 13:05:12] [INFO]       • HP 1 - Main > Roblox Clone 4: crash via process_check (90%)
[2025-11-18 13:05:12] [INFO]       • HP 1 - Main > Roblox Clone 6: crash via process_check (90%)
[2025-11-18 13:05:12] [INFO]       • HP 1 - Main > Roblox Clone 1: crash via process_check (90%)
[2025-11-18 13:05:12] [INFO]       • HP 1 - Main > Roblox Clone 3: crash via process_check (90%)
[2025-11-18 13:05:12] [INFO] ────────────────────────────────────────────────────────────
[2025-11-18 13:05:12] [INFO] 
💤 Waiting 30s for next cycle...
[2025-11-18 13:05:42] [INFO] 
🔍 Starting check cycle for 7 clones...
[2025-11-18 13:05:42] [DEBUG]    → Checking for device hang...
[2025-11-18 13:05:42] [DEBUG]    → Checking for device hang...
[2025-11-18 13:05:42] [DEBUG]    → Checking for device hang...
[2025-11-18 13:05:42] [DEBUG]    → Checking for device hang...
[2025-11-18 13:05:42] [DEBUG]    → Checking for device hang...
[2025-11-18 13:05:42] [DEBUG]    → Checking for device hang...
[2025-11-18 13:05:42] [DEBUG]    → Checking for device hang...
[2025-11-18 13:05:50] [DEBUG]    → Device responding normally
[2025-11-18 13:05:50] [DEBUG]    → Health check: Roblox Clone 3
[2025-11-18 13:05:50] [DEBUG]    → Device responding normally
[2025-11-18 13:05:50] [DEBUG]    → Health check: Roblox Clone 5
[2025-11-18 13:05:50] [DEBUG]    → Device responding normally
[2025-11-18 13:05:50] [DEBUG]    → Health check: Roblox Clone 1
[2025-11-18 13:05:50] [DEBUG]    → Device responding normally
[2025-11-18 13:05:50] [DEBUG]    → Health check: Roblox Clone 4
[2025-11-18 13:05:50] [DEBUG]    → Device responding normally
[2025-11-18 13:05:50] [DEBUG]    → Health check: Roblox Clone 2
[2025-11-18 13:05:50] [DEBUG]    → Device responding normally
[2025-11-18 13:05:50] [DEBUG]    → Health check: Roblox Clone 7
[2025-11-18 13:05:50] [DEBUG]    → Device responding normally
[2025-11-18 13:05:50] [DEBUG]    → Health check: Roblox Clone 6
[2025-11-18 13:05:54] [DEBUG]    → ps -A failed, trying dumpsys...
[2025-11-18 13:05:55] [DEBUG]    → ps -A failed, trying dumpsys...
[2025-11-18 13:05:55] [DEBUG]    → ps -A failed, trying dumpsys...
[2025-11-18 13:05:55] [DEBUG]    → ps -A failed, trying dumpsys...
[2025-11-18 13:05:56] [DEBUG]    → ps -A failed, trying dumpsys...
[2025-11-18 13:05:56] [WARNING] ⚠️  HP 1 - Main > Roblox Clone 1: CRASH detected
[2025-11-18 13:05:56] [WARNING]    Details: API check failed (confidence: 50%)
[2025-11-18 13:05:56] [DEBUG]    Detection method: api_check
[2025-11-18 13:05:57] [WARNING] ⚠️  HP 1 - Main > Roblox Clone 7: CRASH detected
[2025-11-18 13:05:57] [WARNING]    Details: API check failed (confidence: 50%)
[2025-11-18 13:05:57] [DEBUG]    Detection method: api_check
[2025-11-18 13:06:00] [DEBUG]    → dumpsys failed, trying pidof...
[2025-11-18 13:06:01] [DEBUG]    → dumpsys failed, trying pidof...
[2025-11-18 13:06:01] [DEBUG]    → dumpsys failed, trying pidof...
[2025-11-18 13:06:01] [DEBUG]    → dumpsys failed, trying pidof...
[2025-11-18 13:06:02] [DEBUG]    → Roblox opened successfully
[2025-11-18 13:06:02] [SUCCESS] ✅ HP 1 - Main > Roblox Clone 1: Fixed in 5.7s
[2025-11-18 13:06:02] [DEBUG]    → dumpsys failed, trying pidof...
[2025-11-18 13:06:03] [ERROR] ❌ HP 1 - Main > Roblox Clone 7: Fix failed - Unknown error
[2025-11-18 13:06:07] [DEBUG]    → Process not found (all 3 methods failed - CRASHED)
[2025-11-18 13:06:07] [WARNING] ⚠️  HP 1 - Main > Roblox Clone 5: CRASH detected
[2025-11-18 13:06:07] [WARNING]    Details: Process not found (confidence: 90%)
[2025-11-18 13:06:07] [DEBUG]    Detection method: process_check
[2025-11-18 13:06:07] [DEBUG]    → Process not found (all 3 methods failed - CRASHED)
[2025-11-18 13:06:07] [WARNING] ⚠️  HP 1 - Main > Roblox Clone 6: CRASH detected
[2025-11-18 13:06:07] [WARNING]    Details: Process not found (confidence: 90%)
[2025-11-18 13:06:07] [DEBUG]    Detection method: process_check
[2025-11-18 13:06:07] [DEBUG]    → Process not found (all 3 methods failed - CRASHED)
[2025-11-18 13:06:07] [WARNING] ⚠️  HP 1 - Main > Roblox Clone 3: CRASH detected
[2025-11-18 13:06:07] [WARNING]    Details: Process not found (confidence: 90%)
[2025-11-18 13:06:07] [DEBUG]    Detection method: process_check
[2025-11-18 13:06:08] [DEBUG]    → Process not found (all 3 methods failed - CRASHED)
[2025-11-18 13:06:08] [WARNING] ⚠️  HP 1 - Main > Roblox Clone 2: CRASH detected
[2025-11-18 13:06:08] [WARNING]    Details: Process not found (confidence: 90%)
[2025-11-18 13:06:08] [DEBUG]    Detection method: process_check
[2025-11-18 13:06:08] [DEBUG]    → Process not found (all 3 methods failed - CRASHED)
[2025-11-18 13:06:08] [WARNING] ⚠️  HP 1 - Main > Roblox Clone 4: CRASH detected
[2025-11-18 13:06:08] [WARNING]    Details: Process not found (confidence: 90%)
[2025-11-18 13:06:08] [DEBUG]    Detection method: process_check
[2025-11-18 13:06:11] [DEBUG]    → Roblox opened successfully
[2025-11-18 13:06:11] [SUCCESS] ✅ HP 1 - Main > Roblox Clone 5: Fixed in 4.0s
[2025-11-18 13:06:12] [DEBUG]    → Roblox opened successfully
[2025-11-18 13:06:12] [SUCCESS] ✅ HP 1 - Main > Roblox Clone 3: Fixed in 4.8s
[2025-11-18 13:06:13] [DEBUG]    → Roblox opened successfully
[2025-11-18 13:06:13] [SUCCESS] ✅ HP 1 - Main > Roblox Clone 6: Fixed in 5.4s
[2025-11-18 13:06:13] [DEBUG]    → Roblox opened successfully
[2025-11-18 13:06:13] [SUCCESS] ✅ HP 1 - Main > Roblox Clone 2: Fixed in 5.3s
[2025-11-18 13:06:13] [DEBUG]    → Roblox opened successfully
[2025-11-18 13:06:13] [SUCCESS] ✅ HP 1 - Main > Roblox Clone 4: Fixed in 5.7s
[2025-11-18 13:06:13] [INFO] 
────────────────────────────────────────────────────────────
[2025-11-18 13:06:13] [INFO] ✅ Cycle Complete (31.8s)
[2025-11-18 13:06:13] [INFO]    Healthy: 0
[2025-11-18 13:06:13] [SUCCESS]    Fixed: 6
[2025-11-18 13:06:13] [INFO]    Issues: 6 crash
[2025-11-18 13:06:13] [INFO] 
   Detection Details:
[2025-11-18 13:06:13] [INFO]       • HP 1 - Main > Roblox Clone 1: crash via api_check (50%)
[2025-11-18 13:06:13] [INFO]       • HP 1 - Main > Roblox Clone 5: crash via process_check (90%)
[2025-11-18 13:06:13] [INFO]       • HP 1 - Main > Roblox Clone 3: crash via process_check (90%)
[2025-11-18 13:06:13] [INFO]       • HP 1 - Main > Roblox Clone 6: crash via process_check (90%)
[2025-11-18 13:06:13] [INFO]       • HP 1 - Main > Roblox Clone 2: crash via process_check (90%)
[2025-11-18 13:06:14] [WARNING]    ⚠️  Failed to fix: 1
[2025-11-18 13:06:14] [INFO] ────────────────────────────────────────────────────────────
[2025-11-18 13:06:14] [INFO] 
💤 Waiting 30s for next cycle...
[2025-11-18 13:06:44] [INFO] 
🔍 Starting check cycle for 7 clones...
[2025-11-18 13:06:44] [DEBUG]    → Checking for device hang...
[2025-11-18 13:06:44] [DEBUG]    → Checking for device hang...
[2025-11-18 13:06:44] [DEBUG]    → Checking for device hang...
[2025-11-18 13:06:44] [DEBUG]    → Checking for device hang...
[2025-11-18 13:06:44] [DEBUG]    → Checking for device hang...
[2025-11-18 13:06:44] [DEBUG]    → Checking for device hang...
[2025-11-18 13:06:44] [DEBUG]    → Checking for device hang...
[2025-11-18 13:06:54] [DEBUG]    → Device responding normally
[2025-11-18 13:06:54] [DEBUG]    → Health check: Roblox Clone 6
[2025-11-18 13:06:54] [DEBUG]    → Device responding normally
[2025-11-18 13:06:54] [DEBUG]    → Device responding normally
[2025-11-18 13:06:54] [DEBUG]    → Device responding normally
[2025-11-18 13:06:54] [DEBUG]    → Health check: Roblox Clone 3
[2025-11-18 13:06:54] [DEBUG]    → Health check: Roblox Clone 5
[2025-11-18 13:06:54] [DEBUG]    → Health check: Roblox Clone 2
[2025-11-18 13:06:54] [DEBUG]    → Device responding normally
[2025-11-18 13:06:54] [DEBUG]    → Health check: Roblox Clone 1
[2025-11-18 13:06:54] [DEBUG]    → Device responding normally
[2025-11-18 13:06:54] [DEBUG]    → Health check: Roblox Clone 4
[2025-11-18 13:06:54] [DEBUG]    → Device responding normally
[2025-11-18 13:06:54] [DEBUG]    → Health check: Roblox Clone 7
[2025-11-18 13:06:58] [DEBUG]    → ps -A failed, trying dumpsys...
[2025-11-18 13:06:58] [DEBUG]    → ps -A failed, trying dumpsys...
[2025-11-18 13:06:59] [DEBUG]    → ps -A failed, trying dumpsys...
[2025-11-18 13:06:59] [DEBUG]    → ps -A failed, trying dumpsys...
[2025-11-18 13:07:00] [DEBUG]    → ps -A failed, trying dumpsys...
[2025-11-18 13:07:00] [DEBUG]    → ps -A failed, trying dumpsys...
[2025-11-18 13:07:00] [DEBUG]    → ps -A failed, trying dumpsys...
[2025-11-18 13:07:01] [DEBUG]    → dumpsys failed, trying pidof...
[2025-11-18 13:07:04] [DEBUG]    → dumpsys failed, trying pidof...
[2025-11-18 13:07:05] [DEBUG]    → dumpsys failed, trying pidof...
[2025-11-18 13:07:05] [DEBUG]    → dumpsys failed, trying pidof...
[2025-11-18 13:07:05] [DEBUG]    → dumpsys failed, trying pidof...
[2025-11-18 13:07:05] [DEBUG]    → dumpsys failed, trying pidof...
[2025-11-18 13:07:05] [DEBUG]    → dumpsys failed, trying pidof...
[2025-11-18 13:07:06] [DEBUG]    → Process not found (all 3 methods failed - CRASHED)
[2025-11-18 13:07:06] [WARNING] ⚠️  HP 1 - Main > Roblox Clone 4: CRASH detected
[2025-11-18 13:07:06] [WARNING]    Details: Process not found (confidence: 90%)
[2025-11-18 13:07:06] [DEBUG]    Detection method: process_check
[2025-11-18 13:07:09] [DEBUG]    → Process not found (all 3 methods failed - CRASHED)
[2025-11-18 13:07:09] [DEBUG]    → Process not found (all 3 methods failed - CRASHED)
[2025-11-18 13:07:09] [WARNING] ⚠️  HP 1 - Main > Roblox Clone 1: CRASH detected
[2025-11-18 13:07:09] [WARNING]    Details: Process not found (confidence: 90%)
[2025-11-18 13:07:09] [DEBUG]    Detection method: process_check
[2025-11-18 13:07:09] [WARNING] ⚠️  HP 1 - Main > Roblox Clone 5: CRASH detected
[2025-11-18 13:07:09] [WARNING]    Details: Process not found (confidence: 90%)
[2025-11-18 13:07:09] [DEBUG]    Detection method: process_check
[2025-11-18 13:07:09] [DEBUG]    → Process not found (all 3 methods failed - CRASHED)
[2025-11-18 13:07:09] [WARNING] ⚠️  HP 1 - Main > Roblox Clone 3: CRASH detected
[2025-11-18 13:07:09] [WARNING]    Details: Process not found (confidence: 90%)
[2025-11-18 13:07:09] [DEBUG]    Detection method: process_check
[2025-11-18 13:07:10] [DEBUG]    → Process not found (all 3 methods failed - CRASHED)
[2025-11-18 13:07:10] [WARNING] ⚠️  HP 1 - Main > Roblox Clone 7: CRASH detected
[2025-11-18 13:07:10] [WARNING]    Details: Process not found (confidence: 90%)
[2025-11-18 13:07:10] [DEBUG]    Detection method: process_check
[2025-11-18 13:07:10] [DEBUG]    → Process not found (all 3 methods failed - CRASHED)
[2025-11-18 13:07:10] [DEBUG]    → Process not found (all 3 methods failed - CRASHED)
[2025-11-18 13:07:10] [WARNING] ⚠️  HP 1 - Main > Roblox Clone 6: CRASH detected
[2025-11-18 13:07:10] [WARNING]    Details: Process not found (confidence: 90%)
[2025-11-18 13:07:10] [DEBUG]    Detection method: process_check
[2025-11-18 13:07:10] [WARNING] ⚠️  HP 1 - Main > Roblox Clone 2: CRASH detected
[2025-11-18 13:07:10] [WARNING]    Details: Process not found (confidence: 90%)
[2025-11-18 13:07:10] [DEBUG]    Detection method: process_check
[2025-11-18 13:07:10] [DEBUG]    → Roblox opened successfully
[2025-11-18 13:07:10] [SUCCESS] ✅ HP 1 - Main > Roblox Clone 4: Fixed in 4.4s
[2025-11-18 13:07:10] [INFO] Received termination signal
[2025-11-18 13:07:14] [DEBUG]    → Roblox opened successfully
[2025-11-18 13:07:14] [SUCCESS] ✅ HP 1 - Main > Roblox Clone 1: Fixed in 5.1s
[2025-11-18 13:07:15] [DEBUG]    → Roblox opened successfully
[2025-11-18 13:07:15] [SUCCESS] ✅ HP 1 - Main > Roblox Clone 6: Fixed in 5.0s
[2025-11-18 13:07:15] [DEBUG]    → Roblox opened successfully
[2025-11-18 13:07:15] [SUCCESS] ✅ HP 1 - Main > Roblox Clone 5: Fixed in 5.6s
[2025-11-18 13:07:15] [DEBUG]    → Roblox opened successfully
[2025-11-18 13:07:15] [SUCCESS] ✅ HP 1 - Main > Roblox Clone 3: Fixed in 5.6s
[2025-11-18 13:07:15] [DEBUG]    → Roblox opened successfully
[2025-11-18 13:07:15] [SUCCESS] ✅ HP 1 - Main > Roblox Clone 7: Fixed in 5.6s
[2025-11-18 13:07:15] [DEBUG]    → Roblox opened successfully
[2025-11-18 13:07:15] [SUCCESS] ✅ HP 1 - Main > Roblox Clone 2: Fixed in 5.5s
[2025-11-18 13:19:25] [SUCCESS] ✅ Configuration loaded successfully
[2025-11-18 13:19:25] [DEBUG] ✅ Database tables created/verified
[2025-11-18 13:19:25] [INFO] ✅ Database enabled: vsphone_monitor.db
[2025-11-18 13:19:26] [INFO] 🌐 Starting web dashboard on http://localhost:5000
[2025-11-18 13:19:26] [SUCCESS] ✅ Web dashboard started
[2025-11-18 13:19:28] [INFO] ============================================================
[2025-11-18 13:19:28] [INFO] 🚀 VSPhone Monitor v5.0.0 FINAL Started
[2025-11-18 13:19:28] [INFO] 📊 Total Clones: 7
[2025-11-18 13:19:28] [INFO] 👤 Accounts: 1
[2025-11-18 13:19:28] [INFO] 📱 Instances: 1
[2025-11-18 13:19:28] [INFO] ⏱️  Check Interval: 30s
[2025-11-18 13:19:28] [INFO] ⚡ Parallel Workers: 10
[2025-11-18 13:19:28] [INFO] 💾 Database: ✅ Enabled
[2025-11-18 13:19:28] [INFO] 🔥 Enhanced Detection: ✅ 4-Method Approach
[2025-11-18 13:19:28] [INFO] ============================================================
[2025-11-18 13:19:28] [INFO] 
🔍 Starting check cycle for 7 clones...
[2025-11-18 13:19:28] [DEBUG]    → Checking for device hang...
[2025-11-18 13:19:28] [DEBUG]    → Checking for device hang...
[2025-11-18 13:19:28] [DEBUG]    → Checking for device hang...
[2025-11-18 13:19:28] [DEBUG]    → Checking for device hang...
[2025-11-18 13:19:28] [DEBUG]    → Checking for device hang...
[2025-11-18 13:19:28] [DEBUG]    → Checking for device hang...
[2025-11-18 13:19:28] [DEBUG]    → Checking for device hang...
[2025-11-18 13:19:33] [DEBUG]    → Device responding normally
[2025-11-18 13:19:33] [DEBUG]    → Health check: Roblox Clone 5
[2025-11-18 13:19:33] [DEBUG]    → Device responding normally
[2025-11-18 13:19:33] [DEBUG]    → Health check: Roblox Clone 3
[2025-11-18 13:19:33] [DEBUG]    → Device responding normally
[2025-11-18 13:19:33] [DEBUG]    → Health check: Roblox Clone 1
[2025-11-18 13:19:33] [DEBUG]    → Device responding normally
[2025-11-18 13:19:33] [DEBUG]    → Health check: Roblox Clone 6
[2025-11-18 13:19:33] [DEBUG]    → Device responding normally
[2025-11-18 13:19:33] [DEBUG]    → Health check: Roblox Clone 7
[2025-11-18 13:19:33] [DEBUG]    → Device responding normally
[2025-11-18 13:19:33] [DEBUG]    → Health check: Roblox Clone 2
[2025-11-18 13:19:33] [DEBUG]    → Device responding normally
[2025-11-18 13:19:33] [DEBUG]    → Health check: Roblox Clone 4
[2025-11-18 13:19:35] [DEBUG]    → ps -A failed, trying dumpsys...
[2025-11-18 13:19:35] [DEBUG]    → ps -A failed, trying dumpsys...
[2025-11-18 13:19:35] [DEBUG]    → ps -A failed, trying dumpsys...
[2025-11-18 13:19:35] [DEBUG]    → ps -A failed, trying dumpsys...
[2025-11-18 13:19:36] [DEBUG]    → ps -A failed, trying dumpsys...
[2025-11-18 13:19:36] [DEBUG]    → ps -A failed, trying dumpsys...
[2025-11-18 13:19:36] [DEBUG]    → ps -A failed, trying dumpsys...
[2025-11-18 13:19:37] [DEBUG]    → dumpsys failed, trying pidof...
[2025-11-18 13:19:38] [DEBUG]    → dumpsys failed, trying pidof...
[2025-11-18 13:19:39] [DEBUG]    → dumpsys failed, trying pidof...
[2025-11-18 13:19:39] [DEBUG]    → dumpsys failed, trying pidof...
[2025-11-18 13:19:39] [DEBUG]    → dumpsys failed, trying pidof...
[2025-11-18 13:19:39] [DEBUG]    → Process not found (all 3 methods failed - CRASHED)
[2025-11-18 13:19:39] [WARNING] ⚠️  HP 1 - Main > Roblox Clone 4: CRASH detected
[2025-11-18 13:19:39] [WARNING]    Details: Process not found (confidence: 90%)
[2025-11-18 13:19:39] [DEBUG]    Detection method: process_check
[2025-11-18 13:19:39] [DEBUG]    → dumpsys failed, trying pidof...
[2025-11-18 13:19:39] [DEBUG]    → dumpsys failed, trying pidof...
[2025-11-18 13:19:40] [DEBUG]    → Process not found (all 3 methods failed - CRASHED)
[2025-11-18 13:19:40] [WARNING] ⚠️  HP 1 - Main > Roblox Clone 1: CRASH detected
[2025-11-18 13:19:40] [WARNING]    Details: Process not found (confidence: 90%)
[2025-11-18 13:19:40] [DEBUG]    Detection method: process_check
[2025-11-18 13:19:40] [DEBUG]    → Process not found (all 3 methods failed - CRASHED)
[2025-11-18 13:19:40] [WARNING] ⚠️  HP 1 - Main > Roblox Clone 5: CRASH detected
[2025-11-18 13:19:40] [WARNING]    Details: Process not found (confidence: 90%)
[2025-11-18 13:19:40] [DEBUG]    Detection method: process_check
[2025-11-18 13:19:41] [DEBUG]    → Process not found (all 3 methods failed - CRASHED)
[2025-11-18 13:19:41] [WARNING] ⚠️  HP 1 - Main > Roblox Clone 2: CRASH detected
[2025-11-18 13:19:41] [WARNING]    Details: Process not found (confidence: 90%)
[2025-11-18 13:19:41] [DEBUG]    Detection method: process_check
[2025-11-18 13:19:42] [DEBUG]    → Process not found (all 3 methods failed - CRASHED)
[2025-11-18 13:19:42] [WARNING] ⚠️  HP 1 - Main > Roblox Clone 3: CRASH detected
[2025-11-18 13:19:42] [WARNING]    Details: Process not found (confidence: 90%)
[2025-11-18 13:19:42] [DEBUG]    Detection method: process_check
[2025-11-18 13:19:42] [DEBUG]    → Process not found (all 3 methods failed - CRASHED)
[2025-11-18 13:19:42] [WARNING] ⚠️  HP 1 - Main > Roblox Clone 6: CRASH detected
[2025-11-18 13:19:42] [WARNING]    Details: Process not found (confidence: 90%)
[2025-11-18 13:19:42] [DEBUG]    Detection method: process_check
[2025-11-18 13:19:42] [DEBUG]    → Roblox opened successfully
[2025-11-18 13:19:42] [SUCCESS] ✅ HP 1 - Main > Roblox Clone 1: Fixed in 2.6s
[2025-11-18 13:19:43] [DEBUG]    → Roblox opened successfully
[2025-11-18 13:19:43] [SUCCESS] ✅ HP 1 - Main > Roblox Clone 5: Fixed in 2.6s
[2025-11-18 13:19:43] [DEBUG]    → Process not found (all 3 methods failed - CRASHED)
[2025-11-18 13:19:43] [WARNING] ⚠️  HP 1 - Main > Roblox Clone 7: CRASH detected
[2025-11-18 13:19:43] [WARNING]    Details: Process not found (confidence: 90%)
[2025-11-18 13:19:43] [DEBUG]    Detection method: process_check
[2025-11-18 13:19:44] [DEBUG]    → Roblox opened successfully
[2025-11-18 13:19:44] [SUCCESS] ✅ HP 1 - Main > Roblox Clone 2: Fixed in 3.1s
[2025-11-18 13:19:44] [DEBUG]    → Roblox opened successfully
[2025-11-18 13:19:44] [SUCCESS] ✅ HP 1 - Main > Roblox Clone 4: Fixed in 5.0s
[2025-11-18 13:19:45] [DEBUG]    → Roblox opened successfully
[2025-11-18 13:19:45] [SUCCESS] ✅ HP 1 - Main > Roblox Clone 3: Fixed in 3.2s
[2025-11-18 13:19:45] [DEBUG]    → Roblox opened successfully
[2025-11-18 13:19:45] [SUCCESS] ✅ HP 1 - Main > Roblox Clone 6: Fixed in 2.7s
[2025-11-18 13:19:45] [DEBUG]    → Roblox opened successfully
[2025-11-18 13:19:45] [SUCCESS] ✅ HP 1 - Main > Roblox Clone 7: Fixed in 1.7s
[2025-11-18 13:19:45] [INFO] 
────────────────────────────────────────────────────────────
[2025-11-18 13:19:45] [INFO] ✅ Cycle Complete (17.6s)
[2025-11-18 13:19:45] [INFO]    Healthy: 0
[2025-11-18 13:19:45] [SUCCESS]    Fixed: 7
[2025-11-18 13:19:45] [INFO]    Issues: 7 crash
[2025-11-18 13:19:45] [INFO] 
   Detection Details:
[2025-11-18 13:19:45] [INFO]       • HP 1 - Main > Roblox Clone 1: crash via process_check (90%)
[2025-11-18 13:19:45] [INFO]       • HP 1 - Main > Roblox Clone 5: crash via process_check (90%)
[2025-11-18 13:19:45] [INFO]       • HP 1 - Main > Roblox Clone 2: crash via process_check (90%)
[2025-11-18 13:19:45] [INFO]       • HP 1 - Main > Roblox Clone 4: crash via process_check (90%)
[2025-11-18 13:19:45] [INFO]       • HP 1 - Main > Roblox Clone 3: crash via process_check (90%)
[2025-11-18 13:19:45] [INFO] ────────────────────────────────────────────────────────────
[2025-11-18 13:19:45] [INFO] 
💤 Waiting 30s for next cycle...
[2025-11-18 13:20:15] [INFO] 
🔍 Starting check cycle for 7 clones...
[2025-11-18 13:20:15] [DEBUG]    → Checking for device hang...
[2025-11-18 13:20:15] [DEBUG]    → Checking for device hang...
[2025-11-18 13:20:15] [DEBUG]    → Checking for device hang...
[2025-11-18 13:20:15] [DEBUG]    → Checking for device hang...
[2025-11-18 13:20:15] [DEBUG]    → Checking for device hang...
[2025-11-18 13:20:15] [DEBUG]    → Checking for device hang...
[2025-11-18 13:20:15] [DEBUG]    → Checking for device hang...
[2025-11-18 13:20:21] [DEBUG]    → Device responding normally
[2025-11-18 13:20:21] [DEBUG]    → Health check: Roblox Clone 2
[2025-11-18 13:20:21] [DEBUG]    → Device responding normally
[2025-11-18 13:20:21] [DEBUG]    → Health check: Roblox Clone 1
[2025-11-18 13:20:21] [DEBUG]    → Device responding normally
[2025-11-18 13:20:21] [DEBUG]    → Health check: Roblox Clone 4
[2025-11-18 13:20:21] [DEBUG]    → Device responding normally
[2025-11-18 13:20:21] [DEBUG]    → Health check: Roblox Clone 6
[2025-11-18 13:20:21] [DEBUG]    → Device responding normally
[2025-11-18 13:20:21] [DEBUG]    → Health check: Roblox Clone 3
[2025-11-18 13:20:21] [DEBUG]    → Device responding normally
[2025-11-18 13:20:21] [DEBUG]    → Health check: Roblox Clone 5
[2025-11-18 13:20:21] [DEBUG]    → Device responding normally
[2025-11-18 13:20:21] [DEBUG]    → Health check: Roblox Clone 7
[2025-11-18 13:20:25] [DEBUG]    → ps -A failed, trying dumpsys...
[2025-11-18 13:20:26] [DEBUG]    → ps -A failed, trying dumpsys...
[2025-11-18 13:20:26] [DEBUG]    → ps -A failed, trying dumpsys...
[2025-11-18 13:20:26] [DEBUG]    → ps -A failed, trying dumpsys...
[2025-11-18 13:20:26] [DEBUG]    → ps -A failed, trying dumpsys...
[2025-11-18 13:20:27] [DEBUG]    → ps -A failed, trying dumpsys...
[2025-11-18 13:20:27] [DEBUG]    → ps -A failed, trying dumpsys...
[2025-11-18 13:20:28] [DEBUG]    → dumpsys failed, trying pidof...
[2025-11-18 13:20:29] [DEBUG]    → dumpsys failed, trying pidof...
[2025-11-18 13:20:30] [DEBUG]    → dumpsys failed, trying pidof...
[2025-11-18 13:20:31] [DEBUG]    → dumpsys failed, trying pidof...
[2025-11-18 13:20:32] [DEBUG]    → dumpsys failed, trying pidof...
[2025-11-18 13:20:32] [DEBUG]    → dumpsys failed, trying pidof...
[2025-11-18 13:20:32] [DEBUG]    → Process not found (all 3 methods failed - CRASHED)
[2025-11-18 13:20:32] [WARNING] ⚠️  HP 1 - Main > Roblox Clone 5: CRASH detected
[2025-11-18 13:20:32] [WARNING]    Details: Process not found (confidence: 90%)
[2025-11-18 13:20:32] [DEBUG]    → Process not found (all 3 methods failed - CRASHED)
[2025-11-18 13:20:32] [DEBUG]    Detection method: process_check
[2025-11-18 13:20:32] [WARNING] ⚠️  HP 1 - Main > Roblox Clone 2: CRASH detected
[2025-11-18 13:20:32] [WARNING]    Details: Process not found (confidence: 90%)
[2025-11-18 13:20:32] [DEBUG]    Detection method: process_check
[2025-11-18 13:20:32] [DEBUG]    → dumpsys failed, trying pidof...
[2025-11-18 13:20:35] [DEBUG]    → Process not found (all 3 methods failed - CRASHED)
[2025-11-18 13:20:35] [WARNING] ⚠️  HP 1 - Main > Roblox Clone 4: CRASH detected
[2025-11-18 13:20:35] [WARNING]    Details: Process not found (confidence: 90%)
[2025-11-18 13:20:35] [DEBUG]    Detection method: process_check
[2025-11-18 13:20:36] [DEBUG]    → Roblox opened successfully
[2025-11-18 13:20:36] [DEBUG]    → Process not found (all 3 methods failed - CRASHED)
[2025-11-18 13:20:36] [SUCCESS] ✅ HP 1 - Main > Roblox Clone 2: Fixed in 4.2s
[2025-11-18 13:20:36] [WARNING] ⚠️  HP 1 - Main > Roblox Clone 6: CRASH detected
[2025-11-18 13:20:36] [WARNING]    Details: Process not found (confidence: 90%)
[2025-11-18 13:20:36] [DEBUG]    Detection method: process_check
[2025-11-18 13:20:37] [DEBUG]    → Process not found (all 3 methods failed - CRASHED)
[2025-11-18 13:20:37] [WARNING] ⚠️  HP 1 - Main > Roblox Clone 7: CRASH detected
[2025-11-18 13:20:37] [WARNING]    Details: Process not found (confidence: 90%)
[2025-11-18 13:20:37] [DEBUG]    Detection method: process_check
[2025-11-18 13:20:37] [DEBUG]    → Process not found (all 3 methods failed - CRASHED)
[2025-11-18 13:20:37] [WARNING] ⚠️  HP 1 - Main > Roblox Clone 1: CRASH detected
[2025-11-18 13:20:37] [WARNING]    Details: Process not found (confidence: 90%)
[2025-11-18 13:20:37] [DEBUG]    Detection method: process_check
[2025-11-18 13:20:37] [DEBUG]    → Process not found (all 3 methods failed - CRASHED)
[2025-11-18 13:20:37] [WARNING] ⚠️  HP 1 - Main > Roblox Clone 3: CRASH detected
[2025-11-18 13:20:37] [WARNING]    Details: Process not found (confidence: 90%)
[2025-11-18 13:20:37] [DEBUG]    Detection method: process_check
[2025-11-18 13:20:37] [DEBUG]    → Roblox opened successfully
[2025-11-18 13:20:37] [SUCCESS] ✅ HP 1 - Main > Roblox Clone 5: Fixed in 5.2s
[2025-11-18 13:20:38] [DEBUG]    → Roblox opened successfully
[2025-11-18 13:20:38] [SUCCESS] ✅ HP 1 - Main > Roblox Clone 4: Fixed in 3.1s
[2025-11-18 13:20:41] [DEBUG]    → Roblox opened successfully
[2025-11-18 13:20:41] [SUCCESS] ✅ HP 1 - Main > Roblox Clone 7: Fixed in 4.4s
[2025-11-18 13:20:41] [DEBUG]    → Roblox opened successfully
[2025-11-18 13:20:41] [SUCCESS] ✅ HP 1 - Main > Roblox Clone 1: Fixed in 4.3s
[2025-11-18 13:20:41] [DEBUG]    → Roblox opened successfully
[2025-11-18 13:20:41] [SUCCESS] ✅ HP 1 - Main > Roblox Clone 6: Fixed in 4.8s
[2025-11-18 13:20:42] [DEBUG]    → Roblox opened successfully
[2025-11-18 13:20:42] [SUCCESS] ✅ HP 1 - Main > Roblox Clone 3: Fixed in 4.6s
[2025-11-18 13:20:42] [INFO] 
────────────────────────────────────────────────────────────
[2025-11-18 13:20:42] [INFO] ✅ Cycle Complete (26.6s)
[2025-11-18 13:20:42] [INFO]    Healthy: 0
[2025-11-18 13:20:42] [SUCCESS]    Fixed: 7
[2025-11-18 13:20:42] [INFO]    Issues: 7 crash
[2025-11-18 13:20:42] [INFO] 
   Detection Details:
[2025-11-18 13:20:42] [INFO]       • HP 1 - Main > Roblox Clone 2: crash via process_check (90%)
[2025-11-18 13:20:42] [INFO]       • HP 1 - Main > Roblox Clone 5: crash via process_check (90%)
[2025-11-18 13:20:42] [INFO]       • HP 1 - Main > Roblox Clone 4: crash via process_check (90%)
[2025-11-18 13:20:42] [INFO]       • HP 1 - Main > Roblox Clone 7: crash via process_check (90%)
[2025-11-18 13:20:42] [INFO]       • HP 1 - Main > Roblox Clone 1: crash via process_check (90%)
[2025-11-18 13:20:42] [INFO] ────────────────────────────────────────────────────────────
[2025-11-18 13:20:42] [INFO] 
💤 Waiting 30s for next cycle...
[2025-11-18 13:21:12] [INFO] 
🔍 Starting check cycle for 7 clones...
[2025-11-18 13:21:12] [DEBUG]    → Checking for device hang...
[2025-11-18 13:21:12] [DEBUG]    → Checking for device hang...
[2025-11-18 13:21:12] [DEBUG]    → Checking for device hang...
[2025-11-18 13:21:12] [DEBUG]    → Checking for device hang...
[2025-11-18 13:21:12] [DEBUG]    → Checking for device hang...
[2025-11-18 13:21:12] [DEBUG]    → Checking for device hang...
[2025-11-18 13:21:12] [DEBUG]    → Checking for device hang...
[2025-11-18 13:21:19] [DEBUG]    → Device responding normally
[2025-11-18 13:21:19] [DEBUG]    → Health check: Roblox Clone 3
[2025-11-18 13:21:19] [DEBUG]    → Device responding normally
[2025-11-18 13:21:19] [DEBUG]    → Health check: Roblox Clone 5
[2025-11-18 13:21:19] [DEBUG]    → Device responding normally
[2025-11-18 13:21:19] [DEBUG]    → Device responding normally
[2025-11-18 13:21:19] [DEBUG]    → Health check: Roblox Clone 6
[2025-11-18 13:21:19] [DEBUG]    → Device responding normally
[2025-11-18 13:21:19] [DEBUG]    → Device responding normally
[2025-11-18 13:21:19] [DEBUG]    → Health check: Roblox Clone 7
[2025-11-18 13:21:19] [DEBUG]    → Health check: Roblox Clone 4
[2025-11-18 13:21:19] [DEBUG]    → Health check: Roblox Clone 1
[2025-11-18 13:21:19] [DEBUG]    → Device responding normally
[2025-11-18 13:21:19] [DEBUG]    → Health check: Roblox Clone 2
[2025-11-18 13:21:21] [DEBUG]    → ps -A failed, trying dumpsys...
[2025-11-18 13:21:24] [DEBUG]    → ps -A failed, trying dumpsys...
[2025-11-18 13:21:24] [DEBUG]    → ps -A failed, trying dumpsys...
[2025-11-18 13:21:24] [DEBUG]    → ps -A failed, trying dumpsys...
[2025-11-18 13:21:24] [DEBUG]    → ps -A failed, trying dumpsys...
[2025-11-18 13:21:24] [DEBUG]    → ps -A failed, trying dumpsys...
[2025-11-18 13:21:24] [DEBUG]    → ps -A failed, trying dumpsys...
[2025-11-18 13:21:25] [DEBUG]    → dumpsys failed, trying pidof...
[2025-11-18 13:21:28] [DEBUG]    → dumpsys failed, trying pidof...
[2025-11-18 13:21:29] [DEBUG]    → dumpsys failed, trying pidof...
[2025-11-18 13:21:30] [DEBUG]    → Process not found (all 3 methods failed - CRASHED)
[2025-11-18 13:21:30] [WARNING] ⚠️  HP 1 - Main > Roblox Clone 3: CRASH detected
[2025-11-18 13:21:30] [WARNING]    Details: Process not found (confidence: 90%)
[2025-11-18 13:21:30] [DEBUG]    Detection method: process_check
[2025-11-18 13:21:30] [DEBUG]    → dumpsys failed, trying pidof...
[2025-11-18 13:21:30] [DEBUG]    → dumpsys failed, trying pidof...
[2025-11-18 13:21:30] [DEBUG]    → dumpsys failed, trying pidof...
[2025-11-18 13:21:30] [DEBUG]    → dumpsys failed, trying pidof...
[2025-11-18 13:21:31] [DEBUG]    → Process not found (all 3 methods failed - CRASHED)
[2025-11-18 13:21:31] [WARNING] ⚠️  HP 1 - Main > Roblox Clone 6: CRASH detected
[2025-11-18 13:21:31] [WARNING]    Details: Process not found (confidence: 90%)
[2025-11-18 13:21:31] [DEBUG]    Detection method: process_check
[2025-11-18 13:21:31] [DEBUG]    → Process not found (all 3 methods failed - CRASHED)
[2025-11-18 13:21:31] [WARNING] ⚠️  HP 1 - Main > Roblox Clone 4: CRASH detected
[2025-11-18 13:21:31] [WARNING]    Details: Process not found (confidence: 90%)
[2025-11-18 13:21:31] [DEBUG]    Detection method: process_check
[2025-11-18 13:21:33] [DEBUG]    → Process not found (all 3 methods failed - CRASHED)
[2025-11-18 13:21:33] [WARNING] ⚠️  HP 1 - Main > Roblox Clone 1: CRASH detected
[2025-11-18 13:21:33] [WARNING]    Details: Process not found (confidence: 90%)
[2025-11-18 13:21:33] [DEBUG]    Detection method: process_check
[2025-11-18 13:21:33] [DEBUG]    → Process not found (all 3 methods failed - CRASHED)
[2025-11-18 13:21:33] [WARNING] ⚠️  HP 1 - Main > Roblox Clone 2: CRASH detected
[2025-11-18 13:21:33] [WARNING]    Details: Process not found (confidence: 90%)
[2025-11-18 13:21:33] [DEBUG]    Detection method: process_check
[2025-11-18 13:21:33] [DEBUG]    → Roblox opened successfully
[2025-11-18 13:21:33] [SUCCESS] ✅ HP 1 - Main > Roblox Clone 3: Fixed in 3.6s
[2025-11-18 13:21:34] [DEBUG]    → Process not found (all 3 methods failed - CRASHED)
[2025-11-18 13:21:34] [WARNING] ⚠️  HP 1 - Main > Roblox Clone 7: CRASH detected
[2025-11-18 13:21:34] [WARNING]    Details: Process not found (confidence: 90%)
[2025-11-18 13:21:34] [DEBUG]    Detection method: process_check
[2025-11-18 13:21:34] [DEBUG]    → Process not found (all 3 methods failed - CRASHED)
[2025-11-18 13:21:34] [WARNING] ⚠️  HP 1 - Main > Roblox Clone 5: CRASH detected
[2025-11-18 13:21:34] [WARNING]    Details: Process not found (confidence: 90%)
[2025-11-18 13:21:34] [DEBUG]    Detection method: process_check
[2025-11-18 13:21:35] [DEBUG]    → Roblox opened successfully
[2025-11-18 13:21:35] [SUCCESS] ✅ HP 1 - Main > Roblox Clone 4: Fixed in 3.6s
[2025-11-18 13:21:35] [DEBUG]    → Roblox opened successfully
[2025-11-18 13:21:35] [SUCCESS] ✅ HP 1 - Main > Roblox Clone 2: Fixed in 2.7s
[2025-11-18 13:21:36] [DEBUG]    → Roblox opened successfully
[2025-11-18 13:21:36] [SUCCESS] ✅ HP 1 - Main > Roblox Clone 6: Fixed in 4.4s
[2025-11-18 13:21:36] [DEBUG]    → Roblox opened successfully
[2025-11-18 13:21:36] [SUCCESS] ✅ HP 1 - Main > Roblox Clone 1: Fixed in 3.1s
[2025-11-18 13:21:36] [DEBUG]    → Roblox opened successfully
[2025-11-18 13:21:36] [SUCCESS] ✅ HP 1 - Main > Roblox Clone 5: Fixed in 2.6s
[2025-11-18 13:21:40] [ERROR] ❌ HP 1 - Main > Roblox Clone 7: Fix failed - Unknown error
[2025-11-18 13:21:40] [INFO] 
────────────────────────────────────────────────────────────
[2025-11-18 13:21:40] [INFO] ✅ Cycle Complete (28.4s)
[2025-11-18 13:21:40] [INFO]    Healthy: 0
[2025-11-18 13:21:40] [SUCCESS]    Fixed: 6
[2025-11-18 13:21:40] [INFO]    Issues: 6 crash
[2025-11-18 13:21:40] [INFO] 
   Detection Details:
[2025-11-18 13:21:40] [INFO]       • HP 1 - Main > Roblox Clone 3: crash via process_check (90%)
[2025-11-18 13:21:40] [INFO]       • HP 1 - Main > Roblox Clone 4: crash via process_check (90%)
[2025-11-18 13:21:40] [INFO]       • HP 1 - Main > Roblox Clone 2: crash via process_check (90%)
[2025-11-18 13:21:40] [INFO]       • HP 1 - Main > Roblox Clone 6: crash via process_check (90%)
[2025-11-18 13:21:40] [INFO]       • HP 1 - Main > Roblox Clone 1: crash via process_check (90%)
[2025-11-18 13:21:40] [WARNING]    ⚠️  Failed to fix: 1
[2025-11-18 13:21:40] [INFO] ────────────────────────────────────────────────────────────
[2025-11-18 13:21:40] [INFO] 
💤 Waiting 30s for next cycle...
[2025-11-18 13:22:10] [INFO] 
🔍 Starting check cycle for 7 clones...
[2025-11-18 13:22:10] [DEBUG]    → Checking for device hang...
[2025-11-18 13:22:10] [DEBUG]    → Checking for device hang...
[2025-11-18 13:22:10] [DEBUG]    → Checking for device hang...
[2025-11-18 13:22:10] [DEBUG]    → Checking for device hang...
[2025-11-18 13:22:10] [DEBUG]    → Checking for device hang...
[2025-11-18 13:22:10] [DEBUG]    → Checking for device hang...
[2025-11-18 13:22:10] [DEBUG]    → Checking for device hang...
[2025-11-18 13:22:17] [DEBUG]    → Device responding normally
[2025-11-18 13:22:17] [DEBUG]    → Health check: Roblox Clone 7
[2025-11-18 13:22:17] [DEBUG]    → Device responding normally
[2025-11-18 13:22:17] [DEBUG]    → Health check: Roblox Clone 4
[2025-11-18 13:22:17] [DEBUG]    → Device responding normally
[2025-11-18 13:22:17] [DEBUG]    → Health check: Roblox Clone 3
[2025-11-18 13:22:17] [DEBUG]    → Device responding normally
[2025-11-18 13:22:17] [DEBUG]    → Health check: Roblox Clone 6
[2025-11-18 13:22:17] [DEBUG]    → Device responding normally
[2025-11-18 13:22:17] [DEBUG]    → Health check: Roblox Clone 2
[2025-11-18 13:22:17] [DEBUG]    → Device responding normally
[2025-11-18 13:22:17] [DEBUG]    → Health check: Roblox Clone 5
[2025-11-18 13:22:17] [DEBUG]    → Device responding normally
[2025-11-18 13:22:17] [DEBUG]    → Health check: Roblox Clone 1
[2025-11-18 13:22:21] [DEBUG]    → ps -A failed, trying dumpsys...
[2025-11-18 13:22:21] [DEBUG]    → ps -A failed, trying dumpsys...
[2025-11-18 13:22:21] [DEBUG]    → ps -A failed, trying dumpsys...
[2025-11-18 13:22:22] [DEBUG]    → ps -A failed, trying dumpsys...
[2025-11-18 13:22:22] [DEBUG]    → ps -A failed, trying dumpsys...
[2025-11-18 13:22:22] [DEBUG]    → ps -A failed, trying dumpsys...
[2025-11-18 13:22:22] [DEBUG]    → ps -A failed, trying dumpsys...
[2025-11-18 13:22:26] [DEBUG]    → dumpsys failed, trying pidof...
[2025-11-18 13:22:27] [DEBUG]    → dumpsys failed, trying pidof...
[2025-11-18 13:22:27] [DEBUG]    → dumpsys failed, trying pidof...
[2025-11-18 13:22:27] [DEBUG]    → dumpsys failed, trying pidof...
[2025-11-18 13:22:27] [DEBUG]    → dumpsys failed, trying pidof...
[2025-11-18 13:22:27] [DEBUG]    → dumpsys failed, trying pidof...
[2025-11-18 13:22:28] [DEBUG]    → dumpsys failed, trying pidof...
[2025-11-18 13:22:30] [DEBUG]    → Process not found (all 3 methods failed - CRASHED)
[2025-11-18 13:22:30] [WARNING] ⚠️  HP 1 - Main > Roblox Clone 3: CRASH detected
[2025-11-18 13:22:30] [WARNING]    Details: Process not found (confidence: 90%)
[2025-11-18 13:22:30] [DEBUG]    Detection method: process_check
[2025-11-18 13:22:31] [DEBUG]    → Process not found (all 3 methods failed - CRASHED)
[2025-11-18 13:22:31] [WARNING] ⚠️  HP 1 - Main > Roblox Clone 7: CRASH detected
[2025-11-18 13:22:31] [WARNING]    Details: Process not found (confidence: 90%)
[2025-11-18 13:22:31] [DEBUG]    Detection method: process_check
[2025-11-18 13:22:31] [DEBUG]    → Process not found (all 3 methods failed - CRASHED)
[2025-11-18 13:22:31] [WARNING] ⚠️  HP 1 - Main > Roblox Clone 5: CRASH detected
[2025-11-18 13:22:31] [WARNING]    Details: Process not found (confidence: 90%)
[2025-11-18 13:22:31] [DEBUG]    Detection method: process_check
[2025-11-18 13:22:31] [DEBUG]    → Process not found (all 3 methods failed - CRASHED)
[2025-11-18 13:22:31] [WARNING] ⚠️  HP 1 - Main > Roblox Clone 4: CRASH detected
[2025-11-18 13:22:31] [WARNING]    Details: Process not found (confidence: 90%)
[2025-11-18 13:22:31] [DEBUG]    Detection method: process_check
[2025-11-18 13:22:31] [DEBUG]    → Process not found (all 3 methods failed - CRASHED)
[2025-11-18 13:22:31] [WARNING] ⚠️  HP 1 - Main > Roblox Clone 1: CRASH detected
[2025-11-18 13:22:31] [WARNING]    Details: Process not found (confidence: 90%)
[2025-11-18 13:22:31] [DEBUG]    Detection method: process_check
[2025-11-18 13:22:32] [DEBUG]    → Process not found (all 3 methods failed - CRASHED)
[2025-11-18 13:22:32] [DEBUG]    → Process not found (all 3 methods failed - CRASHED)
[2025-11-18 13:22:32] [WARNING] ⚠️  HP 1 - Main > Roblox Clone 2: CRASH detected
[2025-11-18 13:22:32] [WARNING]    Details: Process not found (confidence: 90%)
[2025-11-18 13:22:32] [DEBUG]    Detection method: process_check
[2025-11-18 13:22:32] [WARNING] ⚠️  HP 1 - Main > Roblox Clone 6: CRASH detected
[2025-11-18 13:22:32] [WARNING]    Details: Process not found (confidence: 90%)
[2025-11-18 13:22:32] [DEBUG]    Detection method: process_check
[2025-11-18 13:22:35] [DEBUG]    → Roblox opened successfully
[2025-11-18 13:22:35] [SUCCESS] ✅ HP 1 - Main > Roblox Clone 3: Fixed in 4.6s
[2025-11-18 13:22:36] [DEBUG]    → Roblox opened successfully
[2025-11-18 13:22:36] [SUCCESS] ✅ HP 1 - Main > Roblox Clone 5: Fixed in 4.4s
[2025-11-18 13:22:36] [DEBUG]    → Roblox opened successfully
[2025-11-18 13:22:36] [SUCCESS] ✅ HP 1 - Main > Roblox Clone 4: Fixed in 4.9s
[2025-11-18 13:22:36] [DEBUG]    → Roblox opened successfully
[2025-11-18 13:22:36] [SUCCESS] ✅ HP 1 - Main > Roblox Clone 2: Fixed in 4.3s
[2025-11-18 13:22:37] [DEBUG]    → Roblox opened successfully
[2025-11-18 13:22:37] [SUCCESS] ✅ HP 1 - Main > Roblox Clone 6: Fixed in 4.9s
[2025-11-18 13:22:37] [DEBUG]    → Roblox opened successfully
[2025-11-18 13:22:37] [SUCCESS] ✅ HP 1 - Main > Roblox Clone 1: Fixed in 5.5s
[2025-11-18 13:22:37] [ERROR] ❌ HP 1 - Main > Roblox Clone 7: Fix failed - Unknown error
[2025-11-18 13:22:37] [INFO] 
────────────────────────────────────────────────────────────
[2025-11-18 13:22:37] [INFO] ✅ Cycle Complete (27.2s)
[2025-11-18 13:22:37] [INFO]    Healthy: 0
[2025-11-18 13:22:37] [SUCCESS]    Fixed: 6
[2025-11-18 13:22:37] [INFO]    Issues: 6 crash
[2025-11-18 13:22:37] [INFO] 
   Detection Details:
[2025-11-18 13:22:37] [INFO]       • HP 1 - Main > Roblox Clone 3: crash via process_check (90%)
[2025-11-18 13:22:37] [INFO]       • HP 1 - Main > Roblox Clone 5: crash via process_check (90%)
[2025-11-18 13:22:37] [INFO]       • HP 1 - Main > Roblox Clone 4: crash via process_check (90%)
[2025-11-18 13:22:37] [INFO]       • HP 1 - Main > Roblox Clone 2: crash via process_check (90%)
[2025-11-18 13:22:37] [INFO]       • HP 1 - Main > Roblox Clone 6: crash via process_check (90%)
[2025-11-18 13:22:37] [WARNING]    ⚠️  Failed to fix: 1
[2025-11-18 13:22:37] [INFO] ────────────────────────────────────────────────────────────
[2025-11-18 13:22:37] [INFO] 
💤 Waiting 30s for next cycle...
[2025-11-18 13:23:07] [INFO] 
🔍 Starting check cycle for 7 clones...
[2025-11-18 13:23:07] [DEBUG]    → Checking for device hang...
[2025-11-18 13:23:07] [DEBUG]    → Checking for device hang...
[2025-11-18 13:23:07] [DEBUG]    → Checking for device hang...
[2025-11-18 13:23:07] [DEBUG]    → Checking for device hang...
[2025-11-18 13:23:07] [DEBUG]    → Checking for device hang...
[2025-11-18 13:23:07] [DEBUG]    → Checking for device hang...
[2025-11-18 13:23:07] [DEBUG]    → Checking for device hang...
[2025-11-18 13:23:17] [DEBUG]    → Device responding normally
[2025-11-18 13:23:17] [DEBUG]    → Health check: Roblox Clone 2
[2025-11-18 13:23:17] [DEBUG]    → Device responding normally
[2025-11-18 13:23:17] [DEBUG]    → Health check: Roblox Clone 3
[2025-11-18 13:23:17] [DEBUG]    → Device responding normally
[2025-11-18 13:23:17] [DEBUG]    → Health check: Roblox Clone 6
[2025-11-18 13:23:17] [DEBUG]    → Device responding normally
[2025-11-18 13:23:17] [DEBUG]    → Device responding normally
[2025-11-18 13:23:17] [DEBUG]    → Device responding normally
[2025-11-18 13:23:17] [DEBUG]    → Health check: Roblox Clone 7
[2025-11-18 13:23:17] [DEBUG]    → Device responding normally
[2025-11-18 13:23:17] [DEBUG]    → Health check: Roblox Clone 4
[2025-11-18 13:23:17] [DEBUG]    → Health check: Roblox Clone 5
[2025-11-18 13:23:17] [DEBUG]    → Health check: Roblox Clone 1
[2025-11-18 13:23:21] [DEBUG]    → ps -A failed, trying dumpsys...
[2025-11-18 13:23:22] [DEBUG]    → ps -A failed, trying dumpsys...
[2025-11-18 13:23:22] [DEBUG]    → ps -A failed, trying dumpsys...
[2025-11-18 13:23:23] [DEBUG]    → ps -A failed, trying dumpsys...
[2025-11-18 13:23:23] [DEBUG]    → ps -A failed, trying dumpsys...
[2025-11-18 13:23:23] [DEBUG]    → ps -A failed, trying dumpsys...
[2025-11-18 13:23:23] [WARNING] ⚠️  HP 1 - Main > Roblox Clone 5: CRASH detected
[2025-11-18 13:23:23] [WARNING]    Details: API check failed (confidence: 50%)
[2025-11-18 13:23:23] [DEBUG]    Detection method: api_check
[2025-11-18 13:23:25] [DEBUG]    → dumpsys failed, trying pidof...
[2025-11-18 13:23:28] [DEBUG]    → dumpsys failed, trying pidof...
[2025-11-18 13:23:28] [DEBUG]    → dumpsys failed, trying pidof...
[2025-11-18 13:23:28] [DEBUG]    → dumpsys failed, trying pidof...
[2025-11-18 13:23:28] [DEBUG]    → dumpsys failed, trying pidof...
[2025-11-18 13:23:28] [DEBUG]    → dumpsys failed, trying pidof...
[2025-11-18 13:23:29] [DEBUG]    → Roblox opened successfully
[2025-11-18 13:23:29] [SUCCESS] ✅ HP 1 - Main > Roblox Clone 5: Fixed in 5.3s
[2025-11-18 13:23:29] [DEBUG]    → Process not found (all 3 methods failed - CRASHED)
[2025-11-18 13:23:29] [WARNING] ⚠️  HP 1 - Main > Roblox Clone 7: CRASH detected
[2025-11-18 13:23:29] [WARNING]    Details: Process not found (confidence: 90%)
[2025-11-18 13:23:29] [DEBUG]    Detection method: process_check
[2025-11-18 13:23:31] [DEBUG]    → Process not found (all 3 methods failed - CRASHED)
[2025-11-18 13:23:31] [WARNING] ⚠️  HP 1 - Main > Roblox Clone 4: CRASH detected
[2025-11-18 13:23:31] [WARNING]    Details: Process not found (confidence: 90%)
[2025-11-18 13:23:31] [DEBUG]    Detection method: process_check
[2025-11-18 13:23:31] [DEBUG]    → Process not found (all 3 methods failed - CRASHED)
[2025-11-18 13:23:31] [WARNING] ⚠️  HP 1 - Main > Roblox Clone 2: CRASH detected
[2025-11-18 13:23:31] [WARNING]    Details: Process not found (confidence: 90%)
[2025-11-18 13:23:31] [DEBUG]    Detection method: process_check
[2025-11-18 13:23:31] [DEBUG]    → Process not found (all 3 methods failed - CRASHED)
[2025-11-18 13:23:31] [WARNING] ⚠️  HP 1 - Main > Roblox Clone 1: CRASH detected
[2025-11-18 13:23:31] [WARNING]    Details: Process not found (confidence: 90%)
[2025-11-18 13:23:31] [DEBUG]    Detection method: process_check
[2025-11-18 13:23:32] [DEBUG]    → Process not found (all 3 methods failed - CRASHED)
[2025-11-18 13:23:32] [WARNING] ⚠️  HP 1 - Main > Roblox Clone 3: CRASH detected
[2025-11-18 13:23:32] [WARNING]    Details: Process not found (confidence: 90%)
[2025-11-18 13:23:32] [DEBUG]    Detection method: process_check
[2025-11-18 13:23:32] [DEBUG]    → Process not found (all 3 methods failed - CRASHED)
[2025-11-18 13:23:32] [WARNING] ⚠️  HP 1 - Main > Roblox Clone 6: CRASH detected
[2025-11-18 13:23:32] [WARNING]    Details: Process not found (confidence: 90%)
[2025-11-18 13:23:32] [DEBUG]    Detection method: process_check
[2025-11-18 13:23:35] [DEBUG]    → Roblox opened successfully
[2025-11-18 13:23:35] [SUCCESS] ✅ HP 1 - Main > Roblox Clone 4: Fixed in 3.6s
[2025-11-18 13:23:35] [ERROR] ❌ HP 1 - Main > Roblox Clone 7: Fix failed - Unknown error
[2025-11-18 13:23:36] [DEBUG]    → Roblox opened successfully
[2025-11-18 13:23:36] [SUCCESS] ✅ HP 1 - Main > Roblox Clone 2: Fixed in 4.5s
[2025-11-18 13:23:36] [DEBUG]    → Roblox opened successfully
[2025-11-18 13:23:36] [SUCCESS] ✅ HP 1 - Main > Roblox Clone 1: Fixed in 4.5s
[2025-11-18 13:23:36] [DEBUG]    → Roblox opened successfully
[2025-11-18 13:23:36] [DEBUG]    → Roblox opened successfully
[2025-11-18 13:23:36] [SUCCESS] ✅ HP 1 - Main > Roblox Clone 3: Fixed in 4.4s
[2025-11-18 13:23:36] [SUCCESS] ✅ HP 1 - Main > Roblox Clone 6: Fixed in 4.3s
[2025-11-18 13:23:36] [INFO] 
────────────────────────────────────────────────────────────
[2025-11-18 13:23:36] [INFO] ✅ Cycle Complete (28.9s)
[2025-11-18 13:23:36] [INFO]    Healthy: 0
[2025-11-18 13:23:36] [SUCCESS]    Fixed: 6
[2025-11-18 13:23:36] [INFO]    Issues: 6 crash
[2025-11-18 13:23:36] [INFO] 
   Detection Details:
[2025-11-18 13:23:36] [INFO]       • HP 1 - Main > Roblox Clone 5: crash via api_check (50%)
[2025-11-18 13:23:36] [INFO]       • HP 1 - Main > Roblox Clone 4: crash via process_check (90%)
[2025-11-18 13:23:36] [INFO]       • HP 1 - Main > Roblox Clone 2: crash via process_check (90%)
[2025-11-18 13:23:36] [INFO]       • HP 1 - Main > Roblox Clone 1: crash via process_check (90%)
[2025-11-18 13:23:36] [INFO]       • HP 1 - Main > Roblox Clone 3: crash via process_check (90%)
[2025-11-18 13:23:36] [WARNING]    ⚠️  Failed to fix: 1
[2025-11-18 13:23:36] [INFO] ────────────────────────────────────────────────────────────
[2025-11-18 13:23:36] [INFO] 
💤 Waiting 30s for next cycle...
[2025-11-18 13:24:06] [INFO] 
🔍 Starting check cycle for 7 clones...
[2025-11-18 13:24:06] [DEBUG]    → Checking for device hang...
[2025-11-18 13:24:06] [DEBUG]    → Checking for device hang...
[2025-11-18 13:24:06] [DEBUG]    → Checking for device hang...
[2025-11-18 13:24:06] [DEBUG]    → Checking for device hang...
[2025-11-18 13:24:06] [DEBUG]    → Checking for device hang...
[2025-11-18 13:24:06] [DEBUG]    → Checking for device hang...
[2025-11-18 13:24:06] [DEBUG]    → Checking for device hang...
[2025-11-18 13:24:16] [DEBUG]    → Device responding normally
[2025-11-18 13:24:16] [DEBUG]    → Health check: Roblox Clone 6
[2025-11-18 13:24:16] [DEBUG]    → Device responding normally
[2025-11-18 13:24:16] [DEBUG]    → Health check: Roblox Clone 1
[2025-11-18 13:24:16] [DEBUG]    → Device responding normally
[2025-11-18 13:24:16] [DEBUG]    → Health check: Roblox Clone 2
[2025-11-18 13:24:16] [DEBUG]    → Device responding normally
[2025-11-18 13:24:16] [DEBUG]    → Health check: Roblox Clone 4
[2025-11-18 13:24:16] [DEBUG]    → Device responding normally
[2025-11-18 13:24:16] [DEBUG]    → Health check: Roblox Clone 3
[2025-11-18 13:24:16] [DEBUG]    → Device responding normally
[2025-11-18 13:24:16] [DEBUG]    → Health check: Roblox Clone 5
[2025-11-18 13:24:16] [DEBUG]    → Device responding normally
[2025-11-18 13:24:16] [DEBUG]    → Health check: Roblox Clone 7
[2025-11-18 13:24:21] [DEBUG]    → ps -A failed, trying dumpsys...
[2025-11-18 13:24:21] [DEBUG]    → ps -A failed, trying dumpsys...
[2025-11-18 13:24:22] [DEBUG]    → ps -A failed, trying dumpsys...
[2025-11-18 13:24:22] [DEBUG]    → ps -A failed, trying dumpsys...
[2025-11-18 13:24:22] [DEBUG]    → ps -A failed, trying dumpsys...
[2025-11-18 13:24:22] [DEBUG]    → ps -A failed, trying dumpsys...
[2025-11-18 13:24:22] [DEBUG]    → ps -A failed, trying dumpsys...
[2025-11-18 13:24:26] [DEBUG]    → dumpsys failed, trying pidof...
[2025-11-18 13:24:26] [DEBUG]    → dumpsys failed, trying pidof...
[2025-11-18 13:24:28] [DEBUG]    → dumpsys failed, trying pidof...
[2025-11-18 13:24:28] [DEBUG]    → dumpsys failed, trying pidof...
[2025-11-18 13:24:29] [DEBUG]    → dumpsys failed, trying pidof...
[2025-11-18 13:24:29] [DEBUG]    → dumpsys failed, trying pidof...
[2025-11-18 13:24:29] [DEBUG]    → dumpsys failed, trying pidof...
[2025-11-18 13:24:31] [DEBUG]    → Process not found (all 3 methods failed - CRASHED)
[2025-11-18 13:24:31] [WARNING] ⚠️  HP 1 - Main > Roblox Clone 7: CRASH detected
[2025-11-18 13:24:31] [WARNING]    Details: Process not found (confidence: 90%)
[2025-11-18 13:24:31] [DEBUG]    Detection method: process_check
[2025-11-18 13:24:33] [DEBUG]    → Process not found (all 3 methods failed - CRASHED)
[2025-11-18 13:24:33] [WARNING] ⚠️  HP 1 - Main > Roblox Clone 1: CRASH detected
[2025-11-18 13:24:33] [WARNING]    Details: Process not found (confidence: 90%)
[2025-11-18 13:24:33] [DEBUG]    Detection method: process_check
[2025-11-18 13:24:33] [DEBUG]    → Process not found (all 3 methods failed - CRASHED)
[2025-11-18 13:24:33] [WARNING] ⚠️  HP 1 - Main > Roblox Clone 2: CRASH detected
[2025-11-18 13:24:33] [WARNING]    Details: Process not found (confidence: 90%)
[2025-11-18 13:24:33] [DEBUG]    Detection method: process_check
[2025-11-18 13:24:33] [DEBUG]    → Process not found (all 3 methods failed - CRASHED)
[2025-11-18 13:24:33] [WARNING] ⚠️  HP 1 - Main > Roblox Clone 4: CRASH detected
[2025-11-18 13:24:33] [WARNING]    Details: Process not found (confidence: 90%)
[2025-11-18 13:24:33] [DEBUG]    Detection method: process_check
[2025-11-18 13:24:33] [DEBUG]    → Process not found (all 3 methods failed - CRASHED)
[2025-11-18 13:24:33] [WARNING] ⚠️  HP 1 - Main > Roblox Clone 3: CRASH detected
[2025-11-18 13:24:33] [WARNING]    Details: Process not found (confidence: 90%)
[2025-11-18 13:24:33] [DEBUG]    Detection method: process_check
[2025-11-18 13:24:34] [DEBUG]    → Process not found (all 3 methods failed - CRASHED)
[2025-11-18 13:24:34] [WARNING] ⚠️  HP 1 - Main > Roblox Clone 6: CRASH detected
[2025-11-18 13:24:34] [WARNING]    Details: Process not found (confidence: 90%)
[2025-11-18 13:24:34] [DEBUG]    Detection method: process_check
[2025-11-18 13:24:34] [DEBUG]    → Process not found (all 3 methods failed - CRASHED)
[2025-11-18 13:24:34] [WARNING] ⚠️  HP 1 - Main > Roblox Clone 5: CRASH detected
[2025-11-18 13:24:34] [WARNING]    Details: Process not found (confidence: 90%)
[2025-11-18 13:24:34] [DEBUG]    Detection method: process_check
[2025-11-18 13:24:37] [ERROR] ❌ HP 1 - Main > Roblox Clone 7: Fix failed - Unknown error
[2025-11-18 13:24:38] [DEBUG]    → Roblox opened successfully
[2025-11-18 13:24:38] [SUCCESS] ✅ HP 1 - Main > Roblox Clone 2: Fixed in 5.1s
[2025-11-18 13:24:38] [DEBUG]    → Roblox opened successfully
[2025-11-18 13:24:38] [SUCCESS] ✅ HP 1 - Main > Roblox Clone 1: Fixed in 5.6s
[2025-11-18 13:24:39] [DEBUG]    → Roblox opened successfully
[2025-11-18 13:24:39] [SUCCESS] ✅ HP 1 - Main > Roblox Clone 4: Fixed in 5.5s
[2025-11-18 13:24:39] [DEBUG]    → Roblox opened successfully
[2025-11-18 13:24:39] [SUCCESS] ✅ HP 1 - Main > Roblox Clone 3: Fixed in 5.4s
[2025-11-18 13:24:39] [DEBUG]    → Roblox opened successfully
[2025-11-18 13:24:39] [SUCCESS] ✅ HP 1 - Main > Roblox Clone 6: Fixed in 5.4s
[2025-11-18 13:24:39] [DEBUG]    → Roblox opened successfully
[2025-11-18 13:24:39] [SUCCESS] ✅ HP 1 - Main > Roblox Clone 5: Fixed in 5.4s
[2025-11-18 13:24:39] [INFO] 
────────────────────────────────────────────────────────────
[2025-11-18 13:24:39] [INFO] ✅ Cycle Complete (32.8s)
[2025-11-18 13:24:39] [INFO]    Healthy: 0
[2025-11-18 13:24:39] [SUCCESS]    Fixed: 6
[2025-11-18 13:24:39] [INFO]    Issues: 6 crash
[2025-11-18 13:24:39] [INFO] 
   Detection Details:
[2025-11-18 13:24:39] [INFO]       • HP 1 - Main > Roblox Clone 2: crash via process_check (90%)
[2025-11-18 13:24:39] [INFO]       • HP 1 - Main > Roblox Clone 1: crash via process_check (90%)
[2025-11-18 13:24:39] [INFO]       • HP 1 - Main > Roblox Clone 4: crash via process_check (90%)
[2025-11-18 13:24:39] [INFO]       • HP 1 - Main > Roblox Clone 3: crash via process_check (90%)
[2025-11-18 13:24:39] [INFO]       • HP 1 - Main > Roblox Clone 6: crash via process_check (90%)
[2025-11-18 13:24:39] [WARNING]    ⚠️  Failed to fix: 1
[2025-11-18 13:24:39] [INFO] ────────────────────────────────────────────────────────────
[2025-11-18 13:24:39] [INFO] 
💤 Waiting 30s for next cycle...
[2025-11-18 13:25:09] [INFO] 
🔍 Starting check cycle for 7 clones...
[2025-11-18 13:25:09] [DEBUG]    → Checking for device hang...
[2025-11-18 13:25:09] [DEBUG]    → Checking for device hang...
[2025-11-18 13:25:09] [DEBUG]    → Checking for device hang...
[2025-11-18 13:25:09] [DEBUG]    → Checking for device hang...
[2025-11-18 13:25:09] [DEBUG]    → Checking for device hang...
[2025-11-18 13:25:09] [DEBUG]    → Checking for device hang...
[2025-11-18 13:25:09] [DEBUG]    → Checking for device hang...
[2025-11-18 13:25:19] [DEBUG]    → Device responding normally
[2025-11-18 13:25:19] [DEBUG]    → Health check: Roblox Clone 7
[2025-11-18 13:25:19] [DEBUG]    → Device responding normally
[2025-11-18 13:25:19] [DEBUG]    → Health check: Roblox Clone 1
[2025-11-18 13:25:19] [DEBUG]    → Device responding normally
[2025-11-18 13:25:19] [DEBUG]    → Health check: Roblox Clone 5
[2025-11-18 13:25:19] [DEBUG]    → Device responding normally
[2025-11-18 13:25:19] [DEBUG]    → Health check: Roblox Clone 6
[2025-11-18 13:25:19] [DEBUG]    → Device responding normally
[2025-11-18 13:25:19] [DEBUG]    → Health check: Roblox Clone 4
[2025-11-18 13:25:19] [DEBUG]    → Device responding normally
[2025-11-18 13:25:19] [DEBUG]    → Health check: Roblox Clone 2
[2025-11-18 13:25:19] [DEBUG]    → Device responding normally
[2025-11-18 13:25:19] [DEBUG]    → Health check: Roblox Clone 3
[2025-11-18 13:25:25] [DEBUG]    → ps -A failed, trying dumpsys...
[2025-11-18 13:25:25] [DEBUG]    → ps -A failed, trying dumpsys...
[2025-11-18 13:25:25] [DEBUG]    → ps -A failed, trying dumpsys...
[2025-11-18 13:25:25] [DEBUG]    → ps -A failed, trying dumpsys...
[2025-11-18 13:25:25] [DEBUG]    → ps -A failed, trying dumpsys...
[2025-11-18 13:25:26] [WARNING] ⚠️  HP 1 - Main > Roblox Clone 5: CRASH detected
[2025-11-18 13:25:26] [WARNING]    Details: API check failed (confidence: 50%)
[2025-11-18 13:25:26] [DEBUG]    Detection method: api_check
[2025-11-18 13:25:26] [WARNING] ⚠️  HP 1 - Main > Roblox Clone 1: CRASH detected
[2025-11-18 13:25:26] [WARNING]    Details: API check failed (confidence: 50%)
[2025-11-18 13:25:26] [DEBUG]    Detection method: api_check
[2025-11-18 13:25:30] [DEBUG]    → dumpsys failed, trying pidof...
[2025-11-18 13:25:30] [DEBUG]    → Roblox opened successfully
[2025-11-18 13:25:30] [SUCCESS] ✅ HP 1 - Main > Roblox Clone 1: Fixed in 4.4s
[2025-11-18 13:25:30] [DEBUG]    → dumpsys failed, trying pidof...
[2025-11-18 13:25:32] [DEBUG]    → dumpsys failed, trying pidof...
[2025-11-18 13:25:32] [DEBUG]    → dumpsys failed, trying pidof...
[2025-11-18 13:25:32] [DEBUG]    → dumpsys failed, trying pidof...
[2025-11-18 13:25:32] [ERROR] ❌ HP 1 - Main > Roblox Clone 5: Fix failed - Unknown error
[2025-11-18 13:25:36] [DEBUG]    → Process not found (all 3 methods failed - CRASHED)
[2025-11-18 13:25:37] [WARNING] ⚠️  HP 1 - Main > Roblox Clone 7: CRASH detected
[2025-11-18 13:25:37] [WARNING]    Details: Process not found (confidence: 90%)
[2025-11-18 13:25:37] [DEBUG]    Detection method: process_check
[2025-11-18 13:25:37] [DEBUG]    → Process not found (all 3 methods failed - CRASHED)
[2025-11-18 13:25:37] [WARNING] ⚠️  HP 1 - Main > Roblox Clone 3: CRASH detected
[2025-11-18 13:25:37] [WARNING]    Details: Process not found (confidence: 90%)
[2025-11-18 13:25:37] [DEBUG]    Detection method: process_check
[2025-11-18 13:25:38] [DEBUG]    → Process not found (all 3 methods failed - CRASHED)
[2025-11-18 13:25:38] [DEBUG]    → Process not found (all 3 methods failed - CRASHED)
[2025-11-18 13:25:38] [DEBUG]    → Process not found (all 3 methods failed - CRASHED)
[2025-11-18 13:25:38] [WARNING] ⚠️  HP 1 - Main > Roblox Clone 4: CRASH detected
[2025-11-18 13:25:38] [WARNING] DB Error updating status: bad parameter or other API misuse
[2025-11-18 13:25:38] [WARNING] DB Error updating status: UNIQUE constraint failed: clone_status.clone_key
[2025-11-18 13:25:38] [WARNING]    Details: Process not found (confidence: 90%)
[2025-11-18 13:25:38] [WARNING] ⚠️  HP 1 - Main > Roblox Clone 2: CRASH detected
[2025-11-18 13:25:38] [WARNING] ⚠️  HP 1 - Main > Roblox Clone 6: CRASH detected
[2025-11-18 13:25:38] [DEBUG]    Detection method: process_check
[2025-11-18 13:25:38] [WARNING]    Details: Process not found (confidence: 90%)
[2025-11-18 13:25:38] [WARNING]    Details: Process not found (confidence: 90%)
[2025-11-18 13:25:38] [DEBUG]    Detection method: process_check
[2025-11-18 13:25:38] [DEBUG]    Detection method: process_check
[2025-11-18 13:25:43] [ERROR] ❌ HP 1 - Main > Roblox Clone 7: Fix failed - Unknown error
[2025-11-18 13:25:43] [ERROR] ❌ HP 1 - Main > Roblox Clone 3: Fix failed - Unknown error
[2025-11-18 13:25:45] [ERROR] ❌ HP 1 - Main > Roblox Clone 4: Fix failed - Unknown error
[2025-11-18 13:25:45] [WARNING] DB Error: bad parameter or other API misuse
[2025-11-18 13:25:45] [ERROR] ❌ HP 1 - Main > Roblox Clone 2: Fix failed - Unknown error
[2025-11-18 13:25:45] [ERROR] ❌ HP 1 - Main > Roblox Clone 6: Fix failed - Unknown error
[2025-11-18 13:25:45] [INFO] 
────────────────────────────────────────────────────────────
[2025-11-18 13:25:45] [INFO] ✅ Cycle Complete (35.7s)
[2025-11-18 13:25:45] [INFO]    Healthy: 0
[2025-11-18 13:25:45] [SUCCESS]    Fixed: 1
[2025-11-18 13:25:45] [INFO]    Issues: 1 crash
[2025-11-18 13:25:45] [INFO] 
   Detection Details:
[2025-11-18 13:25:45] [INFO]       • HP 1 - Main > Roblox Clone 1: crash via api_check (50%)
[2025-11-18 13:25:45] [WARNING]    ⚠️  Failed to fix: 6
[2025-11-18 13:25:45] [INFO] ────────────────────────────────────────────────────────────
[2025-11-18 13:25:45] [INFO] 
💤 Waiting 30s for next cycle...
[2025-11-18 13:26:15] [INFO] 
🔍 Starting check cycle for 7 clones...
[2025-11-18 13:26:15] [DEBUG]    → Checking for device hang...
[2025-11-18 13:26:15] [DEBUG]    → Checking for device hang...
[2025-11-18 13:26:15] [DEBUG]    → Checking for device hang...
[2025-11-18 13:26:15] [DEBUG]    → Checking for device hang...
[2025-11-18 13:26:15] [DEBUG]    → Checking for device hang...
[2025-11-18 13:26:15] [DEBUG]    → Checking for device hang...
[2025-11-18 13:26:15] [DEBUG]    → Checking for device hang...
[2025-11-18 13:26:21] [WARNING]    → Device not responding to ADB (CRITICAL)
[2025-11-18 13:26:21] [WARNING] ⚠️  HP 1 - Main: DEVICE HANG detected (critical)
[2025-11-18 13:26:21] [WARNING] 🔄 Attempting device recovery for HP 1 - Main
[2025-11-18 13:26:21] [WARNING] 🔄 Attempting device recovery...
[2025-11-18 13:26:21] [DEBUG]    → Killing heavy processes...
[2025-11-18 13:26:21] [WARNING]    → Device not responding to ADB (CRITICAL)
[2025-11-18 13:26:21] [WARNING]    → Device not responding to ADB (CRITICAL)
[2025-11-18 13:26:21] [WARNING]    → Device not responding to ADB (CRITICAL)
[2025-11-18 13:26:21] [WARNING] ⚠️  HP 1 - Main: DEVICE HANG detected (critical)
[2025-11-18 13:26:21] [WARNING]    → Device not responding to ADB (CRITICAL)
[2025-11-18 13:26:21] [WARNING] ⚠️  HP 1 - Main: DEVICE HANG detected (critical)
[2025-11-18 13:26:22] [WARNING]    → Device not responding to ADB (CRITICAL)
[2025-11-18 13:26:22] [WARNING] ⚠️  HP 1 - Main: DEVICE HANG detected (critical)
[2025-11-18 13:26:22] [WARNING] 🔄 Attempting device recovery for HP 1 - Main
[2025-11-18 13:26:22] [WARNING] ⚠️  HP 1 - Main: DEVICE HANG detected (critical)
[2025-11-18 13:26:22] [WARNING] 🔄 Attempting device recovery for HP 1 - Main
[2025-11-18 13:26:22] [WARNING] ⚠️  HP 1 - Main: DEVICE HANG detected (critical)
[2025-11-18 13:26:22] [WARNING] 🔄 Attempting device recovery for HP 1 - Main
[2025-11-18 13:26:22] [WARNING] 🔄 Attempting device recovery...
[2025-11-18 13:26:22] [WARNING] 🔄 Attempting device recovery for HP 1 - Main
[2025-11-18 13:26:22] [WARNING] 🔄 Attempting device recovery...
[2025-11-18 13:26:22] [WARNING] 🔄 Attempting device recovery for HP 1 - Main
[2025-11-18 13:26:22] [WARNING] 🔄 Attempting device recovery...
[2025-11-18 13:26:22] [DEBUG]    → Killing heavy processes...
[2025-11-18 13:26:22] [WARNING] 🔄 Attempting device recovery...
[2025-11-18 13:26:22] [DEBUG]    → Killing heavy processes...
[2025-11-18 13:26:22] [WARNING] 🔄 Attempting device recovery...
[2025-11-18 13:26:22] [DEBUG]    → Killing heavy processes...
[2025-11-18 13:26:22] [DEBUG]    → Killing heavy processes...
[2025-11-18 13:26:22] [DEBUG]    → Killing heavy processes...
[2025-11-18 13:26:22] [WARNING]    → Device not responding to ADB (CRITICAL)
[2025-11-18 13:26:22] [WARNING] ⚠️  HP 1 - Main: DEVICE HANG detected (critical)
[2025-11-18 13:26:22] [WARNING] 🔄 Attempting device recovery for HP 1 - Main
[2025-11-18 13:26:22] [WARNING] 🔄 Attempting device recovery...
[2025-11-18 13:26:22] [DEBUG]    → Killing heavy processes...
[2025-11-18 13:26:30] [DEBUG]    → Clearing RAM cache...
[2025-11-18 13:26:30] [DEBUG]    → Clearing RAM cache...
[2025-11-18 13:26:30] [DEBUG]    → Clearing RAM cache...
[2025-11-18 13:26:30] [DEBUG]    → Clearing RAM cache...
[2025-11-18 13:26:30] [DEBUG]    → Clearing RAM cache...
[2025-11-18 13:26:30] [DEBUG]    → Clearing RAM cache...
[2025-11-18 13:26:30] [DEBUG]    → Clearing RAM cache...
[2025-11-18 13:26:38] [DEBUG]    → Force stopping all apps...
[2025-11-18 13:26:38] [DEBUG]    → Force stopping all apps...
[2025-11-18 13:26:38] [DEBUG]    → Force stopping all apps...
[2025-11-18 13:26:38] [DEBUG]    → Force stopping all apps...
[2025-11-18 13:26:38] [DEBUG]    → Force stopping all apps...
[2025-11-18 13:26:38] [DEBUG]    → Force stopping all apps...
[2025-11-18 13:26:38] [DEBUG]    → Force stopping all apps...
[2025-11-18 13:26:46] [DEBUG]    → Restarting launcher...
[2025-11-18 13:26:46] [DEBUG]    → Restarting launcher...
[2025-11-18 13:26:46] [DEBUG]    → Restarting launcher...
[2025-11-18 13:26:46] [DEBUG]    → Restarting launcher...
[2025-11-18 13:26:46] [DEBUG]    → Restarting launcher...
[2025-11-18 13:26:46] [DEBUG]    → Restarting launcher...
[2025-11-18 13:26:46] [DEBUG]    → Restarting launcher...
[2025-11-18 13:26:53] [SUCCESS] ✅ Device recovery completed
[2025-11-18 13:26:53] [SUCCESS] ✅ Device recovery completed
[2025-11-18 13:26:53] [SUCCESS] ✅ Device recovery completed
[2025-11-18 13:26:53] [SUCCESS] ✅ Device recovery completed
[2025-11-18 13:26:53] [SUCCESS] ✅ Device recovery completed
[2025-11-18 13:26:53] [SUCCESS] ✅ Device recovery completed
[2025-11-18 13:26:53] [SUCCESS] ✅ Device recovery completed
[2025-11-18 13:27:03] [ERROR] ❌ Error in monitoring loop: 'device_hang_recovered'
[2025-11-18 13:27:03] [DEBUG] Traceback (most recent call last):
  File "D:\Project\python\vsphone-database\monitor_v5_final.py", line 1358, in monitor_loop
    results[status].append(clone_name)
    ~~~~~~~^^^^^^^^
KeyError: 'device_hang_recovered'

[2025-11-18 13:27:03] [INFO] ⏳ Retrying in 30s...
[2025-11-18 13:27:33] [INFO] 
🔍 Starting check cycle for 7 clones...
[2025-11-18 13:27:33] [DEBUG]    → Checking for device hang...
[2025-11-18 13:27:33] [DEBUG]    → Checking for device hang...
[2025-11-18 13:27:33] [DEBUG]    → Checking for device hang...
[2025-11-18 13:27:33] [DEBUG]    → Checking for device hang...
[2025-11-18 13:27:33] [DEBUG]    → Checking for device hang...
[2025-11-18 13:27:33] [DEBUG]    → Checking for device hang...
[2025-11-18 13:27:33] [DEBUG]    → Checking for device hang...
[2025-11-18 13:27:39] [WARNING]    → Device not responding to ADB (CRITICAL)
[2025-11-18 13:27:39] [WARNING] ⚠️  HP 1 - Main: DEVICE HANG detected (critical)
[2025-11-18 13:27:39] [WARNING] 🔄 Attempting device recovery for HP 1 - Main
[2025-11-18 13:27:39] [WARNING] 🔄 Attempting device recovery...
[2025-11-18 13:27:39] [DEBUG]    → Killing heavy processes...
[2025-11-18 13:27:39] [WARNING]    → Device not responding to ADB (CRITICAL)
[2025-11-18 13:27:39] [WARNING] ⚠️  HP 1 - Main: DEVICE HANG detected (critical)
[2025-11-18 13:27:39] [WARNING] 🔄 Attempting device recovery for HP 1 - Main
[2025-11-18 13:27:39] [WARNING] 🔄 Attempting device recovery...
[2025-11-18 13:27:39] [DEBUG]    → Killing heavy processes...
[2025-11-18 13:27:39] [WARNING]    → Device not responding to ADB (CRITICAL)
[2025-11-18 13:27:39] [WARNING]    → Device not responding to ADB (CRITICAL)
[2025-11-18 13:27:39] [WARNING] ⚠️  HP 1 - Main: DEVICE HANG detected (critical)
[2025-11-18 13:27:39] [WARNING] ⚠️  HP 1 - Main: DEVICE HANG detected (critical)
[2025-11-18 13:27:39] [WARNING] 🔄 Attempting device recovery for HP 1 - Main
[2025-11-18 13:27:39] [WARNING] 🔄 Attempting device recovery for HP 1 - Main
[2025-11-18 13:27:39] [WARNING]    → Device not responding to ADB (CRITICAL)
[2025-11-18 13:27:39] [WARNING] 🔄 Attempting device recovery...
[2025-11-18 13:27:39] [WARNING] 🔄 Attempting device recovery...
[2025-11-18 13:27:39] [WARNING] ⚠️  HP 1 - Main: DEVICE HANG detected (critical)
[2025-11-18 13:27:39] [DEBUG]    → Killing heavy processes...
[2025-11-18 13:27:39] [DEBUG]    → Killing heavy processes...
[2025-11-18 13:27:39] [WARNING] 🔄 Attempting device recovery for HP 1 - Main
[2025-11-18 13:27:39] [WARNING] 🔄 Attempting device recovery...
[2025-11-18 13:27:39] [DEBUG]    → Killing heavy processes...
[2025-11-18 13:27:40] [WARNING]    → Device not responding to ADB (CRITICAL)
[2025-11-18 13:27:40] [WARNING] ⚠️  HP 1 - Main: DEVICE HANG detected (critical)
[2025-11-18 13:27:40] [WARNING] 🔄 Attempting device recovery for HP 1 - Main
[2025-11-18 13:27:40] [WARNING] 🔄 Attempting device recovery...
[2025-11-18 13:27:40] [DEBUG]    → Killing heavy processes...
[2025-11-18 13:27:40] [WARNING]    → Device not responding to ADB (CRITICAL)
[2025-11-18 13:27:40] [WARNING] ⚠️  HP 1 - Main: DEVICE HANG detected (critical)
[2025-11-18 13:27:40] [WARNING] 🔄 Attempting device recovery for HP 1 - Main
[2025-11-18 13:27:40] [WARNING] 🔄 Attempting device recovery...
[2025-11-18 13:27:40] [DEBUG]    → Killing heavy processes...
[2025-11-18 13:27:48] [DEBUG]    → Clearing RAM cache...
[2025-11-18 13:27:48] [DEBUG]    → Clearing RAM cache...
[2025-11-18 13:27:48] [DEBUG]    → Clearing RAM cache...
[2025-11-18 13:27:48] [DEBUG]    → Clearing RAM cache...
[2025-11-18 13:27:48] [DEBUG]    → Clearing RAM cache...
[2025-11-18 13:27:48] [DEBUG]    → Clearing RAM cache...
[2025-11-18 13:27:48] [DEBUG]    → Clearing RAM cache...
[2025-11-18 13:27:55] [DEBUG]    → Force stopping all apps...
[2025-11-18 13:27:55] [DEBUG]    → Force stopping all apps...
[2025-11-18 13:27:55] [DEBUG]    → Force stopping all apps...
[2025-11-18 13:27:56] [DEBUG]    → Force stopping all apps...
[2025-11-18 13:27:56] [DEBUG]    → Force stopping all apps...
[2025-11-18 13:27:56] [DEBUG]    → Force stopping all apps...
[2025-11-18 13:27:56] [DEBUG]    → Force stopping all apps...
[2025-11-18 13:28:04] [DEBUG]    → Restarting launcher...
[2025-11-18 13:28:04] [DEBUG]    → Restarting launcher...
[2025-11-18 13:28:04] [DEBUG]    → Restarting launcher...
[2025-11-18 13:28:04] [DEBUG]    → Restarting launcher...
[2025-11-18 13:28:04] [DEBUG]    → Restarting launcher...
[2025-11-18 13:28:04] [DEBUG]    → Restarting launcher...
[2025-11-18 13:28:04] [DEBUG]    → Restarting launcher...
[2025-11-18 13:28:11] [SUCCESS] ✅ Device recovery completed
[2025-11-18 13:28:11] [SUCCESS] ✅ Device recovery completed
[2025-11-18 13:28:11] [SUCCESS] ✅ Device recovery completed
[2025-11-18 13:28:11] [SUCCESS] ✅ Device recovery completed
[2025-11-18 13:28:11] [SUCCESS] ✅ Device recovery completed
[2025-11-18 13:28:11] [SUCCESS] ✅ Device recovery completed
[2025-11-18 13:28:11] [SUCCESS] ✅ Device recovery completed
[2025-11-18 13:28:21] [ERROR] ❌ Error in monitoring loop: 'device_hang_recovered'
[2025-11-18 13:28:21] [DEBUG] Traceback (most recent call last):
  File "D:\Project\python\vsphone-database\monitor_v5_final.py", line 1358, in monitor_loop
    results[status].append(clone_name)
    ~~~~~~~^^^^^^^^
KeyError: 'device_hang_recovered'

[2025-11-18 13:28:21] [INFO] ⏳ Retrying in 30s...
[2025-11-18 13:28:51] [INFO] 
🔍 Starting check cycle for 7 clones...
[2025-11-18 13:28:51] [DEBUG]    → Checking for device hang...
[2025-11-18 13:28:51] [DEBUG]    → Checking for device hang...
[2025-11-18 13:28:51] [DEBUG]    → Checking for device hang...
[2025-11-18 13:28:51] [DEBUG]    → Checking for device hang...
[2025-11-18 13:28:51] [DEBUG]    → Checking for device hang...
[2025-11-18 13:28:51] [DEBUG]    → Checking for device hang...
[2025-11-18 13:28:51] [DEBUG]    → Checking for device hang...
[2025-11-18 13:28:58] [WARNING]    → Device not responding to ADB (CRITICAL)
[2025-11-18 13:28:58] [WARNING] ⚠️  HP 1 - Main: DEVICE HANG detected (critical)
[2025-11-18 13:28:58] [WARNING] 🔄 Attempting device recovery for HP 1 - Main
[2025-11-18 13:28:58] [WARNING] 🔄 Attempting device recovery...
[2025-11-18 13:28:58] [DEBUG]    → Killing heavy processes...
[2025-11-18 13:28:58] [WARNING]    → Device not responding to ADB (CRITICAL)
[2025-11-18 13:28:58] [WARNING] ⚠️  HP 1 - Main: DEVICE HANG detected (critical)
[2025-11-18 13:28:58] [WARNING] 🔄 Attempting device recovery for HP 1 - Main
[2025-11-18 13:28:58] [WARNING] 🔄 Attempting device recovery...
[2025-11-18 13:28:58] [DEBUG]    → Killing heavy processes...
[2025-11-18 13:28:58] [WARNING]    → Device not responding to ADB (CRITICAL)
[2025-11-18 13:28:58] [WARNING] ⚠️  HP 1 - Main: DEVICE HANG detected (critical)
[2025-11-18 13:28:58] [WARNING] 🔄 Attempting device recovery for HP 1 - Main
[2025-11-18 13:28:58] [WARNING]    → Device not responding to ADB (CRITICAL)
[2025-11-18 13:28:58] [WARNING]    → Device not responding to ADB (CRITICAL)
[2025-11-18 13:28:58] [WARNING] 🔄 Attempting device recovery...
[2025-11-18 13:28:58] [WARNING]    → Device not responding to ADB (CRITICAL)
[2025-11-18 13:28:58] [WARNING] ⚠️  HP 1 - Main: DEVICE HANG detected (critical)
[2025-11-18 13:28:58] [WARNING] ⚠️  HP 1 - Main: DEVICE HANG detected (critical)
[2025-11-18 13:28:58] [DEBUG]    → Killing heavy processes...
[2025-11-18 13:28:58] [WARNING] ⚠️  HP 1 - Main: DEVICE HANG detected (critical)
[2025-11-18 13:28:58] [WARNING] 🔄 Attempting device recovery for HP 1 - Main
[2025-11-18 13:28:58] [WARNING] 🔄 Attempting device recovery for HP 1 - Main
[2025-11-18 13:28:58] [WARNING] 🔄 Attempting device recovery for HP 1 - Main
[2025-11-18 13:28:58] [WARNING] 🔄 Attempting device recovery...
[2025-11-18 13:28:58] [WARNING] 🔄 Attempting device recovery...
[2025-11-18 13:28:58] [WARNING] 🔄 Attempting device recovery...
[2025-11-18 13:28:58] [DEBUG]    → Killing heavy processes...
[2025-11-18 13:28:58] [DEBUG]    → Killing heavy processes...
[2025-11-18 13:28:58] [DEBUG]    → Killing heavy processes...
[2025-11-18 13:28:58] [WARNING]    → Device not responding to ADB (CRITICAL)
[2025-11-18 13:28:58] [WARNING] ⚠️  HP 1 - Main: DEVICE HANG detected (critical)
[2025-11-18 13:28:58] [WARNING] 🔄 Attempting device recovery for HP 1 - Main
[2025-11-18 13:28:58] [WARNING] 🔄 Attempting device recovery...
[2025-11-18 13:28:58] [DEBUG]    → Killing heavy processes...
[2025-11-18 13:29:06] [DEBUG]    → Clearing RAM cache...
[2025-11-18 13:29:06] [DEBUG]    → Clearing RAM cache...
[2025-11-18 13:29:06] [DEBUG]    → Clearing RAM cache...
[2025-11-18 13:29:06] [DEBUG]    → Clearing RAM cache...
[2025-11-18 13:29:06] [DEBUG]    → Clearing RAM cache...
[2025-11-18 13:29:06] [DEBUG]    → Clearing RAM cache...
[2025-11-18 13:29:06] [DEBUG]    → Clearing RAM cache...
[2025-11-18 13:29:14] [DEBUG]    → Force stopping all apps...
[2025-11-18 13:29:14] [DEBUG]    → Force stopping all apps...
[2025-11-18 13:29:14] [DEBUG]    → Force stopping all apps...
[2025-11-18 13:29:14] [DEBUG]    → Force stopping all apps...
[2025-11-18 13:29:14] [DEBUG]    → Force stopping all apps...
[2025-11-18 13:29:14] [DEBUG]    → Force stopping all apps...
[2025-11-18 13:29:14] [DEBUG]    → Force stopping all apps...
[2025-11-18 13:29:22] [DEBUG]    → Restarting launcher...
[2025-11-18 13:29:22] [DEBUG]    → Restarting launcher...
[2025-11-18 13:29:22] [DEBUG]    → Restarting launcher...
[2025-11-18 13:29:22] [DEBUG]    → Restarting launcher...
[2025-11-18 13:29:22] [DEBUG]    → Restarting launcher...
[2025-11-18 13:29:22] [DEBUG]    → Restarting launcher...
[2025-11-18 13:29:22] [DEBUG]    → Restarting launcher...
[2025-11-18 13:29:29] [SUCCESS] ✅ Device recovery completed
[2025-11-18 13:29:29] [SUCCESS] ✅ Device recovery completed
[2025-11-18 13:29:29] [SUCCESS] ✅ Device recovery completed
[2025-11-18 13:29:29] [SUCCESS] ✅ Device recovery completed
[2025-11-18 13:29:29] [SUCCESS] ✅ Device recovery completed
[2025-11-18 13:29:29] [SUCCESS] ✅ Device recovery completed
[2025-11-18 13:29:29] [SUCCESS] ✅ Device recovery completed
[2025-11-18 13:29:39] [ERROR] ❌ Error in monitoring loop: 'device_hang_recovered'
[2025-11-18 13:29:39] [DEBUG] Traceback (most recent call last):
  File "D:\Project\python\vsphone-database\monitor_v5_final.py", line 1358, in monitor_loop
    results[status].append(clone_name)
    ~~~~~~~^^^^^^^^
KeyError: 'device_hang_recovered'

[2025-11-18 13:29:39] [INFO] ⏳ Retrying in 30s...
[2025-11-18 13:30:09] [INFO] 
🔍 Starting check cycle for 7 clones...
[2025-11-18 13:30:09] [DEBUG]    → Checking for device hang...
[2025-11-18 13:30:09] [DEBUG]    → Checking for device hang...
[2025-11-18 13:30:09] [DEBUG]    → Checking for device hang...
[2025-11-18 13:30:09] [DEBUG]    → Checking for device hang...
[2025-11-18 13:30:09] [DEBUG]    → Checking for device hang...
[2025-11-18 13:30:09] [DEBUG]    → Checking for device hang...
[2025-11-18 13:30:09] [DEBUG]    → Checking for device hang...
[2025-11-18 13:30:18] [DEBUG]    → Device responding normally
[2025-11-18 13:30:18] [DEBUG]    → Health check: Roblox Clone 4
[2025-11-18 13:30:18] [DEBUG]    → Device responding normally
[2025-11-18 13:30:18] [DEBUG]    → Health check: Roblox Clone 5
[2025-11-18 13:30:18] [DEBUG]    → Device responding normally
[2025-11-18 13:30:18] [DEBUG]    → Health check: Roblox Clone 6
[2025-11-18 13:30:18] [DEBUG]    → Device responding normally
[2025-11-18 13:30:18] [DEBUG]    → Device responding normally
[2025-11-18 13:30:18] [DEBUG]    → Device responding normally
[2025-11-18 13:30:18] [DEBUG]    → Health check: Roblox Clone 7
[2025-11-18 13:30:18] [DEBUG]    → Health check: Roblox Clone 1
[2025-11-18 13:30:18] [DEBUG]    → Health check: Roblox Clone 3
[2025-11-18 13:30:18] [DEBUG]    → Device responding normally
[2025-11-18 13:30:18] [DEBUG]    → Health check: Roblox Clone 2
[2025-11-18 13:30:23] [DEBUG]    → ps -A failed, trying dumpsys...
[2025-11-18 13:30:24] [DEBUG]    → ps -A failed, trying dumpsys...
[2025-11-18 13:30:24] [DEBUG]    → ps -A failed, trying dumpsys...
[2025-11-18 13:30:24] [DEBUG]    → ps -A failed, trying dumpsys...
[2025-11-18 13:30:24] [DEBUG]    → ps -A failed, trying dumpsys...
[2025-11-18 13:30:24] [DEBUG]    → ps -A failed, trying dumpsys...
[2025-11-18 13:30:24] [DEBUG]    → ps -A failed, trying dumpsys...
[2025-11-18 13:30:26] [DEBUG]    → dumpsys failed, trying pidof...
[2025-11-18 13:30:29] [DEBUG]    → dumpsys failed, trying pidof...
[2025-11-18 13:30:29] [DEBUG]    → dumpsys failed, trying pidof...
[2025-11-18 13:30:29] [DEBUG]    → dumpsys failed, trying pidof...
[2025-11-18 13:30:30] [DEBUG]    → Process not found (all 3 methods failed - CRASHED)
[2025-11-18 13:30:30] [WARNING] ⚠️  HP 1 - Main > Roblox Clone 3: CRASH detected
[2025-11-18 13:30:30] [WARNING]    Details: Process not found (confidence: 90%)
[2025-11-18 13:30:30] [DEBUG]    Detection method: process_check
[2025-11-18 13:30:30] [DEBUG]    → dumpsys failed, trying pidof...
[2025-11-18 13:30:31] [DEBUG]    → dumpsys failed, trying pidof...
[2025-11-18 13:30:31] [DEBUG]    → dumpsys failed, trying pidof...
[2025-11-18 13:30:33] [DEBUG]    → Process not found (all 3 methods failed - CRASHED)
[2025-11-18 13:30:33] [WARNING] ⚠️  HP 1 - Main > Roblox Clone 5: CRASH detected
[2025-11-18 13:30:33] [WARNING]    Details: Process not found (confidence: 90%)
[2025-11-18 13:30:33] [DEBUG]    Detection method: process_check
[2025-11-18 13:30:33] [DEBUG]    → Roblox opened successfully
[2025-11-18 13:30:33] [SUCCESS] ✅ HP 1 - Main > Roblox Clone 3: Fixed in 3.7s
[2025-11-18 13:30:35] [DEBUG]    → Process not found (all 3 methods failed - CRASHED)
[2025-11-18 13:30:35] [WARNING] ⚠️  HP 1 - Main > Roblox Clone 1: CRASH detected
[2025-11-18 13:30:35] [WARNING]    Details: Process not found (confidence: 90%)
[2025-11-18 13:30:35] [DEBUG]    Detection method: process_check
[2025-11-18 13:30:35] [DEBUG]    → Process not found (all 3 methods failed - CRASHED)
[2025-11-18 13:30:35] [WARNING] ⚠️  HP 1 - Main > Roblox Clone 6: CRASH detected
[2025-11-18 13:30:35] [WARNING]    Details: Process not found (confidence: 90%)
[2025-11-18 13:30:35] [DEBUG]    Detection method: process_check
[2025-11-18 13:30:35] [DEBUG]    → Process not found (all 3 methods failed - CRASHED)
[2025-11-18 13:30:35] [WARNING] ⚠️  HP 1 - Main > Roblox Clone 7: CRASH detected
[2025-11-18 13:30:35] [WARNING]    Details: Process not found (confidence: 90%)
[2025-11-18 13:30:35] [DEBUG]    Detection method: process_check
[2025-11-18 13:30:36] [DEBUG]    → Process not found (all 3 methods failed - CRASHED)
[2025-11-18 13:30:36] [DEBUG]    → Process not found (all 3 methods failed - CRASHED)
[2025-11-18 13:30:36] [WARNING] ⚠️  HP 1 - Main > Roblox Clone 2: CRASH detected
[2025-11-18 13:30:36] [WARNING]    Details: Process not found (confidence: 90%)
[2025-11-18 13:30:36] [DEBUG]    Detection method: process_check
[2025-11-18 13:30:36] [WARNING] ⚠️  HP 1 - Main > Roblox Clone 4: CRASH detected
[2025-11-18 13:30:36] [WARNING]    Details: Process not found (confidence: 90%)
[2025-11-18 13:30:36] [DEBUG]    Detection method: process_check
[2025-11-18 13:30:36] [DEBUG]    → Roblox opened successfully
[2025-11-18 13:30:36] [SUCCESS] ✅ HP 1 - Main > Roblox Clone 5: Fixed in 3.8s
[2025-11-18 13:30:38] [DEBUG]    → Roblox opened successfully
[2025-11-18 13:30:38] [SUCCESS] ✅ HP 1 - Main > Roblox Clone 6: Fixed in 2.7s
[2025-11-18 13:30:38] [DEBUG]    → Roblox opened successfully
[2025-11-18 13:30:38] [SUCCESS] ✅ HP 1 - Main > Roblox Clone 1: Fixed in 3.2s
[2025-11-18 13:30:39] [DEBUG]    → Roblox opened successfully
[2025-11-18 13:30:40] [SUCCESS] ✅ HP 1 - Main > Roblox Clone 4: Fixed in 3.6s
[2025-11-18 13:30:40] [DEBUG]    → Roblox opened successfully
[2025-11-18 13:30:40] [SUCCESS] ✅ HP 1 - Main > Roblox Clone 7: Fixed in 4.5s
[2025-11-18 13:30:40] [DEBUG]    → Roblox opened successfully
[2025-11-18 13:30:40] [SUCCESS] ✅ HP 1 - Main > Roblox Clone 2: Fixed in 4.4s
[2025-11-18 13:30:40] [INFO] 
────────────────────────────────────────────────────────────
[2025-11-18 13:30:40] [INFO] ✅ Cycle Complete (31.1s)
[2025-11-18 13:30:40] [INFO]    Healthy: 0
[2025-11-18 13:30:40] [SUCCESS]    Fixed: 7
[2025-11-18 13:30:40] [INFO]    Issues: 7 crash
[2025-11-18 13:30:40] [INFO] 
   Detection Details:
[2025-11-18 13:30:40] [INFO]       • HP 1 - Main > Roblox Clone 3: crash via process_check (90%)
[2025-11-18 13:30:40] [INFO]       • HP 1 - Main > Roblox Clone 5: crash via process_check (90%)
[2025-11-18 13:30:40] [INFO]       • HP 1 - Main > Roblox Clone 6: crash via process_check (90%)
[2025-11-18 13:30:40] [INFO]       • HP 1 - Main > Roblox Clone 1: crash via process_check (90%)
[2025-11-18 13:30:40] [INFO]       • HP 1 - Main > Roblox Clone 4: crash via process_check (90%)
[2025-11-18 13:30:40] [INFO] ────────────────────────────────────────────────────────────
[2025-11-18 13:30:40] [INFO] 
💤 Waiting 30s for next cycle...
[2025-11-18 13:31:10] [INFO] 
🔍 Starting check cycle for 7 clones...
[2025-11-18 13:31:10] [DEBUG]    → Checking for device hang...
[2025-11-18 13:31:10] [DEBUG]    → Checking for device hang...
[2025-11-18 13:31:10] [DEBUG]    → Checking for device hang...
[2025-11-18 13:31:10] [DEBUG]    → Checking for device hang...
[2025-11-18 13:31:10] [DEBUG]    → Checking for device hang...
[2025-11-18 13:31:10] [DEBUG]    → Checking for device hang...
[2025-11-18 13:31:10] [DEBUG]    → Checking for device hang...
[2025-11-18 13:31:20] [DEBUG]    → Device responding normally
[2025-11-18 13:31:20] [DEBUG]    → Health check: Roblox Clone 6
[2025-11-18 13:31:20] [DEBUG]    → Device responding normally
[2025-11-18 13:31:20] [DEBUG]    → Health check: Roblox Clone 4
[2025-11-18 13:31:20] [DEBUG]    → Device responding normally
[2025-11-18 13:31:20] [DEBUG]    → Device responding normally
[2025-11-18 13:31:20] [DEBUG]    → Health check: Roblox Clone 2
[2025-11-18 13:31:20] [DEBUG]    → Device responding normally
[2025-11-18 13:31:20] [DEBUG]    → Health check: Roblox Clone 7
[2025-11-18 13:31:20] [DEBUG]    → Device responding normally
[2025-11-18 13:31:20] [DEBUG]    → Health check: Roblox Clone 1
[2025-11-18 13:31:20] [DEBUG]    → Device responding normally
[2025-11-18 13:31:20] [DEBUG]    → Health check: Roblox Clone 3
[2025-11-18 13:31:20] [DEBUG]    → Health check: Roblox Clone 5
[2025-11-18 13:31:24] [DEBUG]    → ps -A failed, trying dumpsys...
[2025-11-18 13:31:25] [DEBUG]    → ps -A failed, trying dumpsys...
[2025-11-18 13:31:25] [DEBUG]    → ps -A failed, trying dumpsys...
[2025-11-18 13:31:25] [DEBUG]    → ps -A failed, trying dumpsys...
[2025-11-18 13:31:26] [DEBUG]    → ps -A failed, trying dumpsys...
[2025-11-18 13:31:26] [DEBUG]    → ps -A failed, trying dumpsys...
[2025-11-18 13:31:27] [WARNING] ⚠️  HP 1 - Main > Roblox Clone 5: CRASH detected
[2025-11-18 13:31:27] [WARNING]    Details: API check failed (confidence: 50%)
[2025-11-18 13:31:27] [DEBUG]    Detection method: api_check
[2025-11-18 13:31:28] [DEBUG]    → dumpsys failed, trying pidof...
[2025-11-18 13:31:31] [DEBUG]    → dumpsys failed, trying pidof...
[2025-11-18 13:31:32] [DEBUG]    → dumpsys failed, trying pidof...
[2025-11-18 13:31:32] [DEBUG]    → dumpsys failed, trying pidof...
[2025-11-18 13:31:32] [DEBUG]    → dumpsys failed, trying pidof...
[2025-11-18 13:31:33] [DEBUG]    → Roblox opened successfully
[2025-11-18 13:31:33] [DEBUG]    → dumpsys failed, trying pidof...
[2025-11-18 13:31:33] [SUCCESS] ✅ HP 1 - Main > Roblox Clone 5: Fixed in 5.8s
[2025-11-18 13:31:33] [DEBUG]    → Process not found (all 3 methods failed - CRASHED)
[2025-11-18 13:31:33] [WARNING] ⚠️  HP 1 - Main > Roblox Clone 6: CRASH detected
[2025-11-18 13:31:33] [WARNING]    Details: Process not found (confidence: 90%)
[2025-11-18 13:31:33] [DEBUG]    Detection method: process_check
[2025-11-18 13:31:35] [DEBUG]    → Process not found (all 3 methods failed - CRASHED)
[2025-11-18 13:31:35] [WARNING] ⚠️  HP 1 - Main > Roblox Clone 4: CRASH detected
[2025-11-18 13:31:35] [WARNING]    Details: Process not found (confidence: 90%)
[2025-11-18 13:31:35] [DEBUG]    Detection method: process_check
[2025-11-18 13:31:36] [DEBUG]    → Process not found (all 3 methods failed - CRASHED)
[2025-11-18 13:31:36] [WARNING] ⚠️  HP 1 - Main > Roblox Clone 2: CRASH detected
[2025-11-18 13:31:36] [WARNING]    Details: Process not found (confidence: 90%)
[2025-11-18 13:31:36] [DEBUG]    Detection method: process_check
[2025-11-18 13:31:37] [DEBUG]    → Process not found (all 3 methods failed - CRASHED)
[2025-11-18 13:31:37] [WARNING] ⚠️  HP 1 - Main > Roblox Clone 1: CRASH detected
[2025-11-18 13:31:37] [WARNING]    Details: Process not found (confidence: 90%)
[2025-11-18 13:31:37] [DEBUG]    Detection method: process_check
[2025-11-18 13:31:37] [DEBUG]    → Process not found (all 3 methods failed - CRASHED)
[2025-11-18 13:31:37] [WARNING] ⚠️  HP 1 - Main > Roblox Clone 7: CRASH detected
[2025-11-18 13:31:37] [WARNING]    Details: Process not found (confidence: 90%)
[2025-11-18 13:31:37] [DEBUG]    Detection method: process_check
[2025-11-18 13:31:37] [DEBUG]    → Process not found (all 3 methods failed - CRASHED)
[2025-11-18 13:31:37] [WARNING] ⚠️  HP 1 - Main > Roblox Clone 3: CRASH detected
[2025-11-18 13:31:37] [WARNING]    Details: Process not found (confidence: 90%)
[2025-11-18 13:31:37] [DEBUG]    Detection method: process_check
[2025-11-18 13:31:38] [DEBUG]    → Roblox opened successfully
[2025-11-18 13:31:38] [SUCCESS] ✅ HP 1 - Main > Roblox Clone 6: Fixed in 4.9s
[2025-11-18 13:31:40] [DEBUG]    → Roblox opened successfully
[2025-11-18 13:31:40] [SUCCESS] ✅ HP 1 - Main > Roblox Clone 4: Fixed in 5.1s
[2025-11-18 13:31:40] [DEBUG]    → Roblox opened successfully
[2025-11-18 13:31:40] [SUCCESS] ✅ HP 1 - Main > Roblox Clone 2: Fixed in 4.2s
[2025-11-18 13:31:41] [DEBUG]    → Roblox opened successfully
[2025-11-18 13:31:41] [SUCCESS] ✅ HP 1 - Main > Roblox Clone 7: Fixed in 3.6s
[2025-11-18 13:31:42] [DEBUG]    → Roblox opened successfully
[2025-11-18 13:31:42] [SUCCESS] ✅ HP 1 - Main > Roblox Clone 1: Fixed in 4.5s
[2025-11-18 13:31:42] [DEBUG]    → Roblox opened successfully
[2025-11-18 13:31:42] [SUCCESS] ✅ HP 1 - Main > Roblox Clone 3: Fixed in 4.4s
[2025-11-18 13:31:42] [INFO] 
────────────────────────────────────────────────────────────
[2025-11-18 13:31:42] [INFO] ✅ Cycle Complete (31.5s)
[2025-11-18 13:31:42] [INFO]    Healthy: 0
[2025-11-18 13:31:42] [SUCCESS]    Fixed: 7
[2025-11-18 13:31:42] [INFO]    Issues: 7 crash
[2025-11-18 13:31:42] [INFO] 
   Detection Details:
[2025-11-18 13:31:42] [INFO]       • HP 1 - Main > Roblox Clone 5: crash via api_check (50%)
[2025-11-18 13:31:42] [INFO]       • HP 1 - Main > Roblox Clone 6: crash via process_check (90%)
[2025-11-18 13:31:42] [INFO]       • HP 1 - Main > Roblox Clone 4: crash via process_check (90%)
[2025-11-18 13:31:42] [INFO]       • HP 1 - Main > Roblox Clone 2: crash via process_check (90%)
[2025-11-18 13:31:42] [INFO]       • HP 1 - Main > Roblox Clone 7: crash via process_check (90%)
[2025-11-18 13:31:42] [INFO] ────────────────────────────────────────────────────────────
[2025-11-18 13:31:42] [INFO] 
💤 Waiting 30s for next cycle...
[2025-11-18 13:32:12] [INFO] 
🔍 Starting check cycle for 7 clones...
[2025-11-18 13:32:12] [DEBUG]    → Checking for device hang...
[2025-11-18 13:32:12] [DEBUG]    → Checking for device hang...
[2025-11-18 13:32:12] [DEBUG]    → Checking for device hang...
[2025-11-18 13:32:12] [DEBUG]    → Checking for device hang...
[2025-11-18 13:32:12] [DEBUG]    → Checking for device hang...
[2025-11-18 13:32:12] [DEBUG]    → Checking for device hang...
[2025-11-18 13:32:12] [DEBUG]    → Checking for device hang...
[2025-11-18 13:32:20] [DEBUG]    → Device responding normally
[2025-11-18 13:32:20] [DEBUG]    → Health check: Roblox Clone 7
[2025-11-18 13:32:20] [DEBUG]    → Device responding normally
[2025-11-18 13:32:20] [DEBUG]    → Device responding normally
[2025-11-18 13:32:20] [DEBUG]    → Health check: Roblox Clone 5
[2025-11-18 13:32:20] [DEBUG]    → Device responding normally
[2025-11-18 13:32:20] [DEBUG]    → Health check: Roblox Clone 3
[2025-11-18 13:32:20] [DEBUG]    → Device responding normally
[2025-11-18 13:32:20] [DEBUG]    → Device responding normally
[2025-11-18 13:32:20] [DEBUG]    → Device responding normally
[2025-11-18 13:32:20] [DEBUG]    → Health check: Roblox Clone 4
[2025-11-18 13:32:20] [DEBUG]    → Health check: Roblox Clone 1
[2025-11-18 13:32:20] [DEBUG]    → Health check: Roblox Clone 2
[2025-11-18 13:32:20] [DEBUG]    → Health check: Roblox Clone 6
[2025-11-18 13:32:26] [DEBUG]    → ps -A failed, trying dumpsys...
[2025-11-18 13:32:26] [DEBUG]    → ps -A failed, trying dumpsys...
[2025-11-18 13:32:27] [DEBUG]    → ps -A failed, trying dumpsys...
[2025-11-18 13:32:27] [DEBUG]    → ps -A failed, trying dumpsys...
[2025-11-18 13:32:27] [DEBUG]    → ps -A failed, trying dumpsys...
[2025-11-18 13:32:27] [DEBUG]    → ps -A failed, trying dumpsys...
[2025-11-18 13:32:27] [WARNING] ⚠️  HP 1 - Main > Roblox Clone 7: CRASH detected
[2025-11-18 13:32:27] [WARNING]    Details: API check failed (confidence: 50%)
[2025-11-18 13:32:27] [DEBUG]    Detection method: api_check
[2025-11-18 13:32:31] [DEBUG]    → dumpsys failed, trying pidof...
[2025-11-18 13:32:31] [DEBUG]    → Roblox opened successfully
[2025-11-18 13:32:31] [SUCCESS] ✅ HP 1 - Main > Roblox Clone 7: Fixed in 3.6s
[2025-11-18 13:32:31] [DEBUG]    → dumpsys failed, trying pidof...
[2025-11-18 13:32:31] [DEBUG]    → dumpsys failed, trying pidof...
[2025-11-18 13:32:32] [DEBUG]    → dumpsys failed, trying pidof...
[2025-11-18 13:32:32] [DEBUG]    → dumpsys failed, trying pidof...
[2025-11-18 13:32:32] [DEBUG]    → dumpsys failed, trying pidof...
[2025-11-18 13:32:33] [DEBUG]    → Process not found (all 3 methods failed - CRASHED)
[2025-11-18 13:32:33] [WARNING] ⚠️  HP 1 - Main > Roblox Clone 2: CRASH detected
[2025-11-18 13:32:33] [WARNING]    Details: Process not found (confidence: 90%)
[2025-11-18 13:32:33] [DEBUG]    Detection method: process_check
[2025-11-18 13:32:33] [DEBUG]    → Process not found (all 3 methods failed - CRASHED)
[2025-11-18 13:32:33] [WARNING] ⚠️  HP 1 - Main > Roblox Clone 1: CRASH detected
[2025-11-18 13:32:33] [WARNING]    Details: Process not found (confidence: 90%)
[2025-11-18 13:32:33] [DEBUG]    Detection method: process_check
[2025-11-18 13:32:34] [DEBUG]    → Process not found (all 3 methods failed - CRASHED)
[2025-11-18 13:32:34] [WARNING] ⚠️  HP 1 - Main > Roblox Clone 4: CRASH detected
[2025-11-18 13:32:34] [WARNING]    Details: Process not found (confidence: 90%)
[2025-11-18 13:32:34] [DEBUG]    Detection method: process_check
[2025-11-18 13:32:34] [DEBUG]    → Process not found (all 3 methods failed - CRASHED)
[2025-11-18 13:32:34] [WARNING] ⚠️  HP 1 - Main > Roblox Clone 3: CRASH detected
[2025-11-18 13:32:34] [WARNING]    Details: Process not found (confidence: 90%)
[2025-11-18 13:32:34] [DEBUG]    Detection method: process_check
[2025-11-18 13:32:34] [DEBUG]    → Process not found (all 3 methods failed - CRASHED)
[2025-11-18 13:32:34] [WARNING] ⚠️  HP 1 - Main > Roblox Clone 5: CRASH detected
[2025-11-18 13:32:34] [WARNING]    Details: Process not found (confidence: 90%)
[2025-11-18 13:32:34] [DEBUG]    Detection method: process_check
[2025-11-18 13:32:34] [DEBUG]    → Process not found (all 3 methods failed - CRASHED)
[2025-11-18 13:32:34] [WARNING] ⚠️  HP 1 - Main > Roblox Clone 6: CRASH detected
[2025-11-18 13:32:34] [WARNING]    Details: Process not found (confidence: 90%)
[2025-11-18 13:32:34] [DEBUG]    Detection method: process_check
[2025-11-18 13:32:35] [DEBUG]    → Roblox opened successfully
[2025-11-18 13:32:35] [SUCCESS] ✅ HP 1 - Main > Roblox Clone 2: Fixed in 2.1s
[2025-11-18 13:32:36] [DEBUG]    → Roblox opened successfully
[2025-11-18 13:32:36] [SUCCESS] ✅ HP 1 - Main > Roblox Clone 1: Fixed in 2.6s
[2025-11-18 13:32:37] [DEBUG]    → Roblox opened successfully
[2025-11-18 13:32:37] [SUCCESS] ✅ HP 1 - Main > Roblox Clone 5: Fixed in 2.6s
[2025-11-18 13:32:37] [DEBUG]    → Roblox opened successfully
[2025-11-18 13:32:37] [DEBUG]    → Roblox opened successfully
[2025-11-18 13:32:37] [SUCCESS] ✅ HP 1 - Main > Roblox Clone 3: Fixed in 3.2s
[2025-11-18 13:32:37] [SUCCESS] ✅ HP 1 - Main > Roblox Clone 4: Fixed in 3.2s
[2025-11-18 13:32:37] [DEBUG]    → Roblox opened successfully
[2025-11-18 13:32:37] [SUCCESS] ✅ HP 1 - Main > Roblox Clone 6: Fixed in 2.7s
[2025-11-18 13:32:37] [INFO] 
────────────────────────────────────────────────────────────
[2025-11-18 13:32:37] [INFO] ✅ Cycle Complete (25.4s)
[2025-11-18 13:32:37] [INFO]    Healthy: 0
[2025-11-18 13:32:37] [SUCCESS]    Fixed: 7
[2025-11-18 13:32:37] [INFO]    Issues: 7 crash
[2025-11-18 13:32:37] [INFO] 
   Detection Details:
[2025-11-18 13:32:37] [INFO]       • HP 1 - Main > Roblox Clone 7: crash via api_check (50%)
[2025-11-18 13:32:37] [INFO]       • HP 1 - Main > Roblox Clone 2: crash via process_check (90%)
[2025-11-18 13:32:37] [INFO]       • HP 1 - Main > Roblox Clone 1: crash via process_check (90%)
[2025-11-18 13:32:37] [INFO]       • HP 1 - Main > Roblox Clone 5: crash via process_check (90%)
[2025-11-18 13:32:37] [INFO]       • HP 1 - Main > Roblox Clone 3: crash via process_check (90%)
[2025-11-18 13:32:37] [INFO] ────────────────────────────────────────────────────────────
[2025-11-18 13:32:37] [INFO] 
💤 Waiting 30s for next cycle...
[2025-11-18 13:33:07] [INFO] 
🔍 Starting check cycle for 7 clones...
[2025-11-18 13:33:07] [DEBUG]    → Checking for device hang...
[2025-11-18 13:33:07] [DEBUG]    → Checking for device hang...
[2025-11-18 13:33:07] [DEBUG]    → Checking for device hang...
[2025-11-18 13:33:07] [DEBUG]    → Checking for device hang...
[2025-11-18 13:33:07] [DEBUG]    → Checking for device hang...
[2025-11-18 13:33:07] [DEBUG]    → Checking for device hang...
[2025-11-18 13:33:07] [DEBUG]    → Checking for device hang...
[2025-11-18 13:33:15] [DEBUG]    → Device responding normally
[2025-11-18 13:33:15] [DEBUG]    → Health check: Roblox Clone 4
[2025-11-18 13:33:15] [DEBUG]    → Device responding normally
[2025-11-18 13:33:15] [DEBUG]    → Health check: Roblox Clone 6
[2025-11-18 13:33:15] [DEBUG]    → Device responding normally
[2025-11-18 13:33:15] [DEBUG]    → Health check: Roblox Clone 7
[2025-11-18 13:33:15] [DEBUG]    → Device responding normally
[2025-11-18 13:33:15] [DEBUG]    → Health check: Roblox Clone 1
[2025-11-18 13:33:15] [DEBUG]    → Device responding normally
[2025-11-18 13:33:15] [DEBUG]    → Health check: Roblox Clone 2
[2025-11-18 13:33:15] [DEBUG]    → Device responding normally
[2025-11-18 13:33:15] [DEBUG]    → Health check: Roblox Clone 5
[2025-11-18 13:33:15] [DEBUG]    → Device responding normally
[2025-11-18 13:33:15] [DEBUG]    → Health check: Roblox Clone 3
[2025-11-18 13:33:18] [DEBUG]    → ps -A failed, trying dumpsys...
[2025-11-18 13:33:18] [DEBUG]    → ps -A failed, trying dumpsys...
[2025-11-18 13:33:18] [DEBUG]    → ps -A failed, trying dumpsys...
[2025-11-18 13:33:19] [DEBUG]    → ps -A failed, trying dumpsys...
[2025-11-18 13:33:19] [DEBUG]    → ps -A failed, trying dumpsys...
[2025-11-18 13:33:19] [DEBUG]    → ps -A failed, trying dumpsys...
[2025-11-18 13:33:19] [DEBUG]    → ps -A failed, trying dumpsys...
[2025-11-18 13:33:22] [DEBUG]    → dumpsys failed, trying pidof...
[2025-11-18 13:33:22] [DEBUG]    → dumpsys failed, trying pidof...
[2025-11-18 13:33:24] [DEBUG]    → dumpsys failed, trying pidof...
[2025-11-18 13:33:24] [DEBUG]    → dumpsys failed, trying pidof...
[2025-11-18 13:33:24] [DEBUG]    → dumpsys failed, trying pidof...
[2025-11-18 13:33:24] [DEBUG]    → dumpsys failed, trying pidof...
[2025-11-18 13:33:24] [DEBUG]    → dumpsys failed, trying pidof...
[2025-11-18 13:33:25] [DEBUG]    → Process not found (all 3 methods failed - CRASHED)
[2025-11-18 13:33:25] [WARNING] ⚠️  HP 1 - Main > Roblox Clone 7: CRASH detected
[2025-11-18 13:33:25] [WARNING]    Details: Process not found (confidence: 90%)
[2025-11-18 13:33:25] [DEBUG]    Detection method: process_check
[2025-11-18 13:33:25] [DEBUG]    → Process not found (all 3 methods failed - CRASHED)
[2025-11-18 13:33:25] [WARNING] ⚠️  HP 1 - Main > Roblox Clone 3: CRASH detected
[2025-11-18 13:33:25] [WARNING]    Details: Process not found (confidence: 90%)
[2025-11-18 13:33:25] [DEBUG]    Detection method: process_check
[2025-11-18 13:33:27] [DEBUG]    → Process not found (all 3 methods failed - CRASHED)
[2025-11-18 13:33:27] [DEBUG]    → Process not found (all 3 methods failed - CRASHED)
[2025-11-18 13:33:27] [WARNING] ⚠️  HP 1 - Main > Roblox Clone 1: CRASH detected
[2025-11-18 13:33:27] [WARNING]    Details: Process not found (confidence: 90%)
[2025-11-18 13:33:27] [DEBUG]    Detection method: process_check
[2025-11-18 13:33:27] [WARNING] ⚠️  HP 1 - Main > Roblox Clone 5: CRASH detected
[2025-11-18 13:33:27] [WARNING]    Details: Process not found (confidence: 90%)
[2025-11-18 13:33:27] [DEBUG]    Detection method: process_check
[2025-11-18 13:33:28] [DEBUG]    → Process not found (all 3 methods failed - CRASHED)
[2025-11-18 13:33:28] [WARNING] ⚠️  HP 1 - Main > Roblox Clone 4: CRASH detected
[2025-11-18 13:33:28] [WARNING]    Details: Process not found (confidence: 90%)
[2025-11-18 13:33:28] [DEBUG]    Detection method: process_check
[2025-11-18 13:33:28] [DEBUG]    → Roblox opened successfully
[2025-11-18 13:33:28] [DEBUG]    → Roblox opened successfully
[2025-11-18 13:33:28] [SUCCESS] ✅ HP 1 - Main > Roblox Clone 7: Fixed in 3.2s
[2025-11-18 13:33:28] [SUCCESS] ✅ HP 1 - Main > Roblox Clone 3: Fixed in 3.1s
[2025-11-18 13:33:28] [DEBUG]    → Process not found (all 3 methods failed - CRASHED)
[2025-11-18 13:33:28] [WARNING] ⚠️  HP 1 - Main > Roblox Clone 6: CRASH detected
[2025-11-18 13:33:28] [WARNING]    Details: Process not found (confidence: 90%)
[2025-11-18 13:33:28] [DEBUG]    Detection method: process_check
[2025-11-18 13:33:29] [DEBUG]    → Process not found (all 3 methods failed - CRASHED)
[2025-11-18 13:33:29] [WARNING] ⚠️  HP 1 - Main > Roblox Clone 2: CRASH detected
[2025-11-18 13:33:29] [WARNING]    Details: Process not found (confidence: 90%)
[2025-11-18 13:33:29] [DEBUG]    Detection method: process_check
[2025-11-18 13:33:31] [DEBUG]    → Roblox opened successfully
[2025-11-18 13:33:31] [SUCCESS] ✅ HP 1 - Main > Roblox Clone 4: Fixed in 3.2s
[2025-11-18 13:33:31] [DEBUG]    → Roblox opened successfully
[2025-11-18 13:33:31] [SUCCESS] ✅ HP 1 - Main > Roblox Clone 6: Fixed in 3.2s
[2025-11-18 13:33:31] [DEBUG]    → Roblox opened successfully
[2025-11-18 13:33:31] [SUCCESS] ✅ HP 1 - Main > Roblox Clone 2: Fixed in 2.7s
[2025-11-18 13:33:32] [DEBUG]    → Roblox opened successfully
[2025-11-18 13:33:32] [DEBUG]    → Roblox opened successfully
[2025-11-18 13:33:32] [SUCCESS] ✅ HP 1 - Main > Roblox Clone 1: Fixed in 4.5s
[2025-11-18 13:33:32] [SUCCESS] ✅ HP 1 - Main > Roblox Clone 5: Fixed in 4.5s
[2025-11-18 13:33:32] [INFO] 
────────────────────────────────────────────────────────────
[2025-11-18 13:33:32] [INFO] ✅ Cycle Complete (24.7s)
[2025-11-18 13:33:32] [INFO]    Healthy: 0
[2025-11-18 13:33:32] [SUCCESS]    Fixed: 7
[2025-11-18 13:33:32] [INFO]    Issues: 7 crash
[2025-11-18 13:33:32] [INFO] 
   Detection Details:
[2025-11-18 13:33:32] [INFO]       • HP 1 - Main > Roblox Clone 7: crash via process_check (90%)
[2025-11-18 13:33:32] [INFO]       • HP 1 - Main > Roblox Clone 3: crash via process_check (90%)
[2025-11-18 13:33:32] [INFO]       • HP 1 - Main > Roblox Clone 4: crash via process_check (90%)
[2025-11-18 13:33:32] [INFO]       • HP 1 - Main > Roblox Clone 6: crash via process_check (90%)
[2025-11-18 13:33:32] [INFO]       • HP 1 - Main > Roblox Clone 2: crash via process_check (90%)
[2025-11-18 13:33:32] [INFO] ────────────────────────────────────────────────────────────
[2025-11-18 13:33:32] [INFO] 
💤 Waiting 30s for next cycle...
[2025-11-18 13:34:02] [INFO] 
🔍 Starting check cycle for 7 clones...
[2025-11-18 13:34:02] [DEBUG]    → Checking for device hang...
[2025-11-18 13:34:02] [DEBUG]    → Checking for device hang...
[2025-11-18 13:34:02] [DEBUG]    → Checking for device hang...
[2025-11-18 13:34:02] [DEBUG]    → Checking for device hang...
[2025-11-18 13:34:02] [DEBUG]    → Checking for device hang...
[2025-11-18 13:34:02] [DEBUG]    → Checking for device hang...
[2025-11-18 13:34:02] [DEBUG]    → Checking for device hang...
[2025-11-18 13:34:10] [DEBUG]    → Device responding normally
[2025-11-18 13:34:10] [DEBUG]    → Health check: Roblox Clone 3
[2025-11-18 13:34:10] [DEBUG]    → Device responding normally
[2025-11-18 13:34:10] [DEBUG]    → Health check: Roblox Clone 4
[2025-11-18 13:34:10] [DEBUG]    → Device responding normally
[2025-11-18 13:34:10] [DEBUG]    → Health check: Roblox Clone 2
[2025-11-18 13:34:10] [DEBUG]    → Device responding normally
[2025-11-18 13:34:10] [DEBUG]    → Health check: Roblox Clone 1
[2025-11-18 13:34:10] [DEBUG]    → Device responding normally
[2025-11-18 13:34:10] [DEBUG]    → Health check: Roblox Clone 7
[2025-11-18 13:34:10] [DEBUG]    → Device responding normally
[2025-11-18 13:34:10] [DEBUG]    → Health check: Roblox Clone 5
[2025-11-18 13:34:10] [DEBUG]    → Device responding normally
[2025-11-18 13:34:10] [DEBUG]    → Health check: Roblox Clone 6
[2025-11-18 13:34:13] [DEBUG]    → ps -A failed, trying dumpsys...
[2025-11-18 13:34:14] [DEBUG]    → ps -A failed, trying dumpsys...
[2025-11-18 13:34:14] [DEBUG]    → ps -A failed, trying dumpsys...
[2025-11-18 13:34:14] [DEBUG]    → ps -A failed, trying dumpsys...
[2025-11-18 13:34:14] [DEBUG]    → ps -A failed, trying dumpsys...
[2025-11-18 13:34:15] [DEBUG]    → ps -A failed, trying dumpsys...
[2025-11-18 13:34:15] [DEBUG]    → ps -A failed, trying dumpsys...
[2025-11-18 13:34:17] [DEBUG]    → dumpsys failed, trying pidof...
[2025-11-18 13:34:18] [DEBUG]    → dumpsys failed, trying pidof...
[2025-11-18 13:34:18] [DEBUG]    → dumpsys failed, trying pidof...
[2025-11-18 13:34:18] [DEBUG]    → dumpsys failed, trying pidof...
[2025-11-18 13:34:18] [DEBUG]    → dumpsys failed, trying pidof...
[2025-11-18 13:34:19] [DEBUG]    → dumpsys failed, trying pidof...
[2025-11-18 13:34:19] [DEBUG]    → dumpsys failed, trying pidof...
[2025-11-18 13:34:19] [DEBUG]    → Process not found (all 3 methods failed - CRASHED)
[2025-11-18 13:34:19] [WARNING] ⚠️  HP 1 - Main > Roblox Clone 4: CRASH detected
[2025-11-18 13:34:19] [WARNING]    Details: Process not found (confidence: 90%)
[2025-11-18 13:34:19] [DEBUG]    Detection method: process_check
[2025-11-18 13:34:22] [DEBUG]    → Process not found (all 3 methods failed - CRASHED)
[2025-11-18 13:34:22] [WARNING] ⚠️  HP 1 - Main > Roblox Clone 5: CRASH detected
[2025-11-18 13:34:22] [WARNING]    Details: Process not found (confidence: 90%)
[2025-11-18 13:34:22] [DEBUG]    Detection method: process_check
[2025-11-18 13:34:22] [DEBUG]    → Process not found (all 3 methods failed - CRASHED)
[2025-11-18 13:34:22] [WARNING] ⚠️  HP 1 - Main > Roblox Clone 3: CRASH detected
[2025-11-18 13:34:22] [WARNING]    Details: Process not found (confidence: 90%)
[2025-11-18 13:34:22] [DEBUG]    Detection method: process_check
[2025-11-18 13:34:22] [DEBUG]    → Process not found (all 3 methods failed - CRASHED)
[2025-11-18 13:34:22] [DEBUG]    → Process not found (all 3 methods failed - CRASHED)
[2025-11-18 13:34:22] [WARNING] ⚠️  HP 1 - Main > Roblox Clone 2: CRASH detected
[2025-11-18 13:34:22] [WARNING]    Details: Process not found (confidence: 90%)
[2025-11-18 13:34:22] [DEBUG]    Detection method: process_check
[2025-11-18 13:34:22] [WARNING] ⚠️  HP 1 - Main > Roblox Clone 6: CRASH detected
[2025-11-18 13:34:22] [WARNING]    Details: Process not found (confidence: 90%)
[2025-11-18 13:34:22] [DEBUG]    Detection method: process_check
[2025-11-18 13:34:22] [DEBUG]    → Process not found (all 3 methods failed - CRASHED)
[2025-11-18 13:34:22] [WARNING] ⚠️  HP 1 - Main > Roblox Clone 1: CRASH detected
[2025-11-18 13:34:22] [WARNING]    Details: Process not found (confidence: 90%)
[2025-11-18 13:34:22] [DEBUG]    Detection method: process_check
[2025-11-18 13:34:22] [DEBUG]    → Roblox opened successfully
[2025-11-18 13:34:22] [SUCCESS] ✅ HP 1 - Main > Roblox Clone 4: Fixed in 2.7s
[2025-11-18 13:34:22] [DEBUG]    → Process not found (all 3 methods failed - CRASHED)
[2025-11-18 13:34:22] [WARNING] ⚠️  HP 1 - Main > Roblox Clone 7: CRASH detected
[2025-11-18 13:34:22] [WARNING]    Details: Process not found (confidence: 90%)
[2025-11-18 13:34:22] [DEBUG]    Detection method: process_check
[2025-11-18 13:34:25] [DEBUG]    → Roblox opened successfully
[2025-11-18 13:34:25] [SUCCESS] ✅ HP 1 - Main > Roblox Clone 5: Fixed in 3.8s
[2025-11-18 13:34:25] [DEBUG]    → Roblox opened successfully
[2025-11-18 13:34:25] [SUCCESS] ✅ HP 1 - Main > Roblox Clone 2: Fixed in 3.8s
[2025-11-18 13:34:26] [DEBUG]    → Roblox opened successfully
[2025-11-18 13:34:26] [SUCCESS] ✅ HP 1 - Main > Roblox Clone 1: Fixed in 3.8s
[2025-11-18 13:34:26] [DEBUG]    → Roblox opened successfully
[2025-11-18 13:34:26] [SUCCESS] ✅ HP 1 - Main > Roblox Clone 7: Fixed in 3.7s
[2025-11-18 13:34:26] [DEBUG]    → Roblox opened successfully
[2025-11-18 13:34:26] [SUCCESS] ✅ HP 1 - Main > Roblox Clone 3: Fixed in 4.6s
[2025-11-18 13:34:26] [DEBUG]    → Roblox opened successfully
[2025-11-18 13:34:26] [SUCCESS] ✅ HP 1 - Main > Roblox Clone 6: Fixed in 4.6s
[2025-11-18 13:34:26] [INFO] 
────────────────────────────────────────────────────────────
[2025-11-18 13:34:26] [INFO] ✅ Cycle Complete (24.4s)
[2025-11-18 13:34:26] [INFO]    Healthy: 0
[2025-11-18 13:34:26] [SUCCESS]    Fixed: 7
[2025-11-18 13:34:26] [INFO]    Issues: 7 crash
[2025-11-18 13:34:26] [INFO] 
   Detection Details:
[2025-11-18 13:34:26] [INFO]       • HP 1 - Main > Roblox Clone 4: crash via process_check (90%)
[2025-11-18 13:34:26] [INFO]       • HP 1 - Main > Roblox Clone 5: crash via process_check (90%)
[2025-11-18 13:34:26] [INFO]       • HP 1 - Main > Roblox Clone 2: crash via process_check (90%)
[2025-11-18 13:34:26] [INFO]       • HP 1 - Main > Roblox Clone 1: crash via process_check (90%)
[2025-11-18 13:34:26] [INFO]       • HP 1 - Main > Roblox Clone 7: crash via process_check (90%)
[2025-11-18 13:34:26] [INFO] ────────────────────────────────────────────────────────────
[2025-11-18 13:34:26] [INFO] 
💤 Waiting 30s for next cycle...
[2025-11-18 13:34:56] [INFO] 
🔍 Starting check cycle for 7 clones...
[2025-11-18 13:34:56] [DEBUG]    → Checking for device hang...
[2025-11-18 13:34:56] [DEBUG]    → Checking for device hang...
[2025-11-18 13:34:56] [DEBUG]    → Checking for device hang...
[2025-11-18 13:34:56] [DEBUG]    → Checking for device hang...
[2025-11-18 13:34:56] [DEBUG]    → Checking for device hang...
[2025-11-18 13:34:56] [DEBUG]    → Checking for device hang...
[2025-11-18 13:34:56] [DEBUG]    → Checking for device hang...
[2025-11-18 13:35:03] [DEBUG]    → Device responding normally
[2025-11-18 13:35:03] [DEBUG]    → Health check: Roblox Clone 1
[2025-11-18 13:35:03] [DEBUG]    → Device responding normally
[2025-11-18 13:35:03] [DEBUG]    → Health check: Roblox Clone 6
[2025-11-18 13:35:03] [DEBUG]    → Device responding normally
[2025-11-18 13:35:03] [DEBUG]    → Health check: Roblox Clone 7
[2025-11-18 13:35:03] [DEBUG]    → Device responding normally
[2025-11-18 13:35:03] [DEBUG]    → Health check: Roblox Clone 5
[2025-11-18 13:35:03] [DEBUG]    → Device responding normally
[2025-11-18 13:35:03] [DEBUG]    → Health check: Roblox Clone 3
[2025-11-18 13:35:03] [DEBUG]    → Device responding normally
[2025-11-18 13:35:03] [DEBUG]    → Health check: Roblox Clone 4
[2025-11-18 13:35:03] [DEBUG]    → Device responding normally
[2025-11-18 13:35:03] [DEBUG]    → Health check: Roblox Clone 2
[2025-11-18 13:35:07] [DEBUG]    → ps -A failed, trying dumpsys...
[2025-11-18 13:35:07] [DEBUG]    → ps -A failed, trying dumpsys...
[2025-11-18 13:35:07] [DEBUG]    → ps -A failed, trying dumpsys...
[2025-11-18 13:35:07] [DEBUG]    → ps -A failed, trying dumpsys...
[2025-11-18 13:35:07] [DEBUG]    → ps -A failed, trying dumpsys...
[2025-11-18 13:35:07] [DEBUG]    → ps -A failed, trying dumpsys...
[2025-11-18 13:35:07] [DEBUG]    → ps -A failed, trying dumpsys...
[2025-11-18 13:35:10] [DEBUG]    → dumpsys failed, trying pidof...
[2025-11-18 13:35:10] [DEBUG]    → dumpsys failed, trying pidof...
[2025-11-18 13:35:11] [DEBUG]    → dumpsys failed, trying pidof...
[2025-11-18 13:35:11] [DEBUG]    → dumpsys failed, trying pidof...
[2025-11-18 13:35:12] [DEBUG]    → dumpsys failed, trying pidof...
[2025-11-18 13:35:12] [DEBUG]    → dumpsys failed, trying pidof...
[2025-11-18 13:35:12] [DEBUG]    → dumpsys failed, trying pidof...
[2025-11-18 13:35:12] [DEBUG]    → Process not found (all 3 methods failed - CRASHED)
[2025-11-18 13:35:12] [WARNING] ⚠️  HP 1 - Main > Roblox Clone 6: CRASH detected
[2025-11-18 13:35:12] [WARNING]    Details: Process not found (confidence: 90%)
[2025-11-18 13:35:12] [DEBUG]    Detection method: process_check
[2025-11-18 13:35:13] [DEBUG]    → Process not found (all 3 methods failed - CRASHED)
[2025-11-18 13:35:13] [WARNING] ⚠️  HP 1 - Main > Roblox Clone 2: CRASH detected
[2025-11-18 13:35:13] [WARNING]    Details: Process not found (confidence: 90%)
[2025-11-18 13:35:13] [DEBUG]    Detection method: process_check
[2025-11-18 13:35:13] [DEBUG]    → Process not found (all 3 methods failed - CRASHED)
[2025-11-18 13:35:13] [WARNING] ⚠️  HP 1 - Main > Roblox Clone 3: CRASH detected
[2025-11-18 13:35:13] [WARNING]    Details: Process not found (confidence: 90%)
[2025-11-18 13:35:13] [DEBUG]    Detection method: process_check
[2025-11-18 13:35:14] [DEBUG]    → Process not found (all 3 methods failed - CRASHED)
[2025-11-18 13:35:14] [WARNING] ⚠️  HP 1 - Main > Roblox Clone 5: CRASH detected
[2025-11-18 13:35:14] [WARNING]    Details: Process not found (confidence: 90%)
[2025-11-18 13:35:14] [DEBUG]    Detection method: process_check
[2025-11-18 13:35:15] [DEBUG]    → Process not found (all 3 methods failed - CRASHED)
[2025-11-18 13:35:15] [WARNING] ⚠️  HP 1 - Main > Roblox Clone 4: CRASH detected
[2025-11-18 13:35:15] [WARNING]    Details: Process not found (confidence: 90%)
[2025-11-18 13:35:15] [DEBUG]    Detection method: process_check
[2025-11-18 13:35:15] [DEBUG]    → Process not found (all 3 methods failed - CRASHED)
[2025-11-18 13:35:15] [WARNING] ⚠️  HP 1 - Main > Roblox Clone 7: CRASH detected
[2025-11-18 13:35:15] [WARNING]    Details: Process not found (confidence: 90%)
[2025-11-18 13:35:15] [DEBUG]    Detection method: process_check
[2025-11-18 13:35:15] [DEBUG]    → Roblox opened successfully
[2025-11-18 13:35:15] [SUCCESS] ✅ HP 1 - Main > Roblox Clone 2: Fixed in 2.5s
[2025-11-18 13:35:15] [DEBUG]    → Roblox opened successfully
[2025-11-18 13:35:15] [SUCCESS] ✅ HP 1 - Main > Roblox Clone 6: Fixed in 3.1s
[2025-11-18 13:35:15] [DEBUG]    → Process not found (all 3 methods failed - CRASHED)
[2025-11-18 13:35:15] [WARNING] ⚠️  HP 1 - Main > Roblox Clone 1: CRASH detected
[2025-11-18 13:35:15] [WARNING]    Details: Process not found (confidence: 90%)
[2025-11-18 13:35:15] [DEBUG]    Detection method: process_check
[2025-11-18 13:35:15] [DEBUG]    → Roblox opened successfully
[2025-11-18 13:35:15] [SUCCESS] ✅ HP 1 - Main > Roblox Clone 3: Fixed in 2.4s
[2025-11-18 13:35:17] [DEBUG]    → Roblox opened successfully
[2025-11-18 13:35:17] [SUCCESS] ✅ HP 1 - Main > Roblox Clone 5: Fixed in 2.5s
[2025-11-18 13:35:17] [DEBUG]    → Roblox opened successfully
[2025-11-18 13:35:17] [SUCCESS] ✅ HP 1 - Main > Roblox Clone 4: Fixed in 2.6s
[2025-11-18 13:35:18] [DEBUG]    → Roblox opened successfully
[2025-11-18 13:35:18] [SUCCESS] ✅ HP 1 - Main > Roblox Clone 1: Fixed in 2.5s
[2025-11-18 13:35:18] [DEBUG]    → Roblox opened successfully
[2025-11-18 13:35:18] [SUCCESS] ✅ HP 1 - Main > Roblox Clone 7: Fixed in 3.1s
[2025-11-18 13:35:18] [INFO] 
────────────────────────────────────────────────────────────
[2025-11-18 13:35:18] [INFO] ✅ Cycle Complete (21.7s)
[2025-11-18 13:35:18] [INFO]    Healthy: 0
[2025-11-18 13:35:18] [SUCCESS]    Fixed: 7
[2025-11-18 13:35:18] [INFO]    Issues: 7 crash
[2025-11-18 13:35:18] [INFO] 
   Detection Details:
[2025-11-18 13:35:18] [INFO]       • HP 1 - Main > Roblox Clone 2: crash via process_check (90%)
[2025-11-18 13:35:18] [INFO]       • HP 1 - Main > Roblox Clone 6: crash via process_check (90%)
[2025-11-18 13:35:18] [INFO]       • HP 1 - Main > Roblox Clone 3: crash via process_check (90%)
[2025-11-18 13:35:18] [INFO]       • HP 1 - Main > Roblox Clone 5: crash via process_check (90%)
[2025-11-18 13:35:18] [INFO]       • HP 1 - Main > Roblox Clone 4: crash via process_check (90%)
[2025-11-18 13:35:18] [INFO] ────────────────────────────────────────────────────────────
[2025-11-18 13:35:18] [INFO] 
💤 Waiting 30s for next cycle...
[2025-11-18 13:35:48] [INFO] 
🔍 Starting check cycle for 7 clones...
[2025-11-18 13:35:48] [DEBUG]    → Checking for device hang...
[2025-11-18 13:35:48] [DEBUG]    → Checking for device hang...
[2025-11-18 13:35:48] [DEBUG]    → Checking for device hang...
[2025-11-18 13:35:48] [DEBUG]    → Checking for device hang...
[2025-11-18 13:35:48] [DEBUG]    → Checking for device hang...
[2025-11-18 13:35:48] [DEBUG]    → Checking for device hang...
[2025-11-18 13:35:48] [DEBUG]    → Checking for device hang...
[2025-11-18 13:35:56] [DEBUG]    → Device responding normally
[2025-11-18 13:35:56] [DEBUG]    → Health check: Roblox Clone 1
[2025-11-18 13:35:56] [DEBUG]    → Device responding normally
[2025-11-18 13:35:56] [DEBUG]    → Health check: Roblox Clone 4
[2025-11-18 13:35:56] [DEBUG]    → Device responding normally
[2025-11-18 13:35:56] [DEBUG]    → Device responding normally
[2025-11-18 13:35:56] [DEBUG]    → Device responding normally
[2025-11-18 13:35:56] [DEBUG]    → Device responding normally
[2025-11-18 13:35:56] [DEBUG]    → Health check: Roblox Clone 7
[2025-11-18 13:35:56] [DEBUG]    → Device responding normally
[2025-11-18 13:35:56] [DEBUG]    → Health check: Roblox Clone 6
[2025-11-18 13:35:56] [DEBUG]    → Health check: Roblox Clone 5
[2025-11-18 13:35:56] [DEBUG]    → Health check: Roblox Clone 2
[2025-11-18 13:35:56] [DEBUG]    → Health check: Roblox Clone 3
[2025-11-18 13:35:59] [DEBUG]    → ps -A failed, trying dumpsys...
[2025-11-18 13:35:59] [DEBUG]    → ps -A failed, trying dumpsys...
[2025-11-18 13:36:00] [DEBUG]    → ps -A failed, trying dumpsys...
[2025-11-18 13:36:00] [DEBUG]    → ps -A failed, trying dumpsys...
[2025-11-18 13:36:00] [DEBUG]    → ps -A failed, trying dumpsys...
[2025-11-18 13:36:00] [DEBUG]    → ps -A failed, trying dumpsys...
[2025-11-18 13:36:00] [DEBUG]    → ps -A failed, trying dumpsys...
[2025-11-18 13:36:02] [DEBUG]    → dumpsys failed, trying pidof...
[2025-11-18 13:36:04] [DEBUG]    → dumpsys failed, trying pidof...
[2025-11-18 13:36:05] [DEBUG]    → Process not found (all 3 methods failed - CRASHED)
[2025-11-18 13:36:05] [DEBUG]    → dumpsys failed, trying pidof...
[2025-11-18 13:36:05] [WARNING] ⚠️  HP 1 - Main > Roblox Clone 6: CRASH detected
[2025-11-18 13:36:05] [WARNING]    Details: Process not found (confidence: 90%)
[2025-11-18 13:36:05] [DEBUG]    Detection method: process_check
[2025-11-18 13:36:05] [DEBUG]    → dumpsys failed, trying pidof...
[2025-11-18 13:36:05] [DEBUG]    → dumpsys failed, trying pidof...
[2025-11-18 13:36:05] [DEBUG]    → dumpsys failed, trying pidof...
[2025-11-18 13:36:05] [DEBUG]    → dumpsys failed, trying pidof...
[2025-11-18 13:36:06] [DEBUG]    → Process not found (all 3 methods failed - CRASHED)
[2025-11-18 13:36:06] [WARNING] ⚠️  HP 1 - Main > Roblox Clone 4: CRASH detected
[2025-11-18 13:36:06] [WARNING]    Details: Process not found (confidence: 90%)
[2025-11-18 13:36:06] [DEBUG]    Detection method: process_check
[2025-11-18 13:36:07] [DEBUG]    → Process not found (all 3 methods failed - CRASHED)
[2025-11-18 13:36:07] [WARNING] ⚠️  HP 1 - Main > Roblox Clone 5: CRASH detected
[2025-11-18 13:36:07] [WARNING]    Details: Process not found (confidence: 90%)
[2025-11-18 13:36:07] [DEBUG]    Detection method: process_check
[2025-11-18 13:36:08] [DEBUG]    → Roblox opened successfully
[2025-11-18 13:36:08] [SUCCESS] ✅ HP 1 - Main > Roblox Clone 6: Fixed in 3.2s
[2025-11-18 13:36:08] [DEBUG]    → Process not found (all 3 methods failed - CRASHED)
[2025-11-18 13:36:08] [WARNING] ⚠️  HP 1 - Main > Roblox Clone 1: CRASH detected
[2025-11-18 13:36:08] [WARNING]    Details: Process not found (confidence: 90%)
[2025-11-18 13:36:08] [DEBUG]    Detection method: process_check
[2025-11-18 13:36:08] [DEBUG]    → Process not found (all 3 methods failed - CRASHED)
[2025-11-18 13:36:08] [WARNING] ⚠️  HP 1 - Main > Roblox Clone 2: CRASH detected
[2025-11-18 13:36:08] [WARNING]    Details: Process not found (confidence: 90%)
[2025-11-18 13:36:08] [DEBUG]    Detection method: process_check
[2025-11-18 13:36:08] [DEBUG]    → Process not found (all 3 methods failed - CRASHED)
[2025-11-18 13:36:08] [WARNING] ⚠️  HP 1 - Main > Roblox Clone 7: CRASH detected
[2025-11-18 13:36:08] [WARNING]    Details: Process not found (confidence: 90%)
[2025-11-18 13:36:08] [DEBUG]    Detection method: process_check
[2025-11-18 13:36:09] [DEBUG]    → Process not found (all 3 methods failed - CRASHED)
[2025-11-18 13:36:09] [WARNING] ⚠️  HP 1 - Main > Roblox Clone 3: CRASH detected
[2025-11-18 13:36:09] [WARNING]    Details: Process not found (confidence: 90%)
[2025-11-18 13:36:09] [DEBUG]    Detection method: process_check
[2025-11-18 13:36:09] [DEBUG]    → Roblox opened successfully
[2025-11-18 13:36:09] [SUCCESS] ✅ HP 1 - Main > Roblox Clone 4: Fixed in 3.0s
[2025-11-18 13:36:09] [DEBUG]    → Roblox opened successfully
[2025-11-18 13:36:09] [SUCCESS] ✅ HP 1 - Main > Roblox Clone 5: Fixed in 2.0s
[2025-11-18 13:36:11] [DEBUG]    → Roblox opened successfully
[2025-11-18 13:36:11] [SUCCESS] ✅ HP 1 - Main > Roblox Clone 1: Fixed in 2.7s
[2025-11-18 13:36:11] [DEBUG]    → Roblox opened successfully
[2025-11-18 13:36:11] [SUCCESS] ✅ HP 1 - Main > Roblox Clone 2: Fixed in 2.6s
[2025-11-18 13:36:11] [DEBUG]    → Roblox opened successfully
[2025-11-18 13:36:11] [SUCCESS] ✅ HP 1 - Main > Roblox Clone 7: Fixed in 2.7s
[2025-11-18 13:36:11] [DEBUG]    → Roblox opened successfully
[2025-11-18 13:36:11] [SUCCESS] ✅ HP 1 - Main > Roblox Clone 3: Fixed in 2.5s
[2025-11-18 13:36:11] [INFO] 
────────────────────────────────────────────────────────────
[2025-11-18 13:36:11] [INFO] ✅ Cycle Complete (23.2s)
[2025-11-18 13:36:11] [INFO]    Healthy: 0
[2025-11-18 13:36:11] [SUCCESS]    Fixed: 7
[2025-11-18 13:36:11] [INFO]    Issues: 7 crash
[2025-11-18 13:36:11] [INFO] 
   Detection Details:
[2025-11-18 13:36:11] [INFO]       • HP 1 - Main > Roblox Clone 6: crash via process_check (90%)
[2025-11-18 13:36:11] [INFO]       • HP 1 - Main > Roblox Clone 4: crash via process_check (90%)
[2025-11-18 13:36:11] [INFO]       • HP 1 - Main > Roblox Clone 5: crash via process_check (90%)
[2025-11-18 13:36:11] [INFO]       • HP 1 - Main > Roblox Clone 1: crash via process_check (90%)
[2025-11-18 13:36:11] [INFO]       • HP 1 - Main > Roblox Clone 2: crash via process_check (90%)
[2025-11-18 13:36:11] [INFO] ────────────────────────────────────────────────────────────
[2025-11-18 13:36:11] [INFO] 
💤 Waiting 30s for next cycle...
[2025-11-18 13:36:41] [INFO] 
🔍 Starting check cycle for 7 clones...
[2025-11-18 13:36:41] [DEBUG]    → Checking for device hang...
[2025-11-18 13:36:41] [DEBUG]    → Checking for device hang...
[2025-11-18 13:36:41] [DEBUG]    → Checking for device hang...
[2025-11-18 13:36:41] [DEBUG]    → Checking for device hang...
[2025-11-18 13:36:41] [DEBUG]    → Checking for device hang...
[2025-11-18 13:36:41] [DEBUG]    → Checking for device hang...
[2025-11-18 13:36:41] [DEBUG]    → Checking for device hang...
[2025-11-18 13:36:49] [DEBUG]    → Device responding normally
[2025-11-18 13:36:49] [DEBUG]    → Health check: Roblox Clone 2
[2025-11-18 13:36:49] [DEBUG]    → Device responding normally
[2025-11-18 13:36:49] [DEBUG]    → Health check: Roblox Clone 1
[2025-11-18 13:36:49] [DEBUG]    → Device responding normally
[2025-11-18 13:36:49] [DEBUG]    → Health check: Roblox Clone 7
[2025-11-18 13:36:49] [DEBUG]    → Device responding normally
[2025-11-18 13:36:49] [DEBUG]    → Health check: Roblox Clone 4
[2025-11-18 13:36:49] [DEBUG]    → Device responding normally
[2025-11-18 13:36:49] [DEBUG]    → Health check: Roblox Clone 6
[2025-11-18 13:36:49] [DEBUG]    → Device responding normally
[2025-11-18 13:36:49] [DEBUG]    → Health check: Roblox Clone 3
[2025-11-18 13:36:49] [DEBUG]    → Device responding normally
[2025-11-18 13:36:49] [DEBUG]    → Health check: Roblox Clone 5
[2025-11-18 13:36:52] [DEBUG]    → ps -A failed, trying dumpsys...
[2025-11-18 13:36:52] [DEBUG]    → ps -A failed, trying dumpsys...
[2025-11-18 13:36:52] [DEBUG]    → ps -A failed, trying dumpsys...
[2025-11-18 13:36:52] [DEBUG]    → ps -A failed, trying dumpsys...
[2025-11-18 13:36:52] [DEBUG]    → ps -A failed, trying dumpsys...
[2025-11-18 13:36:53] [DEBUG]    → ps -A failed, trying dumpsys...
[2025-11-18 13:36:53] [DEBUG]    → ps -A failed, trying dumpsys...
[2025-11-18 13:36:54] [DEBUG]    → dumpsys failed, trying pidof...
[2025-11-18 13:36:57] [DEBUG]    → dumpsys failed, trying pidof...
[2025-11-18 13:36:57] [DEBUG]    → dumpsys failed, trying pidof...
[2025-11-18 13:36:57] [DEBUG]    → dumpsys failed, trying pidof...
[2025-11-18 13:36:57] [DEBUG]    → Process not found (all 3 methods failed - CRASHED)
[2025-11-18 13:36:57] [WARNING] ⚠️  HP 1 - Main > Roblox Clone 2: CRASH detected
[2025-11-18 13:36:57] [WARNING]    Details: Process not found (confidence: 90%)
[2025-11-18 13:36:57] [DEBUG]    Detection method: process_check
[2025-11-18 13:36:57] [DEBUG]    → dumpsys failed, trying pidof...
[2025-11-18 13:36:57] [DEBUG]    → dumpsys failed, trying pidof...
[2025-11-18 13:36:58] [DEBUG]    → dumpsys failed, trying pidof...
[2025-11-18 13:37:01] [DEBUG]    → Process not found (all 3 methods failed - CRASHED)
[2025-11-18 13:37:01] [WARNING] ⚠️  HP 1 - Main > Roblox Clone 4: CRASH detected
[2025-11-18 13:37:01] [WARNING]    Details: Process not found (confidence: 90%)
[2025-11-18 13:37:01] [DEBUG]    Detection method: process_check
[2025-11-18 13:37:01] [DEBUG]    → Process not found (all 3 methods failed - CRASHED)
[2025-11-18 13:37:01] [WARNING] ⚠️  HP 1 - Main > Roblox Clone 6: CRASH detected
[2025-11-18 13:37:01] [WARNING]    Details: Process not found (confidence: 90%)
[2025-11-18 13:37:01] [DEBUG]    Detection method: process_check
[2025-11-18 13:37:01] [DEBUG]    → Process not found (all 3 methods failed - CRASHED)
[2025-11-18 13:37:01] [WARNING] ⚠️  HP 1 - Main > Roblox Clone 3: CRASH detected
[2025-11-18 13:37:01] [WARNING]    Details: Process not found (confidence: 90%)
[2025-11-18 13:37:01] [DEBUG]    Detection method: process_check
[2025-11-18 13:37:01] [DEBUG]    → Process not found (all 3 methods failed - CRASHED)
[2025-11-18 13:37:01] [WARNING] ⚠️  HP 1 - Main > Roblox Clone 5: CRASH detected
[2025-11-18 13:37:01] [WARNING]    Details: Process not found (confidence: 90%)
[2025-11-18 13:37:01] [DEBUG]    Detection method: process_check
[2025-11-18 13:37:01] [DEBUG]    → Process not found (all 3 methods failed - CRASHED)
[2025-11-18 13:37:01] [WARNING] ⚠️  HP 1 - Main > Roblox Clone 1: CRASH detected
[2025-11-18 13:37:01] [WARNING]    Details: Process not found (confidence: 90%)
[2025-11-18 13:37:01] [DEBUG]    Detection method: process_check
[2025-11-18 13:37:01] [DEBUG]    → Roblox opened successfully
[2025-11-18 13:37:01] [SUCCESS] ✅ HP 1 - Main > Roblox Clone 2: Fixed in 4.0s
[2025-11-18 13:37:01] [DEBUG]    → Process not found (all 3 methods failed - CRASHED)
[2025-11-18 13:37:01] [WARNING] ⚠️  HP 1 - Main > Roblox Clone 7: CRASH detected
[2025-11-18 13:37:01] [WARNING]    Details: Process not found (confidence: 90%)
[2025-11-18 13:37:01] [DEBUG]    Detection method: process_check
[2025-11-18 13:37:04] [DEBUG]    → Roblox opened successfully
[2025-11-18 13:37:04] [SUCCESS] ✅ HP 1 - Main > Roblox Clone 5: Fixed in 2.8s
[2025-11-18 13:37:04] [DEBUG]    → Roblox opened successfully
[2025-11-18 13:37:04] [SUCCESS] ✅ HP 1 - Main > Roblox Clone 6: Fixed in 3.7s
[2025-11-18 13:37:05] [DEBUG]    → Roblox opened successfully
[2025-11-18 13:37:05] [DEBUG]    → Roblox opened successfully
[2025-11-18 13:37:05] [SUCCESS] ✅ HP 1 - Main > Roblox Clone 7: Fixed in 3.1s
[2025-11-18 13:37:05] [DEBUG]    → Roblox opened successfully
[2025-11-18 13:37:05] [SUCCESS] ✅ HP 1 - Main > Roblox Clone 4: Fixed in 3.9s
[2025-11-18 13:37:05] [SUCCESS] ✅ HP 1 - Main > Roblox Clone 3: Fixed in 3.7s
[2025-11-18 13:37:05] [DEBUG]    → Roblox opened successfully
[2025-11-18 13:37:05] [SUCCESS] ✅ HP 1 - Main > Roblox Clone 1: Fixed in 3.8s
[2025-11-18 13:37:05] [INFO] 
────────────────────────────────────────────────────────────
[2025-11-18 13:37:05] [INFO] ✅ Cycle Complete (23.7s)
[2025-11-18 13:37:05] [INFO]    Healthy: 0
[2025-11-18 13:37:05] [SUCCESS]    Fixed: 7
[2025-11-18 13:37:05] [INFO]    Issues: 7 crash
[2025-11-18 13:37:05] [INFO] 
   Detection Details:
[2025-11-18 13:37:05] [INFO]       • HP 1 - Main > Roblox Clone 2: crash via process_check (90%)
[2025-11-18 13:37:05] [INFO]       • HP 1 - Main > Roblox Clone 5: crash via process_check (90%)
[2025-11-18 13:37:05] [INFO]       • HP 1 - Main > Roblox Clone 6: crash via process_check (90%)
[2025-11-18 13:37:05] [INFO]       • HP 1 - Main > Roblox Clone 7: crash via process_check (90%)
[2025-11-18 13:37:05] [INFO]       • HP 1 - Main > Roblox Clone 4: crash via process_check (90%)
[2025-11-18 13:37:05] [INFO] ────────────────────────────────────────────────────────────
[2025-11-18 13:37:05] [INFO] 
💤 Waiting 30s for next cycle...
[2025-11-18 13:37:35] [INFO] 
🔍 Starting check cycle for 7 clones...
[2025-11-18 13:37:35] [DEBUG]    → Checking for device hang...
[2025-11-18 13:37:35] [DEBUG]    → Checking for device hang...
[2025-11-18 13:37:35] [DEBUG]    → Checking for device hang...
[2025-11-18 13:37:35] [DEBUG]    → Checking for device hang...
[2025-11-18 13:37:35] [DEBUG]    → Checking for device hang...
[2025-11-18 13:37:35] [DEBUG]    → Checking for device hang...
[2025-11-18 13:37:35] [DEBUG]    → Checking for device hang...
[2025-11-18 13:37:42] [DEBUG]    → Device responding normally
[2025-11-18 13:37:42] [DEBUG]    → Health check: Roblox Clone 7
[2025-11-18 13:37:42] [DEBUG]    → Device responding normally
[2025-11-18 13:37:42] [DEBUG]    → Health check: Roblox Clone 2
[2025-11-18 13:37:42] [DEBUG]    → Device responding normally
[2025-11-18 13:37:42] [DEBUG]    → Health check: Roblox Clone 4
[2025-11-18 13:37:42] [DEBUG]    → Device responding normally
[2025-11-18 13:37:42] [DEBUG]    → Health check: Roblox Clone 6
[2025-11-18 13:37:43] [DEBUG]    → Device responding normally
[2025-11-18 13:37:43] [DEBUG]    → Health check: Roblox Clone 5
[2025-11-18 13:37:43] [DEBUG]    → Device responding normally
[2025-11-18 13:37:43] [DEBUG]    → Health check: Roblox Clone 3
[2025-11-18 13:37:43] [DEBUG]    → Device responding normally
[2025-11-18 13:37:43] [DEBUG]    → Health check: Roblox Clone 1
[2025-11-18 13:37:45] [DEBUG]    → ps -A failed, trying dumpsys...
[2025-11-18 13:37:46] [DEBUG]    → ps -A failed, trying dumpsys...
[2025-11-18 13:37:46] [DEBUG]    → ps -A failed, trying dumpsys...
[2025-11-18 13:37:46] [DEBUG]    → ps -A failed, trying dumpsys...
[2025-11-18 13:37:46] [DEBUG]    → ps -A failed, trying dumpsys...
[2025-11-18 13:37:46] [DEBUG]    → ps -A failed, trying dumpsys...
[2025-11-18 13:37:46] [DEBUG]    → ps -A failed, trying dumpsys...
[2025-11-18 13:37:49] [DEBUG]    → dumpsys failed, trying pidof...
[2025-11-18 13:37:50] [DEBUG]    → dumpsys failed, trying pidof...
[2025-11-18 13:37:50] [DEBUG]    → dumpsys failed, trying pidof...
[2025-11-18 13:37:51] [DEBUG]    → Process not found (all 3 methods failed - CRASHED)
[2025-11-18 13:37:51] [WARNING] ⚠️  HP 1 - Main > Roblox Clone 2: CRASH detected
[2025-11-18 13:37:51] [WARNING]    Details: Process not found (confidence: 90%)
[2025-11-18 13:37:51] [DEBUG]    Detection method: process_check
[2025-11-18 13:37:51] [DEBUG]    → dumpsys failed, trying pidof...
[2025-11-18 13:37:51] [DEBUG]    → dumpsys failed, trying pidof...
[2025-11-18 13:37:51] [DEBUG]    → dumpsys failed, trying pidof...
[2025-11-18 13:37:51] [DEBUG]    → dumpsys failed, trying pidof...
[2025-11-18 13:37:52] [DEBUG]    → Process not found (all 3 methods failed - CRASHED)
[2025-11-18 13:37:52] [DEBUG]    → Process not found (all 3 methods failed - CRASHED)
[2025-11-18 13:37:52] [WARNING] ⚠️  HP 1 - Main > Roblox Clone 7: CRASH detected
[2025-11-18 13:37:52] [WARNING]    Details: Process not found (confidence: 90%)
[2025-11-18 13:37:52] [DEBUG]    Detection method: process_check
[2025-11-18 13:37:52] [WARNING] ⚠️  HP 1 - Main > Roblox Clone 6: CRASH detected
[2025-11-18 13:37:52] [WARNING]    Details: Process not found (confidence: 90%)
[2025-11-18 13:37:52] [DEBUG]    Detection method: process_check
[2025-11-18 13:37:53] [DEBUG]    → Process not found (all 3 methods failed - CRASHED)
[2025-11-18 13:37:53] [WARNING] ⚠️  HP 1 - Main > Roblox Clone 1: CRASH detected
[2025-11-18 13:37:53] [WARNING]    Details: Process not found (confidence: 90%)
[2025-11-18 13:37:53] [DEBUG]    Detection method: process_check
[2025-11-18 13:37:54] [DEBUG]    → Roblox opened successfully
[2025-11-18 13:37:54] [DEBUG]    → Process not found (all 3 methods failed - CRASHED)
[2025-11-18 13:37:54] [SUCCESS] ✅ HP 1 - Main > Roblox Clone 2: Fixed in 3.2s
[2025-11-18 13:37:54] [WARNING] ⚠️  HP 1 - Main > Roblox Clone 4: CRASH detected
[2025-11-18 13:37:54] [DEBUG]    → Process not found (all 3 methods failed - CRASHED)
[2025-11-18 13:37:54] [WARNING]    Details: Process not found (confidence: 90%)
[2025-11-18 13:37:54] [DEBUG]    → Process not found (all 3 methods failed - CRASHED)
[2025-11-18 13:37:54] [DEBUG]    Detection method: process_check
[2025-11-18 13:37:54] [WARNING] ⚠️  HP 1 - Main > Roblox Clone 3: CRASH detected
[2025-11-18 13:37:54] [WARNING]    Details: Process not found (confidence: 90%)
[2025-11-18 13:37:54] [DEBUG]    Detection method: process_check
[2025-11-18 13:37:54] [WARNING] ⚠️  HP 1 - Main > Roblox Clone 5: CRASH detected
[2025-11-18 13:37:54] [WARNING]    Details: Process not found (confidence: 90%)
[2025-11-18 13:37:54] [DEBUG]    Detection method: process_check
[2025-11-18 13:37:54] [DEBUG]    → Roblox opened successfully
[2025-11-18 13:37:54] [SUCCESS] ✅ HP 1 - Main > Roblox Clone 7: Fixed in 2.2s
[2025-11-18 13:37:55] [DEBUG]    → Roblox opened successfully
[2025-11-18 13:37:55] [SUCCESS] ✅ HP 1 - Main > Roblox Clone 6: Fixed in 2.7s
[2025-11-18 13:37:55] [DEBUG]    → Roblox opened successfully
[2025-11-18 13:37:55] [SUCCESS] ✅ HP 1 - Main > Roblox Clone 1: Fixed in 1.9s
[2025-11-18 13:37:56] [DEBUG]    → Roblox opened successfully
[2025-11-18 13:37:56] [DEBUG]    → Roblox opened successfully
[2025-11-18 13:37:56] [SUCCESS] ✅ HP 1 - Main > Roblox Clone 4: Fixed in 2.6s
[2025-11-18 13:37:56] [SUCCESS] ✅ HP 1 - Main > Roblox Clone 5: Fixed in 2.7s
[2025-11-18 13:37:56] [DEBUG]    → Roblox opened successfully
[2025-11-18 13:37:56] [SUCCESS] ✅ HP 1 - Main > Roblox Clone 3: Fixed in 2.7s
[2025-11-18 13:37:56] [INFO] 
────────────────────────────────────────────────────────────
[2025-11-18 13:37:56] [INFO] ✅ Cycle Complete (21.5s)
[2025-11-18 13:37:57] [INFO]    Healthy: 0
[2025-11-18 13:37:57] [SUCCESS]    Fixed: 7
[2025-11-18 13:37:57] [INFO]    Issues: 7 crash
[2025-11-18 13:37:57] [INFO] 
   Detection Details:
[2025-11-18 13:37:57] [INFO]       • HP 1 - Main > Roblox Clone 2: crash via process_check (90%)
[2025-11-18 13:37:57] [INFO]       • HP 1 - Main > Roblox Clone 7: crash via process_check (90%)
[2025-11-18 13:37:57] [INFO]       • HP 1 - Main > Roblox Clone 6: crash via process_check (90%)
[2025-11-18 13:37:57] [INFO]       • HP 1 - Main > Roblox Clone 1: crash via process_check (90%)
[2025-11-18 13:37:57] [INFO]       • HP 1 - Main > Roblox Clone 4: crash via process_check (90%)
[2025-11-18 13:37:57] [INFO] ────────────────────────────────────────────────────────────
[2025-11-18 13:37:57] [INFO] 
💤 Waiting 30s for next cycle...
[2025-11-18 13:38:27] [INFO] 
🔍 Starting check cycle for 7 clones...
[2025-11-18 13:38:27] [DEBUG]    → Checking for device hang...
[2025-11-18 13:38:27] [DEBUG]    → Checking for device hang...
[2025-11-18 13:38:27] [DEBUG]    → Checking for device hang...
[2025-11-18 13:38:27] [DEBUG]    → Checking for device hang...
[2025-11-18 13:38:27] [DEBUG]    → Checking for device hang...
[2025-11-18 13:38:27] [DEBUG]    → Checking for device hang...
[2025-11-18 13:38:27] [DEBUG]    → Checking for device hang...
[2025-11-18 13:38:35] [DEBUG]    → Device responding normally
[2025-11-18 13:38:35] [DEBUG]    → Health check: Roblox Clone 5
[2025-11-18 13:38:35] [DEBUG]    → Device responding normally
[2025-11-18 13:38:35] [DEBUG]    → Health check: Roblox Clone 6
[2025-11-18 13:38:35] [DEBUG]    → Device responding normally
[2025-11-18 13:38:35] [DEBUG]    → Health check: Roblox Clone 2
[2025-11-18 13:38:35] [DEBUG]    → Device responding normally
[2025-11-18 13:38:35] [DEBUG]    → Health check: Roblox Clone 4
[2025-11-18 13:38:35] [DEBUG]    → Device responding normally
[2025-11-18 13:38:35] [DEBUG]    → Health check: Roblox Clone 7
[2025-11-18 13:38:35] [DEBUG]    → Device responding normally
[2025-11-18 13:38:35] [DEBUG]    → Health check: Roblox Clone 3
[2025-11-18 13:38:35] [DEBUG]    → Device responding normally
[2025-11-18 13:38:35] [DEBUG]    → Health check: Roblox Clone 1
[2025-11-18 13:38:38] [DEBUG]    → ps -A failed, trying dumpsys...
[2025-11-18 13:38:39] [DEBUG]    → ps -A failed, trying dumpsys...
[2025-11-18 13:38:39] [DEBUG]    → ps -A failed, trying dumpsys...
[2025-11-18 13:38:39] [DEBUG]    → ps -A failed, trying dumpsys...
[2025-11-18 13:38:39] [DEBUG]    → ps -A failed, trying dumpsys...
[2025-11-18 13:38:39] [DEBUG]    → ps -A failed, trying dumpsys...
[2025-11-18 13:38:40] [DEBUG]    → ps -A failed, trying dumpsys...
[2025-11-18 13:38:45] [DEBUG]    → dumpsys failed, trying pidof...
[2025-11-18 13:38:46] [DEBUG]    → dumpsys failed, trying pidof...
[2025-11-18 13:38:46] [DEBUG]    → dumpsys failed, trying pidof...
[2025-11-18 13:38:46] [DEBUG]    → dumpsys failed, trying pidof...
[2025-11-18 13:38:46] [DEBUG]    → dumpsys failed, trying pidof...
[2025-11-18 13:38:46] [DEBUG]    → dumpsys failed, trying pidof...
[2025-11-18 13:38:46] [DEBUG]    → dumpsys failed, trying pidof...
[2025-11-18 13:38:51] [DEBUG]    → Process not found (all 3 methods failed - CRASHED)
[2025-11-18 13:38:51] [WARNING] ⚠️  HP 1 - Main > Roblox Clone 1: CRASH detected
[2025-11-18 13:38:51] [WARNING]    Details: Process not found (confidence: 90%)
[2025-11-18 13:38:51] [DEBUG]    Detection method: process_check
[2025-11-18 13:38:51] [DEBUG]    → Process not found (all 3 methods failed - CRASHED)
[2025-11-18 13:38:51] [WARNING] ⚠️  HP 1 - Main > Roblox Clone 3: CRASH detected
[2025-11-18 13:38:51] [WARNING]    Details: Process not found (confidence: 90%)
[2025-11-18 13:38:51] [DEBUG]    Detection method: process_check
[2025-11-18 13:38:52] [DEBUG]    → Process not found (all 3 methods failed - CRASHED)
[2025-11-18 13:38:52] [WARNING] ⚠️  HP 1 - Main > Roblox Clone 6: CRASH detected
[2025-11-18 13:38:52] [WARNING]    Details: Process not found (confidence: 90%)
[2025-11-18 13:38:52] [DEBUG]    Detection method: process_check
[2025-11-18 13:38:52] [DEBUG]    → Process not found (all 3 methods failed - CRASHED)
[2025-11-18 13:38:52] [WARNING] ⚠️  HP 1 - Main > Roblox Clone 5: CRASH detected
[2025-11-18 13:38:52] [WARNING]    Details: Process not found (confidence: 90%)
[2025-11-18 13:38:52] [DEBUG]    Detection method: process_check
[2025-11-18 13:38:52] [DEBUG]    → Process not found (all 3 methods failed - CRASHED)
[2025-11-18 13:38:52] [WARNING] ⚠️  HP 1 - Main > Roblox Clone 2: CRASH detected
[2025-11-18 13:38:52] [WARNING]    Details: Process not found (confidence: 90%)
[2025-11-18 13:38:52] [DEBUG]    Detection method: process_check
[2025-11-18 13:38:52] [DEBUG]    → Process not found (all 3 methods failed - CRASHED)
[2025-11-18 13:38:52] [WARNING] ⚠️  HP 1 - Main > Roblox Clone 4: CRASH detected
[2025-11-18 13:38:52] [WARNING]    Details: Process not found (confidence: 90%)
[2025-11-18 13:38:52] [DEBUG]    Detection method: process_check
[2025-11-18 13:38:52] [DEBUG]    → Process not found (all 3 methods failed - CRASHED)
[2025-11-18 13:38:52] [WARNING] ⚠️  HP 1 - Main > Roblox Clone 7: CRASH detected
[2025-11-18 13:38:52] [WARNING]    Details: Process not found (confidence: 90%)
[2025-11-18 13:38:52] [DEBUG]    Detection method: process_check
[2025-11-18 13:38:56] [DEBUG]    → Roblox opened successfully
[2025-11-18 13:38:56] [SUCCESS] ✅ HP 1 - Main > Roblox Clone 6: Fixed in 4.5s
[2025-11-18 13:38:57] [DEBUG]    → Roblox opened successfully
[2025-11-18 13:38:57] [SUCCESS] ✅ HP 1 - Main > Roblox Clone 7: Fixed in 4.4s
[2025-11-18 13:38:57] [DEBUG]    → Roblox opened successfully
[2025-11-18 13:38:57] [SUCCESS] ✅ HP 1 - Main > Roblox Clone 5: Fixed in 5.1s
[2025-11-18 13:38:57] [DEBUG]    → Roblox opened successfully
[2025-11-18 13:38:57] [SUCCESS] ✅ HP 1 - Main > Roblox Clone 2: Fixed in 5.0s
[2025-11-18 13:38:57] [ERROR] ❌ HP 1 - Main > Roblox Clone 1: Fix failed - Unknown error
[2025-11-18 13:38:57] [DEBUG]    → Roblox opened successfully
[2025-11-18 13:38:57] [SUCCESS] ✅ HP 1 - Main > Roblox Clone 4: Fixed in 5.0s
[2025-11-18 13:38:57] [DEBUG]    → Roblox opened successfully
[2025-11-18 13:38:57] [SUCCESS] ✅ HP 1 - Main > Roblox Clone 3: Fixed in 5.7s
[2025-11-18 13:38:57] [INFO] 
────────────────────────────────────────────────────────────
[2025-11-18 13:38:57] [INFO] ✅ Cycle Complete (30.7s)
[2025-11-18 13:38:57] [INFO]    Healthy: 0
[2025-11-18 13:38:57] [SUCCESS]    Fixed: 6
[2025-11-18 13:38:57] [INFO]    Issues: 6 crash
[2025-11-18 13:38:57] [INFO] 
   Detection Details:
[2025-11-18 13:38:57] [INFO]       • HP 1 - Main > Roblox Clone 6: crash via process_check (90%)
[2025-11-18 13:38:57] [INFO]       • HP 1 - Main > Roblox Clone 7: crash via process_check (90%)
[2025-11-18 13:38:57] [INFO]       • HP 1 - Main > Roblox Clone 5: crash via process_check (90%)
[2025-11-18 13:38:57] [INFO]       • HP 1 - Main > Roblox Clone 2: crash via process_check (90%)
[2025-11-18 13:38:57] [INFO]       • HP 1 - Main > Roblox Clone 4: crash via process_check (90%)
[2025-11-18 13:38:57] [WARNING]    ⚠️  Failed to fix: 1
[2025-11-18 13:38:57] [INFO] ────────────────────────────────────────────────────────────
[2025-11-18 13:38:57] [INFO] 
📊 Last 24h Database Stats:
[2025-11-18 13:38:57] [INFO]    Total events: 191
[2025-11-18 13:38:57] [INFO]    Restarts: 191
[2025-11-18 13:38:57] [INFO]    Disconnects: 0 (Error 279, etc)
[2025-11-18 13:38:57] [INFO] 
💤 Waiting 30s for next cycle...
[2025-11-18 13:39:27] [INFO] 
🔍 Starting check cycle for 7 clones...
[2025-11-18 13:39:27] [DEBUG]    → Checking for device hang...
[2025-11-18 13:39:27] [DEBUG]    → Checking for device hang...
[2025-11-18 13:39:27] [DEBUG]    → Checking for device hang...
[2025-11-18 13:39:27] [DEBUG]    → Checking for device hang...
[2025-11-18 13:39:27] [DEBUG]    → Checking for device hang...
[2025-11-18 13:39:27] [DEBUG]    → Checking for device hang...
[2025-11-18 13:39:27] [DEBUG]    → Checking for device hang...
[2025-11-18 13:39:37] [DEBUG]    → Device responding normally
[2025-11-18 13:39:37] [DEBUG]    → Health check: Roblox Clone 7
[2025-11-18 13:39:37] [DEBUG]    → Device responding normally
[2025-11-18 13:39:37] [DEBUG]    → Health check: Roblox Clone 4
[2025-11-18 13:39:37] [DEBUG]    → Device responding normally
[2025-11-18 13:39:37] [DEBUG]    → Health check: Roblox Clone 5
[2025-11-18 13:39:37] [DEBUG]    → Device responding normally
[2025-11-18 13:39:37] [DEBUG]    → Health check: Roblox Clone 1
[2025-11-18 13:39:37] [DEBUG]    → Device responding normally
[2025-11-18 13:39:37] [DEBUG]    → Health check: Roblox Clone 3
[2025-11-18 13:39:37] [DEBUG]    → Device responding normally
[2025-11-18 13:39:37] [DEBUG]    → Health check: Roblox Clone 6
[2025-11-18 13:39:37] [DEBUG]    → Device responding normally
[2025-11-18 13:39:37] [DEBUG]    → Health check: Roblox Clone 2
[2025-11-18 13:39:42] [DEBUG]    → ps -A failed, trying dumpsys...
[2025-11-18 13:39:42] [DEBUG]    → ps -A failed, trying dumpsys...
[2025-11-18 13:39:42] [DEBUG]    → ps -A failed, trying dumpsys...
[2025-11-18 13:39:42] [DEBUG]    → ps -A failed, trying dumpsys...
[2025-11-18 13:39:42] [DEBUG]    → ps -A failed, trying dumpsys...
[2025-11-18 13:39:43] [DEBUG]    → ps -A failed, trying dumpsys...
[2025-11-18 13:39:43] [DEBUG]    → ps -A failed, trying dumpsys...
[2025-11-18 13:39:49] [DEBUG]    → dumpsys failed, trying pidof...
[2025-11-18 13:39:49] [DEBUG]    → dumpsys failed, trying pidof...
[2025-11-18 13:39:49] [DEBUG]    → dumpsys failed, trying pidof...
[2025-11-18 13:39:49] [DEBUG]    → dumpsys failed, trying pidof...
[2025-11-18 13:39:49] [DEBUG]    → dumpsys failed, trying pidof...
[2025-11-18 13:39:49] [DEBUG]    → dumpsys failed, trying pidof...
[2025-11-18 13:39:49] [DEBUG]    → dumpsys failed, trying pidof...
[2025-11-18 13:39:54] [DEBUG]    → Process not found (all 3 methods failed - CRASHED)
[2025-11-18 13:39:54] [WARNING] ⚠️  HP 1 - Main > Roblox Clone 7: CRASH detected
[2025-11-18 13:39:54] [WARNING]    Details: Process not found (confidence: 90%)
[2025-11-18 13:39:54] [DEBUG]    Detection method: process_check
[2025-11-18 13:39:55] [DEBUG]    → Process not found (all 3 methods failed - CRASHED)
[2025-11-18 13:39:55] [WARNING] ⚠️  HP 1 - Main > Roblox Clone 2: CRASH detected
[2025-11-18 13:39:55] [WARNING]    Details: Process not found (confidence: 90%)
[2025-11-18 13:39:55] [DEBUG]    Detection method: process_check
[2025-11-18 13:39:55] [DEBUG]    → Process not found (all 3 methods failed - CRASHED)
[2025-11-18 13:39:55] [WARNING] ⚠️  HP 1 - Main > Roblox Clone 5: CRASH detected
[2025-11-18 13:39:55] [WARNING]    Details: Process not found (confidence: 90%)
[2025-11-18 13:39:55] [DEBUG]    Detection method: process_check
[2025-11-18 13:39:55] [DEBUG]    → Process not found (all 3 methods failed - CRASHED)
[2025-11-18 13:39:55] [WARNING] ⚠️  HP 1 - Main > Roblox Clone 4: CRASH detected
[2025-11-18 13:39:55] [WARNING]    Details: Process not found (confidence: 90%)
[2025-11-18 13:39:55] [DEBUG]    Detection method: process_check
[2025-11-18 13:39:55] [DEBUG]    → Process not found (all 3 methods failed - CRASHED)
[2025-11-18 13:39:55] [WARNING] ⚠️  HP 1 - Main > Roblox Clone 3: CRASH detected
[2025-11-18 13:39:55] [WARNING]    Details: Process not found (confidence: 90%)
[2025-11-18 13:39:55] [DEBUG]    Detection method: process_check
[2025-11-18 13:39:55] [DEBUG]    → Process not found (all 3 methods failed - CRASHED)
[2025-11-18 13:39:55] [WARNING] ⚠️  HP 1 - Main > Roblox Clone 6: CRASH detected
[2025-11-18 13:39:55] [WARNING]    Details: Process not found (confidence: 90%)
[2025-11-18 13:39:55] [DEBUG]    Detection method: process_check
[2025-11-18 13:39:56] [DEBUG]    → Process not found (all 3 methods failed - CRASHED)
[2025-11-18 13:39:56] [WARNING] ⚠️  HP 1 - Main > Roblox Clone 1: CRASH detected
[2025-11-18 13:39:56] [WARNING]    Details: Process not found (confidence: 90%)
[2025-11-18 13:39:56] [DEBUG]    Detection method: process_check
[2025-11-18 13:39:59] [DEBUG]    → Roblox opened successfully
[2025-11-18 13:39:59] [SUCCESS] ✅ HP 1 - Main > Roblox Clone 2: Fixed in 4.6s
[2025-11-18 13:40:00] [DEBUG]    → Roblox opened successfully
[2025-11-18 13:40:00] [SUCCESS] ✅ HP 1 - Main > Roblox Clone 5: Fixed in 5.1s
[2025-11-18 13:40:00] [DEBUG]    → Roblox opened successfully
[2025-11-18 13:40:00] [SUCCESS] ✅ HP 1 - Main > Roblox Clone 3: Fixed in 5.0s
[2025-11-18 13:40:01] [DEBUG]    → Roblox opened successfully
[2025-11-18 13:40:01] [SUCCESS] ✅ HP 1 - Main > Roblox Clone 4: Fixed in 6.1s
[2025-11-18 13:40:01] [DEBUG]    → Roblox opened successfully
[2025-11-18 13:40:01] [ERROR] ❌ HP 1 - Main > Roblox Clone 7: Fix failed - Unknown error
[2025-11-18 13:40:01] [SUCCESS] ✅ HP 1 - Main > Roblox Clone 1: Fixed in 5.5s
[2025-11-18 13:40:01] [DEBUG]    → Roblox opened successfully
[2025-11-18 13:40:01] [SUCCESS] ✅ HP 1 - Main > Roblox Clone 6: Fixed in 6.0s
[2025-11-18 13:40:01] [INFO] 
────────────────────────────────────────────────────────────
[2025-11-18 13:40:01] [INFO] ✅ Cycle Complete (34.0s)
[2025-11-18 13:40:01] [INFO]    Healthy: 0
[2025-11-18 13:40:01] [SUCCESS]    Fixed: 6
[2025-11-18 13:40:01] [INFO]    Issues: 6 crash
[2025-11-18 13:40:01] [INFO] 
   Detection Details:
[2025-11-18 13:40:01] [INFO]       • HP 1 - Main > Roblox Clone 2: crash via process_check (90%)
[2025-11-18 13:40:01] [INFO]       • HP 1 - Main > Roblox Clone 5: crash via process_check (90%)
[2025-11-18 13:40:01] [INFO]       • HP 1 - Main > Roblox Clone 3: crash via process_check (90%)
[2025-11-18 13:40:01] [INFO]       • HP 1 - Main > Roblox Clone 4: crash via process_check (90%)
[2025-11-18 13:40:01] [INFO]       • HP 1 - Main > Roblox Clone 1: crash via process_check (90%)
[2025-11-18 13:40:01] [WARNING]    ⚠️  Failed to fix: 1
[2025-11-18 13:40:01] [INFO] ────────────────────────────────────────────────────────────
[2025-11-18 13:40:01] [INFO] 
💤 Waiting 30s for next cycle...
[2025-11-18 13:40:31] [INFO] 
🔍 Starting check cycle for 7 clones...
[2025-11-18 13:40:31] [DEBUG]    → Checking for device hang...
[2025-11-18 13:40:31] [DEBUG]    → Checking for device hang...
[2025-11-18 13:40:31] [DEBUG]    → Checking for device hang...
[2025-11-18 13:40:31] [DEBUG]    → Checking for device hang...
[2025-11-18 13:40:31] [DEBUG]    → Checking for device hang...
[2025-11-18 13:40:31] [DEBUG]    → Checking for device hang...
[2025-11-18 13:40:31] [DEBUG]    → Checking for device hang...
[2025-11-18 13:40:39] [DEBUG]    → Device responding normally
[2025-11-18 13:40:39] [DEBUG]    → Device responding normally
[2025-11-18 13:40:39] [DEBUG]    → Health check: Roblox Clone 2
[2025-11-18 13:40:39] [DEBUG]    → Device responding normally
[2025-11-18 13:40:39] [DEBUG]    → Device responding normally
[2025-11-18 13:40:39] [DEBUG]    → Health check: Roblox Clone 5
[2025-11-18 13:40:39] [DEBUG]    → Health check: Roblox Clone 3
[2025-11-18 13:40:39] [DEBUG]    → Health check: Roblox Clone 4
[2025-11-18 13:40:39] [DEBUG]    → Device responding normally
[2025-11-18 13:40:39] [DEBUG]    → Device responding normally
[2025-11-18 13:40:39] [DEBUG]    → Health check: Roblox Clone 1
[2025-11-18 13:40:39] [DEBUG]    → Health check: Roblox Clone 7
[2025-11-18 13:40:40] [DEBUG]    → Device responding normally
[2025-11-18 13:40:40] [DEBUG]    → Health check: Roblox Clone 6
[2025-11-18 13:40:43] [DEBUG]    → ps -A failed, trying dumpsys...
[2025-11-18 13:40:44] [DEBUG]    → ps -A failed, trying dumpsys...
[2025-11-18 13:40:44] [DEBUG]    → ps -A failed, trying dumpsys...
[2025-11-18 13:40:44] [DEBUG]    → ps -A failed, trying dumpsys...
[2025-11-18 13:40:44] [DEBUG]    → ps -A failed, trying dumpsys...
[2025-11-18 13:40:44] [DEBUG]    → ps -A failed, trying dumpsys...
[2025-11-18 13:40:44] [DEBUG]    → ps -A failed, trying dumpsys...
[2025-11-18 13:40:46] [DEBUG]    → dumpsys failed, trying pidof...
[2025-11-18 13:40:47] [DEBUG]    → dumpsys failed, trying pidof...
[2025-11-18 13:40:49] [DEBUG]    → Process not found (all 3 methods failed - CRASHED)
[2025-11-18 13:40:49] [WARNING] ⚠️  HP 1 - Main > Roblox Clone 5: CRASH detected
[2025-11-18 13:40:49] [WARNING]    Details: Process not found (confidence: 90%)
[2025-11-18 13:40:49] [DEBUG]    Detection method: process_check
[2025-11-18 13:40:49] [DEBUG]    → dumpsys failed, trying pidof...
[2025-11-18 13:40:49] [DEBUG]    → dumpsys failed, trying pidof...
[2025-11-18 13:40:49] [DEBUG]    → dumpsys failed, trying pidof...
[2025-11-18 13:40:49] [DEBUG]    → dumpsys failed, trying pidof...
[2025-11-18 13:40:49] [DEBUG]    → dumpsys failed, trying pidof...
[2025-11-18 13:40:49] [DEBUG]    → Process not found (all 3 methods failed - CRASHED)
[2025-11-18 13:40:49] [WARNING] ⚠️  HP 1 - Main > Roblox Clone 6: CRASH detected
[2025-11-18 13:40:49] [WARNING]    Details: Process not found (confidence: 90%)
[2025-11-18 13:40:49] [DEBUG]    Detection method: process_check
[2025-11-18 13:40:53] [DEBUG]    → Process not found (all 3 methods failed - CRASHED)
[2025-11-18 13:40:53] [WARNING] ⚠️  HP 1 - Main > Roblox Clone 4: CRASH detected
[2025-11-18 13:40:53] [WARNING]    Details: Process not found (confidence: 90%)
[2025-11-18 13:40:53] [DEBUG]    Detection method: process_check
[2025-11-18 13:40:53] [DEBUG]    → Process not found (all 3 methods failed - CRASHED)
[2025-11-18 13:40:53] [DEBUG]    → Process not found (all 3 methods failed - CRASHED)
[2025-11-18 13:40:53] [DEBUG]    → Process not found (all 3 methods failed - CRASHED)
[2025-11-18 13:40:53] [WARNING] ⚠️  HP 1 - Main > Roblox Clone 7: CRASH detected
[2025-11-18 13:40:53] [WARNING] DB Error updating status: bad parameter or other API misuse
[2025-11-18 13:40:53] [WARNING]    Details: Process not found (confidence: 90%)
[2025-11-18 13:40:53] [WARNING] ⚠️  HP 1 - Main > Roblox Clone 3: CRASH detected
[2025-11-18 13:40:53] [DEBUG]    Detection method: process_check
[2025-11-18 13:40:53] [WARNING]    Details: Process not found (confidence: 90%)
[2025-11-18 13:40:53] [WARNING] ⚠️  HP 1 - Main > Roblox Clone 1: CRASH detected
[2025-11-18 13:40:53] [DEBUG]    Detection method: process_check
[2025-11-18 13:40:53] [WARNING]    Details: Process not found (confidence: 90%)
[2025-11-18 13:40:53] [DEBUG]    Detection method: process_check
[2025-11-18 13:40:53] [DEBUG]    → Process not found (all 3 methods failed - CRASHED)
[2025-11-18 13:40:53] [WARNING] ⚠️  HP 1 - Main > Roblox Clone 2: CRASH detected
[2025-11-18 13:40:53] [WARNING]    Details: Process not found (confidence: 90%)
[2025-11-18 13:40:53] [DEBUG]    Detection method: process_check
[2025-11-18 13:40:53] [DEBUG]    → Roblox opened successfully
[2025-11-18 13:40:53] [SUCCESS] ✅ HP 1 - Main > Roblox Clone 6: Fixed in 3.7s
[2025-11-18 13:40:54] [DEBUG]    → Roblox opened successfully
[2025-11-18 13:40:54] [SUCCESS] ✅ HP 1 - Main > Roblox Clone 5: Fixed in 4.6s
[2025-11-18 13:40:55] [DEBUG]    → Roblox opened successfully
[2025-11-18 13:40:55] [SUCCESS] ✅ HP 1 - Main > Roblox Clone 2: Fixed in 2.2s
[2025-11-18 13:40:56] [DEBUG]    → Roblox opened successfully
[2025-11-18 13:40:56] [SUCCESS] ✅ HP 1 - Main > Roblox Clone 4: Fixed in 3.2s
[2025-11-18 13:40:56] [DEBUG]    → Roblox opened successfully
[2025-11-18 13:40:56] [DEBUG]    → Roblox opened successfully
[2025-11-18 13:40:56] [SUCCESS] ✅ HP 1 - Main > Roblox Clone 7: Fixed in 3.2s
[2025-11-18 13:40:56] [WARNING] DB Error: cannot commit - no transaction is active
[2025-11-18 13:40:56] [DEBUG]    → Roblox opened successfully
[2025-11-18 13:40:56] [SUCCESS] ✅ HP 1 - Main > Roblox Clone 3: Fixed in 3.2s
[2025-11-18 13:40:56] [SUCCESS] ✅ HP 1 - Main > Roblox Clone 1: Fixed in 3.2s
[2025-11-18 13:40:56] [INFO] 
────────────────────────────────────────────────────────────
[2025-11-18 13:40:56] [INFO] ✅ Cycle Complete (25.0s)
[2025-11-18 13:40:56] [INFO]    Healthy: 0
[2025-11-18 13:40:56] [SUCCESS]    Fixed: 7
[2025-11-18 13:40:56] [INFO]    Issues: 7 crash
[2025-11-18 13:40:56] [INFO] 
   Detection Details:
[2025-11-18 13:40:56] [INFO]       • HP 1 - Main > Roblox Clone 6: crash via process_check (90%)
[2025-11-18 13:40:56] [INFO]       • HP 1 - Main > Roblox Clone 5: crash via process_check (90%)
[2025-11-18 13:40:56] [INFO]       • HP 1 - Main > Roblox Clone 2: crash via process_check (90%)
[2025-11-18 13:40:56] [INFO]       • HP 1 - Main > Roblox Clone 4: crash via process_check (90%)
[2025-11-18 13:40:56] [INFO]       • HP 1 - Main > Roblox Clone 7: crash via process_check (90%)
[2025-11-18 13:40:56] [INFO] ────────────────────────────────────────────────────────────
[2025-11-18 13:40:56] [INFO] 
💤 Waiting 30s for next cycle...
[2025-11-18 13:41:26] [INFO] 
🔍 Starting check cycle for 7 clones...
[2025-11-18 13:41:26] [DEBUG]    → Checking for device hang...
[2025-11-18 13:41:26] [DEBUG]    → Checking for device hang...
[2025-11-18 13:41:26] [DEBUG]    → Checking for device hang...
[2025-11-18 13:41:26] [DEBUG]    → Checking for device hang...
[2025-11-18 13:41:26] [DEBUG]    → Checking for device hang...
[2025-11-18 13:41:26] [DEBUG]    → Checking for device hang...
[2025-11-18 13:41:26] [DEBUG]    → Checking for device hang...
[2025-11-18 13:41:36] [DEBUG]    → Device responding normally
[2025-11-18 13:41:36] [DEBUG]    → Health check: Roblox Clone 3
[2025-11-18 13:41:37] [DEBUG]    → Device responding normally
[2025-11-18 13:41:37] [DEBUG]    → Health check: Roblox Clone 2
[2025-11-18 13:41:37] [DEBUG]    → Device responding normally
[2025-11-18 13:41:37] [DEBUG]    → Health check: Roblox Clone 5
[2025-11-18 13:41:37] [DEBUG]    → Device responding normally
[2025-11-18 13:41:37] [DEBUG]    → Health check: Roblox Clone 7
[2025-11-18 13:41:37] [DEBUG]    → Device responding normally
[2025-11-18 13:41:37] [DEBUG]    → Health check: Roblox Clone 1
[2025-11-18 13:41:37] [DEBUG]    → Device responding normally
[2025-11-18 13:41:37] [DEBUG]    → Health check: Roblox Clone 4
[2025-11-18 13:41:37] [DEBUG]    → Device responding normally
[2025-11-18 13:41:37] [DEBUG]    → Health check: Roblox Clone 6
[2025-11-18 13:41:41] [DEBUG]    → ps -A failed, trying dumpsys...
[2025-11-18 13:41:41] [DEBUG]    → ps -A failed, trying dumpsys...
[2025-11-18 13:41:42] [DEBUG]    → ps -A failed, trying dumpsys...
[2025-11-18 13:41:42] [DEBUG]    → ps -A failed, trying dumpsys...
[2025-11-18 13:41:42] [DEBUG]    → ps -A failed, trying dumpsys...
[2025-11-18 13:41:42] [DEBUG]    → ps -A failed, trying dumpsys...
[2025-11-18 13:41:42] [DEBUG]    → ps -A failed, trying dumpsys...
[2025-11-18 13:41:46] [DEBUG]    → dumpsys failed, trying pidof...
[2025-11-18 13:41:47] [DEBUG]    → dumpsys failed, trying pidof...
[2025-11-18 13:41:47] [DEBUG]    → dumpsys failed, trying pidof...
[2025-11-18 13:41:48] [DEBUG]    → dumpsys failed, trying pidof...
[2025-11-18 13:41:48] [DEBUG]    → dumpsys failed, trying pidof...
[2025-11-18 13:41:48] [DEBUG]    → dumpsys failed, trying pidof...
[2025-11-18 13:41:49] [DEBUG]    → Process not found (all 3 methods failed - CRASHED)
[2025-11-18 13:41:49] [WARNING] ⚠️  HP 1 - Main > Roblox Clone 4: CRASH detected
[2025-11-18 13:41:49] [WARNING]    Details: Process not found (confidence: 90%)
[2025-11-18 13:41:49] [DEBUG]    Detection method: process_check
[2025-11-18 13:41:49] [DEBUG]    → dumpsys failed, trying pidof...
[2025-11-18 13:41:50] [DEBUG]    → Process not found (all 3 methods failed - CRASHED)
[2025-11-18 13:41:50] [WARNING] ⚠️  HP 1 - Main > Roblox Clone 3: CRASH detected
[2025-11-18 13:41:50] [WARNING]    Details: Process not found (confidence: 90%)
[2025-11-18 13:41:50] [DEBUG]    Detection method: process_check
[2025-11-18 13:41:50] [DEBUG]    → Process not found (all 3 methods failed - CRASHED)
[2025-11-18 13:41:50] [WARNING] ⚠️  HP 1 - Main > Roblox Clone 6: CRASH detected
[2025-11-18 13:41:50] [WARNING]    Details: Process not found (confidence: 90%)
[2025-11-18 13:41:50] [DEBUG]    Detection method: process_check
[2025-11-18 13:41:52] [DEBUG]    → Process not found (all 3 methods failed - CRASHED)
[2025-11-18 13:41:52] [WARNING] ⚠️  HP 1 - Main > Roblox Clone 5: CRASH detected
[2025-11-18 13:41:52] [WARNING]    Details: Process not found (confidence: 90%)
[2025-11-18 13:41:52] [DEBUG]    Detection method: process_check
[2025-11-18 13:41:53] [DEBUG]    → Process not found (all 3 methods failed - CRASHED)
[2025-11-18 13:41:53] [WARNING] ⚠️  HP 1 - Main > Roblox Clone 7: CRASH detected
[2025-11-18 13:41:53] [WARNING]    Details: Process not found (confidence: 90%)
[2025-11-18 13:41:53] [DEBUG]    Detection method: process_check
[2025-11-18 13:41:53] [DEBUG]    → Process not found (all 3 methods failed - CRASHED)
[2025-11-18 13:41:53] [WARNING] ⚠️  HP 1 - Main > Roblox Clone 2: CRASH detected
[2025-11-18 13:41:53] [WARNING]    Details: Process not found (confidence: 90%)
[2025-11-18 13:41:53] [DEBUG]    Detection method: process_check
[2025-11-18 13:41:54] [DEBUG]    → Roblox opened successfully
[2025-11-18 13:41:54] [SUCCESS] ✅ HP 1 - Main > Roblox Clone 4: Fixed in 5.0s
[2025-11-18 13:41:54] [DEBUG]    → Process not found (all 3 methods failed - CRASHED)
[2025-11-18 13:41:54] [WARNING] ⚠️  HP 1 - Main > Roblox Clone 1: CRASH detected
[2025-11-18 13:41:54] [WARNING]    Details: Process not found (confidence: 90%)
[2025-11-18 13:41:54] [DEBUG]    Detection method: process_check
[2025-11-18 13:41:54] [DEBUG]    → Roblox opened successfully
[2025-11-18 13:41:55] [SUCCESS] ✅ HP 1 - Main > Roblox Clone 3: Fixed in 4.5s
[2025-11-18 13:41:55] [DEBUG]    → Roblox opened successfully
[2025-11-18 13:41:55] [SUCCESS] ✅ HP 1 - Main > Roblox Clone 6: Fixed in 4.9s
[2025-11-18 13:41:56] [DEBUG]    → Roblox opened successfully
[2025-11-18 13:41:56] [SUCCESS] ✅ HP 1 - Main > Roblox Clone 5: Fixed in 4.4s
[2025-11-18 13:41:57] [DEBUG]    → Roblox opened successfully
[2025-11-18 13:41:57] [SUCCESS] ✅ HP 1 - Main > Roblox Clone 2: Fixed in 3.1s
[2025-11-18 13:41:57] [DEBUG]    → Roblox opened successfully
[2025-11-18 13:41:57] [SUCCESS] ✅ HP 1 - Main > Roblox Clone 7: Fixed in 4.3s
[2025-11-18 13:41:57] [DEBUG]    → Roblox opened successfully
[2025-11-18 13:41:57] [SUCCESS] ✅ HP 1 - Main > Roblox Clone 1: Fixed in 2.6s
[2025-11-18 13:41:57] [INFO] 
────────────────────────────────────────────────────────────
[2025-11-18 13:41:57] [INFO] ✅ Cycle Complete (30.6s)
[2025-11-18 13:41:57] [INFO]    Healthy: 0
[2025-11-18 13:41:57] [SUCCESS]    Fixed: 7
[2025-11-18 13:41:57] [INFO]    Issues: 7 crash
[2025-11-18 13:41:57] [INFO] 
   Detection Details:
[2025-11-18 13:41:57] [INFO]       • HP 1 - Main > Roblox Clone 4: crash via process_check (90%)
[2025-11-18 13:41:57] [INFO]       • HP 1 - Main > Roblox Clone 3: crash via process_check (90%)
[2025-11-18 13:41:57] [INFO]       • HP 1 - Main > Roblox Clone 6: crash via process_check (90%)
[2025-11-18 13:41:57] [INFO]       • HP 1 - Main > Roblox Clone 5: crash via process_check (90%)
[2025-11-18 13:41:57] [INFO]       • HP 1 - Main > Roblox Clone 2: crash via process_check (90%)
[2025-11-18 13:41:57] [INFO] ────────────────────────────────────────────────────────────
[2025-11-18 13:41:57] [INFO] 
💤 Waiting 30s for next cycle...
[2025-11-18 13:42:27] [INFO] 
🔍 Starting check cycle for 7 clones...
[2025-11-18 13:42:27] [DEBUG]    → Checking for device hang...
[2025-11-18 13:42:27] [DEBUG]    → Checking for device hang...
[2025-11-18 13:42:27] [DEBUG]    → Checking for device hang...
[2025-11-18 13:42:27] [DEBUG]    → Checking for device hang...
[2025-11-18 13:42:27] [DEBUG]    → Checking for device hang...
[2025-11-18 13:42:27] [DEBUG]    → Checking for device hang...
[2025-11-18 13:42:27] [DEBUG]    → Checking for device hang...
[2025-11-18 13:42:34] [DEBUG]    → Device responding normally
[2025-11-18 13:42:34] [DEBUG]    → Health check: Roblox Clone 4
[2025-11-18 13:42:34] [DEBUG]    → Device responding normally
[2025-11-18 13:42:34] [DEBUG]    → Health check: Roblox Clone 6
[2025-11-18 13:42:34] [DEBUG]    → Device responding normally
[2025-11-18 13:42:34] [DEBUG]    → Health check: Roblox Clone 1
[2025-11-18 13:42:34] [DEBUG]    → Device responding normally
[2025-11-18 13:42:34] [DEBUG]    → Health check: Roblox Clone 2
[2025-11-18 13:42:34] [DEBUG]    → Device responding normally
[2025-11-18 13:42:34] [DEBUG]    → Health check: Roblox Clone 5
[2025-11-18 13:42:34] [DEBUG]    → Device responding normally
[2025-11-18 13:42:34] [DEBUG]    → Health check: Roblox Clone 3
[2025-11-18 13:42:34] [DEBUG]    → Device responding normally
[2025-11-18 13:42:34] [DEBUG]    → Health check: Roblox Clone 7
[2025-11-18 13:42:38] [DEBUG]    → ps -A failed, trying dumpsys...
[2025-11-18 13:42:38] [DEBUG]    → ps -A failed, trying dumpsys...
[2025-11-18 13:42:38] [DEBUG]    → ps -A failed, trying dumpsys...
[2025-11-18 13:42:39] [DEBUG]    → ps -A failed, trying dumpsys...
[2025-11-18 13:42:39] [DEBUG]    → ps -A failed, trying dumpsys...
[2025-11-18 13:42:39] [DEBUG]    → ps -A failed, trying dumpsys...
[2025-11-18 13:42:39] [DEBUG]    → ps -A failed, trying dumpsys...
[2025-11-18 13:42:42] [DEBUG]    → dumpsys failed, trying pidof...
[2025-11-18 13:42:43] [DEBUG]    → dumpsys failed, trying pidof...
[2025-11-18 13:42:43] [DEBUG]    → dumpsys failed, trying pidof...
[2025-11-18 13:42:43] [DEBUG]    → dumpsys failed, trying pidof...
[2025-11-18 13:42:44] [DEBUG]    → dumpsys failed, trying pidof...
[2025-11-18 13:42:44] [DEBUG]    → dumpsys failed, trying pidof...
[2025-11-18 13:42:44] [DEBUG]    → dumpsys failed, trying pidof...
[2025-11-18 13:42:44] [DEBUG]    → Process not found (all 3 methods failed - CRASHED)
[2025-11-18 13:42:44] [WARNING] ⚠️  HP 1 - Main > Roblox Clone 4: CRASH detected
[2025-11-18 13:42:44] [WARNING]    Details: Process not found (confidence: 90%)
[2025-11-18 13:42:44] [DEBUG]    Detection method: process_check
[2025-11-18 13:42:46] [DEBUG]    → Process not found (all 3 methods failed - CRASHED)
[2025-11-18 13:42:46] [WARNING] ⚠️  HP 1 - Main > Roblox Clone 6: CRASH detected
[2025-11-18 13:42:46] [WARNING]    Details: Process not found (confidence: 90%)
[2025-11-18 13:42:46] [DEBUG]    Detection method: process_check
[2025-11-18 13:42:46] [DEBUG]    → Process not found (all 3 methods failed - CRASHED)
[2025-11-18 13:42:46] [WARNING] ⚠️  HP 1 - Main > Roblox Clone 3: CRASH detected
[2025-11-18 13:42:46] [WARNING]    Details: Process not found (confidence: 90%)
[2025-11-18 13:42:46] [DEBUG]    Detection method: process_check
[2025-11-18 13:42:46] [DEBUG]    → Process not found (all 3 methods failed - CRASHED)
[2025-11-18 13:42:46] [WARNING] ⚠️  HP 1 - Main > Roblox Clone 2: CRASH detected
[2025-11-18 13:42:46] [WARNING]    Details: Process not found (confidence: 90%)
[2025-11-18 13:42:46] [DEBUG]    Detection method: process_check
[2025-11-18 13:42:46] [DEBUG]    → Process not found (all 3 methods failed - CRASHED)
[2025-11-18 13:42:46] [WARNING] ⚠️  HP 1 - Main > Roblox Clone 7: CRASH detected
[2025-11-18 13:42:46] [WARNING]    Details: Process not found (confidence: 90%)
[2025-11-18 13:42:46] [DEBUG]    Detection method: process_check
[2025-11-18 13:42:47] [DEBUG]    → Roblox opened successfully
[2025-11-18 13:42:47] [SUCCESS] ✅ HP 1 - Main > Roblox Clone 4: Fixed in 2.5s
[2025-11-18 13:42:47] [DEBUG]    → Process not found (all 3 methods failed - CRASHED)
[2025-11-18 13:42:47] [WARNING] ⚠️  HP 1 - Main > Roblox Clone 1: CRASH detected
[2025-11-18 13:42:47] [WARNING]    Details: Process not found (confidence: 90%)
[2025-11-18 13:42:47] [DEBUG]    Detection method: process_check
[2025-11-18 13:42:47] [DEBUG]    → Process not found (all 3 methods failed - CRASHED)
[2025-11-18 13:42:47] [WARNING] ⚠️  HP 1 - Main > Roblox Clone 5: CRASH detected
[2025-11-18 13:42:47] [WARNING]    Details: Process not found (confidence: 90%)
[2025-11-18 13:42:47] [DEBUG]    Detection method: process_check
[2025-11-18 13:42:48] [DEBUG]    → Roblox opened successfully
[2025-11-18 13:42:48] [SUCCESS] ✅ HP 1 - Main > Roblox Clone 6: Fixed in 2.5s
[2025-11-18 13:42:49] [DEBUG]    → Roblox opened successfully
[2025-11-18 13:42:49] [SUCCESS] ✅ HP 1 - Main > Roblox Clone 3: Fixed in 3.2s
[2025-11-18 13:42:49] [DEBUG]    → Roblox opened successfully
[2025-11-18 13:42:49] [SUCCESS] ✅ HP 1 - Main > Roblox Clone 2: Fixed in 3.1s
[2025-11-18 13:42:49] [DEBUG]    → Roblox opened successfully
[2025-11-18 13:42:49] [SUCCESS] ✅ HP 1 - Main > Roblox Clone 7: Fixed in 3.1s
[2025-11-18 13:42:50] [DEBUG]    → Roblox opened successfully
[2025-11-18 13:42:50] [SUCCESS] ✅ HP 1 - Main > Roblox Clone 5: Fixed in 3.0s
[2025-11-18 13:42:50] [DEBUG]    → Roblox opened successfully
[2025-11-18 13:42:50] [SUCCESS] ✅ HP 1 - Main > Roblox Clone 1: Fixed in 3.1s
[2025-11-18 13:42:50] [INFO] 
────────────────────────────────────────────────────────────
[2025-11-18 13:42:50] [INFO] ✅ Cycle Complete (23.1s)
[2025-11-18 13:42:50] [INFO]    Healthy: 0
[2025-11-18 13:42:50] [SUCCESS]    Fixed: 7
[2025-11-18 13:42:50] [INFO]    Issues: 7 crash
[2025-11-18 13:42:50] [INFO] 
   Detection Details:
[2025-11-18 13:42:50] [INFO]       • HP 1 - Main > Roblox Clone 4: crash via process_check (90%)
[2025-11-18 13:42:50] [INFO]       • HP 1 - Main > Roblox Clone 6: crash via process_check (90%)
[2025-11-18 13:42:50] [INFO]       • HP 1 - Main > Roblox Clone 3: crash via process_check (90%)
[2025-11-18 13:42:50] [INFO]       • HP 1 - Main > Roblox Clone 2: crash via process_check (90%)
[2025-11-18 13:42:50] [INFO]       • HP 1 - Main > Roblox Clone 7: crash via process_check (90%)
[2025-11-18 13:42:50] [INFO] ────────────────────────────────────────────────────────────
[2025-11-18 13:42:50] [INFO] 
💤 Waiting 30s for next cycle...
[2025-11-18 13:43:20] [INFO] 
🔍 Starting check cycle for 7 clones...
[2025-11-18 13:43:20] [DEBUG]    → Checking for device hang...
[2025-11-18 13:43:20] [DEBUG]    → Checking for device hang...
[2025-11-18 13:43:20] [DEBUG]    → Checking for device hang...
[2025-11-18 13:43:20] [DEBUG]    → Checking for device hang...
[2025-11-18 13:43:20] [DEBUG]    → Checking for device hang...
[2025-11-18 13:43:20] [DEBUG]    → Checking for device hang...
[2025-11-18 13:43:20] [DEBUG]    → Checking for device hang...
[2025-11-18 13:43:29] [DEBUG]    → Device responding normally
[2025-11-18 13:43:29] [DEBUG]    → Health check: Roblox Clone 2
[2025-11-18 13:43:29] [DEBUG]    → Device responding normally
[2025-11-18 13:43:29] [DEBUG]    → Device responding normally
[2025-11-18 13:43:29] [DEBUG]    → Device responding normally
[2025-11-18 13:43:29] [DEBUG]    → Health check: Roblox Clone 5
[2025-11-18 13:43:29] [DEBUG]    → Device responding normally
[2025-11-18 13:43:29] [DEBUG]    → Health check: Roblox Clone 6
[2025-11-18 13:43:29] [DEBUG]    → Health check: Roblox Clone 4
[2025-11-18 13:43:29] [DEBUG]    → Health check: Roblox Clone 3
[2025-11-18 13:43:29] [DEBUG]    → Device responding normally
[2025-11-18 13:43:29] [DEBUG]    → Health check: Roblox Clone 1
[2025-11-18 13:43:29] [DEBUG]    → Device responding normally
[2025-11-18 13:43:29] [DEBUG]    → Health check: Roblox Clone 7
[2025-11-18 13:43:33] [DEBUG]    → ps -A failed, trying dumpsys...
[2025-11-18 13:43:33] [DEBUG]    → ps -A failed, trying dumpsys...
[2025-11-18 13:43:36] [WARNING] ⚠️  HP 1 - Main > Roblox Clone 2: CRASH detected
[2025-11-18 13:43:36] [WARNING]    Details: API check failed (confidence: 50%)
[2025-11-18 13:43:36] [DEBUG]    Detection method: api_check
[2025-11-18 13:43:36] [WARNING] ⚠️  HP 1 - Main > Roblox Clone 6: CRASH detected
[2025-11-18 13:43:36] [WARNING]    Details: API check failed (confidence: 50%)
[2025-11-18 13:43:36] [DEBUG]    Detection method: api_check
[2025-11-18 13:43:36] [WARNING] ⚠️  HP 1 - Main > Roblox Clone 5: CRASH detected
[2025-11-18 13:43:36] [WARNING]    Details: API check failed (confidence: 50%)
[2025-11-18 13:43:36] [DEBUG]    Detection method: api_check
[2025-11-18 13:43:36] [WARNING] ⚠️  HP 1 - Main > Roblox Clone 3: CRASH detected
[2025-11-18 13:43:36] [WARNING]    Details: API check failed (confidence: 50%)
[2025-11-18 13:43:36] [DEBUG]    Detection method: api_check
[2025-11-18 13:43:36] [WARNING] ⚠️  HP 1 - Main > Roblox Clone 1: CRASH detected
[2025-11-18 13:43:36] [WARNING]    Details: API check failed (confidence: 50%)
[2025-11-18 13:43:36] [DEBUG]    Detection method: api_check
[2025-11-18 13:43:39] [DEBUG]    → dumpsys failed, trying pidof...
[2025-11-18 13:43:39] [DEBUG]    → dumpsys failed, trying pidof...
[2025-11-18 13:43:42] [ERROR] ❌ HP 1 - Main > Roblox Clone 6: Fix failed - Unknown error
[2025-11-18 13:43:42] [ERROR] ❌ HP 1 - Main > Roblox Clone 3: Fix failed - Unknown error
[2025-11-18 13:43:42] [ERROR] ❌ HP 1 - Main > Roblox Clone 5: Fix failed - Unknown error
[2025-11-18 13:43:42] [ERROR] ❌ HP 1 - Main > Roblox Clone 2: Fix failed - Unknown error
[2025-11-18 13:43:43] [ERROR] ❌ HP 1 - Main > Roblox Clone 1: Fix failed - Unknown error
[2025-11-18 13:43:45] [DEBUG]    → Process not found (all 3 methods failed - CRASHED)
[2025-11-18 13:43:45] [WARNING] ⚠️  HP 1 - Main > Roblox Clone 4: CRASH detected
[2025-11-18 13:43:45] [WARNING]    Details: Process not found (confidence: 90%)
[2025-11-18 13:43:45] [DEBUG]    Detection method: process_check
[2025-11-18 13:43:45] [DEBUG]    → Process not found (all 3 methods failed - CRASHED)
[2025-11-18 13:43:45] [WARNING] ⚠️  HP 1 - Main > Roblox Clone 7: CRASH detected
[2025-11-18 13:43:45] [WARNING]    Details: Process not found (confidence: 90%)
[2025-11-18 13:43:45] [DEBUG]    Detection method: process_check
[2025-11-18 13:43:52] [ERROR] ❌ HP 1 - Main > Roblox Clone 4: Fix failed - Unknown error
[2025-11-18 13:43:52] [ERROR] ❌ HP 1 - Main > Roblox Clone 7: Fix failed - Unknown error
[2025-11-18 13:43:52] [INFO] 
────────────────────────────────────────────────────────────
[2025-11-18 13:43:52] [INFO] ✅ Cycle Complete (31.7s)
[2025-11-18 13:43:52] [INFO]    Healthy: 0
[2025-11-18 13:43:52] [WARNING]    ⚠️  Failed to fix: 7
[2025-11-18 13:43:52] [INFO] ────────────────────────────────────────────────────────────
[2025-11-18 13:43:52] [INFO] 
💤 Waiting 30s for next cycle...
[2025-11-18 13:44:22] [INFO] 
🔍 Starting check cycle for 7 clones...
[2025-11-18 13:44:22] [DEBUG]    → Checking for device hang...
[2025-11-18 13:44:22] [DEBUG]    → Checking for device hang...
[2025-11-18 13:44:22] [DEBUG]    → Checking for device hang...
[2025-11-18 13:44:22] [DEBUG]    → Checking for device hang...
[2025-11-18 13:44:22] [DEBUG]    → Checking for device hang...
[2025-11-18 13:44:22] [DEBUG]    → Checking for device hang...
[2025-11-18 13:44:22] [DEBUG]    → Checking for device hang...
[2025-11-18 13:44:28] [WARNING]    → Device not responding to ADB (CRITICAL)
[2025-11-18 13:44:28] [WARNING] ⚠️  HP 1 - Main: DEVICE HANG detected (critical)
[2025-11-18 13:44:28] [WARNING] 🔄 Attempting device recovery for HP 1 - Main
[2025-11-18 13:44:28] [WARNING] 🔄 Attempting device recovery...
[2025-11-18 13:44:28] [DEBUG]    → Killing heavy processes...
[2025-11-18 13:44:28] [WARNING]    → Device not responding to ADB (CRITICAL)
[2025-11-18 13:44:28] [WARNING]    → Device not responding to ADB (CRITICAL)
[2025-11-18 13:44:28] [WARNING]    → Device not responding to ADB (CRITICAL)
[2025-11-18 13:44:28] [WARNING] ⚠️  HP 1 - Main: DEVICE HANG detected (critical)
[2025-11-18 13:44:28] [WARNING] ⚠️  HP 1 - Main: DEVICE HANG detected (critical)
[2025-11-18 13:44:28] [WARNING] ⚠️  HP 1 - Main: DEVICE HANG detected (critical)
[2025-11-18 13:44:28] [WARNING] 🔄 Attempting device recovery for HP 1 - Main
[2025-11-18 13:44:28] [WARNING] 🔄 Attempting device recovery for HP 1 - Main
[2025-11-18 13:44:28] [WARNING] 🔄 Attempting device recovery for HP 1 - Main
[2025-11-18 13:44:28] [WARNING] 🔄 Attempting device recovery...
[2025-11-18 13:44:28] [WARNING] 🔄 Attempting device recovery...
[2025-11-18 13:44:28] [WARNING] 🔄 Attempting device recovery...
[2025-11-18 13:44:28] [DEBUG]    → Killing heavy processes...
[2025-11-18 13:44:28] [DEBUG]    → Killing heavy processes...
[2025-11-18 13:44:28] [DEBUG]    → Killing heavy processes...
[2025-11-18 13:44:28] [WARNING]    → Device not responding to ADB (CRITICAL)
[2025-11-18 13:44:28] [WARNING] ⚠️  HP 1 - Main: DEVICE HANG detected (critical)
[2025-11-18 13:44:28] [WARNING] 🔄 Attempting device recovery for HP 1 - Main
[2025-11-18 13:44:28] [WARNING] 🔄 Attempting device recovery...
[2025-11-18 13:44:28] [DEBUG]    → Killing heavy processes...
[2025-11-18 13:44:28] [WARNING]    → Device not responding to ADB (CRITICAL)
[2025-11-18 13:44:28] [WARNING] ⚠️  HP 1 - Main: DEVICE HANG detected (critical)
[2025-11-18 13:44:28] [WARNING] 🔄 Attempting device recovery for HP 1 - Main
[2025-11-18 13:44:28] [WARNING] 🔄 Attempting device recovery...
[2025-11-18 13:44:28] [DEBUG]    → Killing heavy processes...
[2025-11-18 13:44:28] [WARNING]    → Device not responding to ADB (CRITICAL)
[2025-11-18 13:44:28] [WARNING] ⚠️  HP 1 - Main: DEVICE HANG detected (critical)
[2025-11-18 13:44:28] [WARNING] 🔄 Attempting device recovery for HP 1 - Main
[2025-11-18 13:44:28] [WARNING] 🔄 Attempting device recovery...
[2025-11-18 13:44:28] [DEBUG]    → Killing heavy processes...
[2025-11-18 13:44:37] [DEBUG]    → Clearing RAM cache...
[2025-11-18 13:44:37] [DEBUG]    → Clearing RAM cache...
[2025-11-18 13:44:37] [DEBUG]    → Clearing RAM cache...
[2025-11-18 13:44:37] [DEBUG]    → Clearing RAM cache...
[2025-11-18 13:44:37] [DEBUG]    → Clearing RAM cache...
[2025-11-18 13:44:37] [DEBUG]    → Clearing RAM cache...
[2025-11-18 13:44:37] [DEBUG]    → Clearing RAM cache...
[2025-11-18 13:44:45] [DEBUG]    → Force stopping all apps...
[2025-11-18 13:44:45] [DEBUG]    → Force stopping all apps...
[2025-11-18 13:44:45] [DEBUG]    → Force stopping all apps...
[2025-11-18 13:44:45] [DEBUG]    → Force stopping all apps...
[2025-11-18 13:44:45] [DEBUG]    → Force stopping all apps...
[2025-11-18 13:44:45] [DEBUG]    → Force stopping all apps...
[2025-11-18 13:44:45] [DEBUG]    → Force stopping all apps...
[2025-11-18 13:44:53] [DEBUG]    → Restarting launcher...
[2025-11-18 13:44:53] [DEBUG]    → Restarting launcher...
[2025-11-18 13:44:54] [DEBUG]    → Restarting launcher...
[2025-11-18 13:44:54] [DEBUG]    → Restarting launcher...
[2025-11-18 13:44:54] [DEBUG]    → Restarting launcher...
[2025-11-18 13:44:54] [DEBUG]    → Restarting launcher...
[2025-11-18 13:44:54] [DEBUG]    → Restarting launcher...
[2025-11-18 13:45:00] [SUCCESS] ✅ Device recovery completed
[2025-11-18 13:45:00] [SUCCESS] ✅ Device recovery completed
[2025-11-18 13:45:00] [SUCCESS] ✅ Device recovery completed
[2025-11-18 13:45:00] [SUCCESS] ✅ Device recovery completed
[2025-11-18 13:45:00] [SUCCESS] ✅ Device recovery completed
[2025-11-18 13:45:00] [SUCCESS] ✅ Device recovery completed
[2025-11-18 13:45:00] [SUCCESS] ✅ Device recovery completed
[2025-11-18 13:45:10] [ERROR] ❌ Error in monitoring loop: 'device_hang_recovered'
[2025-11-18 13:45:10] [DEBUG] Traceback (most recent call last):
  File "D:\Project\python\vsphone-database\monitor_v5_final.py", line 1358, in monitor_loop
    results[status].append(clone_name)
    ~~~~~~~^^^^^^^^
KeyError: 'device_hang_recovered'

[2025-11-18 13:45:10] [INFO] ⏳ Retrying in 30s...
[2025-11-18 13:45:40] [INFO] 
🔍 Starting check cycle for 7 clones...
[2025-11-18 13:45:40] [DEBUG]    → Checking for device hang...
[2025-11-18 13:45:40] [DEBUG]    → Checking for device hang...
[2025-11-18 13:45:40] [DEBUG]    → Checking for device hang...
[2025-11-18 13:45:40] [DEBUG]    → Checking for device hang...
[2025-11-18 13:45:40] [DEBUG]    → Checking for device hang...
[2025-11-18 13:45:40] [DEBUG]    → Checking for device hang...
[2025-11-18 13:45:40] [DEBUG]    → Checking for device hang...
[2025-11-18 13:45:47] [WARNING]    → Device not responding to ADB (CRITICAL)
[2025-11-18 13:45:47] [WARNING]    → Device not responding to ADB (CRITICAL)
[2025-11-18 13:45:47] [WARNING] ⚠️  HP 1 - Main: DEVICE HANG detected (critical)
[2025-11-18 13:45:47] [WARNING]    → Device not responding to ADB (CRITICAL)
[2025-11-18 13:45:47] [WARNING] ⚠️  HP 1 - Main: DEVICE HANG detected (critical)
[2025-11-18 13:45:47] [WARNING] 🔄 Attempting device recovery for HP 1 - Main
[2025-11-18 13:45:47] [WARNING]    → Device not responding to ADB (CRITICAL)
[2025-11-18 13:45:47] [WARNING] ⚠️  HP 1 - Main: DEVICE HANG detected (critical)
[2025-11-18 13:45:47] [WARNING]    → Device not responding to ADB (CRITICAL)
[2025-11-18 13:45:47] [WARNING] 🔄 Attempting device recovery for HP 1 - Main
[2025-11-18 13:45:47] [WARNING] 🔄 Attempting device recovery...
[2025-11-18 13:45:47] [WARNING] ⚠️  HP 1 - Main: DEVICE HANG detected (critical)
[2025-11-18 13:45:47] [WARNING] 🔄 Attempting device recovery for HP 1 - Main
[2025-11-18 13:45:47] [WARNING] ⚠️  HP 1 - Main: DEVICE HANG detected (critical)
[2025-11-18 13:45:47] [WARNING] 🔄 Attempting device recovery...
[2025-11-18 13:45:47] [DEBUG]    → Killing heavy processes...
[2025-11-18 13:45:47] [WARNING] 🔄 Attempting device recovery for HP 1 - Main
[2025-11-18 13:45:47] [WARNING] 🔄 Attempting device recovery...
[2025-11-18 13:45:47] [WARNING] 🔄 Attempting device recovery for HP 1 - Main
[2025-11-18 13:45:47] [DEBUG]    → Killing heavy processes...
[2025-11-18 13:45:47] [WARNING] 🔄 Attempting device recovery...
[2025-11-18 13:45:47] [DEBUG]    → Killing heavy processes...
[2025-11-18 13:45:47] [WARNING] 🔄 Attempting device recovery...
[2025-11-18 13:45:47] [DEBUG]    → Killing heavy processes...
[2025-11-18 13:45:47] [DEBUG]    → Killing heavy processes...
[2025-11-18 13:45:47] [WARNING]    → Device not responding to ADB (CRITICAL)
[2025-11-18 13:45:47] [WARNING] ⚠️  HP 1 - Main: DEVICE HANG detected (critical)
[2025-11-18 13:45:47] [WARNING] 🔄 Attempting device recovery for HP 1 - Main
[2025-11-18 13:45:47] [WARNING] 🔄 Attempting device recovery...
[2025-11-18 13:45:47] [DEBUG]    → Killing heavy processes...
[2025-11-18 13:45:47] [WARNING]    → Device not responding to ADB (CRITICAL)
[2025-11-18 13:45:47] [WARNING] ⚠️  HP 1 - Main: DEVICE HANG detected (critical)
[2025-11-18 13:45:47] [WARNING] 🔄 Attempting device recovery for HP 1 - Main
[2025-11-18 13:45:47] [WARNING] 🔄 Attempting device recovery...
[2025-11-18 13:45:47] [DEBUG]    → Killing heavy processes...
[2025-11-18 13:45:56] [DEBUG]    → Clearing RAM cache...
[2025-11-18 13:45:56] [DEBUG]    → Clearing RAM cache...
[2025-11-18 13:45:56] [DEBUG]    → Clearing RAM cache...
[2025-11-18 13:45:56] [DEBUG]    → Clearing RAM cache...
[2025-11-18 13:45:56] [DEBUG]    → Clearing RAM cache...
[2025-11-18 13:45:56] [DEBUG]    → Clearing RAM cache...
[2025-11-18 13:45:56] [DEBUG]    → Clearing RAM cache...
[2025-11-18 13:46:03] [DEBUG]    → Force stopping all apps...
[2025-11-18 13:46:03] [DEBUG]    → Force stopping all apps...
[2025-11-18 13:46:03] [DEBUG]    → Force stopping all apps...
[2025-11-18 13:46:03] [DEBUG]    → Force stopping all apps...
[2025-11-18 13:46:03] [DEBUG]    → Force stopping all apps...
[2025-11-18 13:46:03] [DEBUG]    → Force stopping all apps...
[2025-11-18 13:46:03] [DEBUG]    → Force stopping all apps...
[2025-11-18 13:46:12] [DEBUG]    → Restarting launcher...
[2025-11-18 13:46:12] [DEBUG]    → Restarting launcher...
[2025-11-18 13:46:12] [DEBUG]    → Restarting launcher...
[2025-11-18 13:46:12] [DEBUG]    → Restarting launcher...
[2025-11-18 13:46:12] [DEBUG]    → Restarting launcher...
[2025-11-18 13:46:12] [DEBUG]    → Restarting launcher...
[2025-11-18 13:46:12] [DEBUG]    → Restarting launcher...
[2025-11-18 13:46:18] [SUCCESS] ✅ Device recovery completed
[2025-11-18 13:46:19] [SUCCESS] ✅ Device recovery completed
[2025-11-18 13:46:19] [SUCCESS] ✅ Device recovery completed
[2025-11-18 13:46:19] [SUCCESS] ✅ Device recovery completed
[2025-11-18 13:46:19] [SUCCESS] ✅ Device recovery completed
[2025-11-18 13:46:19] [SUCCESS] ✅ Device recovery completed
[2025-11-18 13:46:19] [SUCCESS] ✅ Device recovery completed
[2025-11-18 13:46:29] [ERROR] ❌ Error in monitoring loop: 'device_hang_recovered'
[2025-11-18 13:46:29] [DEBUG] Traceback (most recent call last):
  File "D:\Project\python\vsphone-database\monitor_v5_final.py", line 1358, in monitor_loop
    results[status].append(clone_name)
    ~~~~~~~^^^^^^^^
KeyError: 'device_hang_recovered'

[2025-11-18 13:46:29] [INFO] ⏳ Retrying in 30s...
[2025-11-18 13:46:59] [INFO] 
🔍 Starting check cycle for 7 clones...
[2025-11-18 13:46:59] [DEBUG]    → Checking for device hang...
[2025-11-18 13:46:59] [DEBUG]    → Checking for device hang...
[2025-11-18 13:46:59] [DEBUG]    → Checking for device hang...
[2025-11-18 13:46:59] [DEBUG]    → Checking for device hang...
[2025-11-18 13:46:59] [DEBUG]    → Checking for device hang...
[2025-11-18 13:46:59] [DEBUG]    → Checking for device hang...
[2025-11-18 13:46:59] [DEBUG]    → Checking for device hang...
[2025-11-18 13:47:05] [WARNING]    → Device not responding to ADB (CRITICAL)
[2025-11-18 13:47:05] [WARNING] ⚠️  HP 1 - Main: DEVICE HANG detected (critical)
[2025-11-18 13:47:05] [WARNING]    → Device not responding to ADB (CRITICAL)
[2025-11-18 13:47:05] [WARNING]    → Device not responding to ADB (CRITICAL)
[2025-11-18 13:47:05] [WARNING] 🔄 Attempting device recovery for HP 1 - Main
[2025-11-18 13:47:05] [WARNING]    → Device not responding to ADB (CRITICAL)
[2025-11-18 13:47:05] [WARNING]    → Device not responding to ADB (CRITICAL)
[2025-11-18 13:47:05] [WARNING] ⚠️  HP 1 - Main: DEVICE HANG detected (critical)
[2025-11-18 13:47:05] [WARNING] ⚠️  HP 1 - Main: DEVICE HANG detected (critical)
[2025-11-18 13:47:05] [WARNING] 🔄 Attempting device recovery...
[2025-11-18 13:47:05] [WARNING] ⚠️  HP 1 - Main: DEVICE HANG detected (critical)
[2025-11-18 13:47:05] [WARNING]    → Device not responding to ADB (CRITICAL)
[2025-11-18 13:47:05] [WARNING] ⚠️  HP 1 - Main: DEVICE HANG detected (critical)
[2025-11-18 13:47:05] [WARNING] 🔄 Attempting device recovery for HP 1 - Main
[2025-11-18 13:47:05] [WARNING] 🔄 Attempting device recovery for HP 1 - Main
[2025-11-18 13:47:05] [DEBUG]    → Killing heavy processes...
[2025-11-18 13:47:05] [WARNING] 🔄 Attempting device recovery for HP 1 - Main
[2025-11-18 13:47:05] [WARNING] ⚠️  HP 1 - Main: DEVICE HANG detected (critical)
[2025-11-18 13:47:05] [WARNING] 🔄 Attempting device recovery for HP 1 - Main
[2025-11-18 13:47:05] [WARNING] 🔄 Attempting device recovery...
[2025-11-18 13:47:05] [WARNING] 🔄 Attempting device recovery...
[2025-11-18 13:47:05] [WARNING] 🔄 Attempting device recovery...
[2025-11-18 13:47:05] [WARNING] 🔄 Attempting device recovery for HP 1 - Main
[2025-11-18 13:47:05] [WARNING] 🔄 Attempting device recovery...
[2025-11-18 13:47:05] [DEBUG]    → Killing heavy processes...
[2025-11-18 13:47:05] [DEBUG]    → Killing heavy processes...
[2025-11-18 13:47:05] [DEBUG]    → Killing heavy processes...
[2025-11-18 13:47:05] [WARNING] 🔄 Attempting device recovery...
[2025-11-18 13:47:05] [DEBUG]    → Killing heavy processes...
[2025-11-18 13:47:05] [DEBUG]    → Killing heavy processes...
[2025-11-18 13:47:05] [WARNING]    → Device not responding to ADB (CRITICAL)
[2025-11-18 13:47:05] [WARNING] ⚠️  HP 1 - Main: DEVICE HANG detected (critical)
[2025-11-18 13:47:05] [WARNING] 🔄 Attempting device recovery for HP 1 - Main
[2025-11-18 13:47:05] [WARNING] 🔄 Attempting device recovery...
[2025-11-18 13:47:05] [DEBUG]    → Killing heavy processes...
[2025-11-18 13:47:14] [DEBUG]    → Clearing RAM cache...
[2025-11-18 13:47:14] [DEBUG]    → Clearing RAM cache...
[2025-11-18 13:47:14] [DEBUG]    → Clearing RAM cache...
[2025-11-18 13:47:14] [DEBUG]    → Clearing RAM cache...
[2025-11-18 13:47:14] [DEBUG]    → Clearing RAM cache...
[2025-11-18 13:47:14] [DEBUG]    → Clearing RAM cache...
[2025-11-18 13:47:14] [DEBUG]    → Clearing RAM cache...
[2025-11-18 13:47:22] [DEBUG]    → Force stopping all apps...
[2025-11-18 13:47:22] [DEBUG]    → Force stopping all apps...
[2025-11-18 13:47:22] [DEBUG]    → Force stopping all apps...
[2025-11-18 13:47:22] [DEBUG]    → Force stopping all apps...
[2025-11-18 13:47:22] [DEBUG]    → Force stopping all apps...
[2025-11-18 13:47:22] [DEBUG]    → Force stopping all apps...
[2025-11-18 13:47:22] [DEBUG]    → Force stopping all apps...
[2025-11-18 13:47:30] [DEBUG]    → Restarting launcher...
[2025-11-18 13:47:30] [DEBUG]    → Restarting launcher...
[2025-11-18 13:47:30] [DEBUG]    → Restarting launcher...
[2025-11-18 13:47:30] [DEBUG]    → Restarting launcher...
[2025-11-18 13:47:30] [DEBUG]    → Restarting launcher...
[2025-11-18 13:47:30] [DEBUG]    → Restarting launcher...
[2025-11-18 13:47:31] [DEBUG]    → Restarting launcher...
[2025-11-18 13:47:37] [SUCCESS] ✅ Device recovery completed
[2025-11-18 13:47:37] [SUCCESS] ✅ Device recovery completed
[2025-11-18 13:47:37] [SUCCESS] ✅ Device recovery completed
[2025-11-18 13:47:37] [SUCCESS] ✅ Device recovery completed
[2025-11-18 13:47:37] [SUCCESS] ✅ Device recovery completed
[2025-11-18 13:47:37] [SUCCESS] ✅ Device recovery completed
[2025-11-18 13:47:37] [SUCCESS] ✅ Device recovery completed
[2025-11-18 13:47:47] [ERROR] ❌ Error in monitoring loop: 'device_hang_recovered'
[2025-11-18 13:47:47] [DEBUG] Traceback (most recent call last):
  File "D:\Project\python\vsphone-database\monitor_v5_final.py", line 1358, in monitor_loop
    results[status].append(clone_name)
    ~~~~~~~^^^^^^^^
KeyError: 'device_hang_recovered'

[2025-11-18 13:47:47] [INFO] ⏳ Retrying in 30s...
[2025-11-18 13:48:17] [INFO] 
🔍 Starting check cycle for 7 clones...
[2025-11-18 13:48:17] [DEBUG]    → Checking for device hang...
[2025-11-18 13:48:17] [DEBUG]    → Checking for device hang...
[2025-11-18 13:48:17] [DEBUG]    → Checking for device hang...
[2025-11-18 13:48:17] [DEBUG]    → Checking for device hang...
[2025-11-18 13:48:17] [DEBUG]    → Checking for device hang...
[2025-11-18 13:48:17] [DEBUG]    → Checking for device hang...
[2025-11-18 13:48:17] [DEBUG]    → Checking for device hang...
[2025-11-18 13:48:24] [WARNING]    → Device not responding to ADB (CRITICAL)
[2025-11-18 13:48:24] [WARNING]    → Device not responding to ADB (CRITICAL)
[2025-11-18 13:48:24] [WARNING]    → Device not responding to ADB (CRITICAL)
[2025-11-18 13:48:24] [WARNING] ⚠️  HP 1 - Main: DEVICE HANG detected (critical)
[2025-11-18 13:48:24] [WARNING]    → Device not responding to ADB (CRITICAL)
[2025-11-18 13:48:24] [WARNING] ⚠️  HP 1 - Main: DEVICE HANG detected (critical)
[2025-11-18 13:48:24] [WARNING]    → Device not responding to ADB (CRITICAL)
[2025-11-18 13:48:24] [WARNING]    → Device not responding to ADB (CRITICAL)
[2025-11-18 13:48:24] [WARNING] ⚠️  HP 1 - Main: DEVICE HANG detected (critical)
[2025-11-18 13:48:24] [WARNING] 🔄 Attempting device recovery for HP 1 - Main
[2025-11-18 13:48:24] [WARNING]    → Device not responding to ADB (CRITICAL)
[2025-11-18 13:48:24] [WARNING] ⚠️  HP 1 - Main: DEVICE HANG detected (critical)
[2025-11-18 13:48:24] [WARNING] 🔄 Attempting device recovery for HP 1 - Main
[2025-11-18 13:48:24] [WARNING] ⚠️  HP 1 - Main: DEVICE HANG detected (critical)
[2025-11-18 13:48:24] [WARNING] ⚠️  HP 1 - Main: DEVICE HANG detected (critical)
[2025-11-18 13:48:24] [WARNING] 🔄 Attempting device recovery for HP 1 - Main
[2025-11-18 13:48:24] [WARNING] 🔄 Attempting device recovery...
[2025-11-18 13:48:24] [WARNING] ⚠️  HP 1 - Main: DEVICE HANG detected (critical)
[2025-11-18 13:48:24] [WARNING] 🔄 Attempting device recovery for HP 1 - Main
[2025-11-18 13:48:24] [WARNING] 🔄 Attempting device recovery...
[2025-11-18 13:48:24] [WARNING] 🔄 Attempting device recovery for HP 1 - Main
[2025-11-18 13:48:24] [WARNING] 🔄 Attempting device recovery for HP 1 - Main
[2025-11-18 13:48:24] [WARNING] 🔄 Attempting device recovery...
[2025-11-18 13:48:24] [DEBUG]    → Killing heavy processes...
[2025-11-18 13:48:24] [WARNING] 🔄 Attempting device recovery for HP 1 - Main
[2025-11-18 13:48:24] [WARNING] 🔄 Attempting device recovery...
[2025-11-18 13:48:24] [DEBUG]    → Killing heavy processes...
[2025-11-18 13:48:24] [WARNING] 🔄 Attempting device recovery...
[2025-11-18 13:48:24] [WARNING] 🔄 Attempting device recovery...
[2025-11-18 13:48:24] [DEBUG]    → Killing heavy processes...
[2025-11-18 13:48:24] [WARNING] 🔄 Attempting device recovery...
[2025-11-18 13:48:24] [DEBUG]    → Killing heavy processes...
[2025-11-18 13:48:24] [DEBUG]    → Killing heavy processes...
[2025-11-18 13:48:24] [DEBUG]    → Killing heavy processes...
[2025-11-18 13:48:24] [DEBUG]    → Killing heavy processes...
[2025-11-18 13:48:33] [DEBUG]    → Clearing RAM cache...
[2025-11-18 13:48:33] [DEBUG]    → Clearing RAM cache...
[2025-11-18 13:48:33] [DEBUG]    → Clearing RAM cache...
[2025-11-18 13:48:33] [DEBUG]    → Clearing RAM cache...
[2025-11-18 13:48:33] [DEBUG]    → Clearing RAM cache...
[2025-11-18 13:48:33] [DEBUG]    → Clearing RAM cache...
[2025-11-18 13:48:33] [DEBUG]    → Clearing RAM cache...
[2025-11-18 13:48:40] [DEBUG]    → Force stopping all apps...
[2025-11-18 13:48:40] [DEBUG]    → Force stopping all apps...
[2025-11-18 13:48:40] [DEBUG]    → Force stopping all apps...
[2025-11-18 13:48:40] [DEBUG]    → Force stopping all apps...
[2025-11-18 13:48:40] [DEBUG]    → Force stopping all apps...
[2025-11-18 13:48:40] [DEBUG]    → Force stopping all apps...
[2025-11-18 13:48:40] [DEBUG]    → Force stopping all apps...
[2025-11-18 13:48:49] [DEBUG]    → Restarting launcher...
[2025-11-18 13:48:49] [DEBUG]    → Restarting launcher...
[2025-11-18 13:48:49] [DEBUG]    → Restarting launcher...
[2025-11-18 13:48:49] [DEBUG]    → Restarting launcher...
[2025-11-18 13:48:49] [DEBUG]    → Restarting launcher...
[2025-11-18 13:48:49] [DEBUG]    → Restarting launcher...
[2025-11-18 13:48:49] [DEBUG]    → Restarting launcher...
[2025-11-18 13:48:55] [SUCCESS] ✅ Device recovery completed
[2025-11-18 13:48:55] [SUCCESS] ✅ Device recovery completed
[2025-11-18 13:48:55] [SUCCESS] ✅ Device recovery completed
[2025-11-18 13:48:55] [SUCCESS] ✅ Device recovery completed
[2025-11-18 13:48:55] [SUCCESS] ✅ Device recovery completed
[2025-11-18 13:48:55] [SUCCESS] ✅ Device recovery completed
[2025-11-18 13:48:55] [SUCCESS] ✅ Device recovery completed
[2025-11-18 13:49:05] [ERROR] ❌ Error in monitoring loop: 'device_hang_recovered'
[2025-11-18 13:49:05] [DEBUG] Traceback (most recent call last):
  File "D:\Project\python\vsphone-database\monitor_v5_final.py", line 1358, in monitor_loop
    results[status].append(clone_name)
    ~~~~~~~^^^^^^^^
KeyError: 'device_hang_recovered'

[2025-11-18 13:49:05] [INFO] ⏳ Retrying in 30s...
[2025-11-18 13:49:35] [INFO] 
🔍 Starting check cycle for 7 clones...
[2025-11-18 13:49:35] [DEBUG]    → Checking for device hang...
[2025-11-18 13:49:35] [DEBUG]    → Checking for device hang...
[2025-11-18 13:49:35] [DEBUG]    → Checking for device hang...
[2025-11-18 13:49:35] [DEBUG]    → Checking for device hang...
[2025-11-18 13:49:35] [DEBUG]    → Checking for device hang...
[2025-11-18 13:49:35] [DEBUG]    → Checking for device hang...
[2025-11-18 13:49:35] [DEBUG]    → Checking for device hang...
[2025-11-18 13:49:42] [WARNING]    → Device not responding to ADB (CRITICAL)
[2025-11-18 13:49:42] [WARNING] ⚠️  HP 1 - Main: DEVICE HANG detected (critical)
[2025-11-18 13:49:42] [WARNING] 🔄 Attempting device recovery for HP 1 - Main
[2025-11-18 13:49:42] [WARNING] 🔄 Attempting device recovery...
[2025-11-18 13:49:42] [DEBUG]    → Killing heavy processes...
[2025-11-18 13:49:42] [WARNING]    → Device not responding to ADB (CRITICAL)
[2025-11-18 13:49:42] [WARNING] ⚠️  HP 1 - Main: DEVICE HANG detected (critical)
[2025-11-18 13:49:42] [WARNING] 🔄 Attempting device recovery for HP 1 - Main
[2025-11-18 13:49:42] [WARNING] 🔄 Attempting device recovery...
[2025-11-18 13:49:42] [DEBUG]    → Killing heavy processes...
[2025-11-18 13:49:42] [WARNING]    → Device not responding to ADB (CRITICAL)
[2025-11-18 13:49:42] [WARNING]    → Device not responding to ADB (CRITICAL)
[2025-11-18 13:49:42] [WARNING] ⚠️  HP 1 - Main: DEVICE HANG detected (critical)
[2025-11-18 13:49:42] [WARNING]    → Device not responding to ADB (CRITICAL)
[2025-11-18 13:49:42] [WARNING] ⚠️  HP 1 - Main: DEVICE HANG detected (critical)
[2025-11-18 13:49:42] [WARNING] 🔄 Attempting device recovery for HP 1 - Main
[2025-11-18 13:49:42] [WARNING] ⚠️  HP 1 - Main: DEVICE HANG detected (critical)
[2025-11-18 13:49:42] [WARNING] 🔄 Attempting device recovery for HP 1 - Main
[2025-11-18 13:49:42] [WARNING] 🔄 Attempting device recovery...
[2025-11-18 13:49:42] [WARNING] 🔄 Attempting device recovery for HP 1 - Main
[2025-11-18 13:49:42] [WARNING] 🔄 Attempting device recovery...
[2025-11-18 13:49:42] [DEBUG]    → Killing heavy processes...
[2025-11-18 13:49:42] [WARNING] 🔄 Attempting device recovery...
[2025-11-18 13:49:42] [DEBUG]    → Killing heavy processes...
[2025-11-18 13:49:42] [DEBUG]    → Killing heavy processes...
[2025-11-18 13:49:42] [WARNING]    → Device not responding to ADB (CRITICAL)
[2025-11-18 13:49:42] [WARNING] ⚠️  HP 1 - Main: DEVICE HANG detected (critical)
[2025-11-18 13:49:42] [WARNING] 🔄 Attempting device recovery for HP 1 - Main
[2025-11-18 13:49:42] [WARNING] 🔄 Attempting device recovery...
[2025-11-18 13:49:42] [DEBUG]    → Killing heavy processes...
[2025-11-18 13:49:42] [WARNING]    → Device not responding to ADB (CRITICAL)
[2025-11-18 13:49:42] [WARNING] ⚠️  HP 1 - Main: DEVICE HANG detected (critical)
[2025-11-18 13:49:42] [WARNING] 🔄 Attempting device recovery for HP 1 - Main
[2025-11-18 13:49:42] [WARNING] 🔄 Attempting device recovery...
[2025-11-18 13:49:42] [DEBUG]    → Killing heavy processes...
[2025-11-18 13:49:51] [DEBUG]    → Clearing RAM cache...
[2025-11-18 13:49:51] [DEBUG]    → Clearing RAM cache...
[2025-11-18 13:49:51] [DEBUG]    → Clearing RAM cache...
[2025-11-18 13:49:51] [DEBUG]    → Clearing RAM cache...
[2025-11-18 13:49:51] [DEBUG]    → Clearing RAM cache...
[2025-11-18 13:49:51] [DEBUG]    → Clearing RAM cache...
[2025-11-18 13:49:51] [DEBUG]    → Clearing RAM cache...
[2025-11-18 13:49:58] [DEBUG]    → Force stopping all apps...
[2025-11-18 13:49:58] [DEBUG]    → Force stopping all apps...
[2025-11-18 13:49:58] [DEBUG]    → Force stopping all apps...
[2025-11-18 13:49:58] [DEBUG]    → Force stopping all apps...
[2025-11-18 13:49:58] [DEBUG]    → Force stopping all apps...
[2025-11-18 13:49:58] [DEBUG]    → Force stopping all apps...
[2025-11-18 13:49:58] [DEBUG]    → Force stopping all apps...
[2025-11-18 13:50:07] [DEBUG]    → Restarting launcher...
[2025-11-18 13:50:07] [DEBUG]    → Restarting launcher...
[2025-11-18 13:50:07] [DEBUG]    → Restarting launcher...
[2025-11-18 13:50:07] [DEBUG]    → Restarting launcher...
[2025-11-18 13:50:07] [DEBUG]    → Restarting launcher...
[2025-11-18 13:50:07] [DEBUG]    → Restarting launcher...
[2025-11-18 13:50:07] [DEBUG]    → Restarting launcher...
[2025-11-18 13:50:14] [SUCCESS] ✅ Device recovery completed
[2025-11-18 13:50:14] [SUCCESS] ✅ Device recovery completed
[2025-11-18 13:50:14] [SUCCESS] ✅ Device recovery completed
[2025-11-18 13:50:14] [SUCCESS] ✅ Device recovery completed
[2025-11-18 13:50:14] [SUCCESS] ✅ Device recovery completed
[2025-11-18 13:50:14] [SUCCESS] ✅ Device recovery completed
[2025-11-18 13:50:14] [SUCCESS] ✅ Device recovery completed
[2025-11-18 13:50:24] [ERROR] ❌ Error in monitoring loop: 'device_hang_recovered'
[2025-11-18 13:50:24] [DEBUG] Traceback (most recent call last):
  File "D:\Project\python\vsphone-database\monitor_v5_final.py", line 1358, in monitor_loop
    results[status].append(clone_name)
    ~~~~~~~^^^^^^^^
KeyError: 'device_hang_recovered'

[2025-11-18 13:50:24] [INFO] ⏳ Retrying in 30s...
[2025-11-18 13:50:54] [INFO] 
🔍 Starting check cycle for 7 clones...
[2025-11-18 13:50:54] [DEBUG]    → Checking for device hang...
[2025-11-18 13:50:54] [DEBUG]    → Checking for device hang...
[2025-11-18 13:50:54] [DEBUG]    → Checking for device hang...
[2025-11-18 13:50:54] [DEBUG]    → Checking for device hang...
[2025-11-18 13:50:54] [DEBUG]    → Checking for device hang...
[2025-11-18 13:50:54] [DEBUG]    → Checking for device hang...
[2025-11-18 13:50:54] [DEBUG]    → Checking for device hang...
[2025-11-18 13:51:00] [WARNING]    → Device not responding to ADB (CRITICAL)
[2025-11-18 13:51:00] [WARNING] ⚠️  HP 1 - Main: DEVICE HANG detected (critical)
[2025-11-18 13:51:00] [WARNING]    → Device not responding to ADB (CRITICAL)
[2025-11-18 13:51:00] [WARNING] 🔄 Attempting device recovery for HP 1 - Main
[2025-11-18 13:51:00] [WARNING] ⚠️  HP 1 - Main: DEVICE HANG detected (critical)
[2025-11-18 13:51:00] [WARNING] 🔄 Attempting device recovery...
[2025-11-18 13:51:00] [DEBUG]    → Killing heavy processes...
[2025-11-18 13:51:00] [WARNING] 🔄 Attempting device recovery for HP 1 - Main
[2025-11-18 13:51:00] [WARNING] 🔄 Attempting device recovery...
[2025-11-18 13:51:00] [DEBUG]    → Killing heavy processes...
[2025-11-18 13:51:00] [WARNING]    → Device not responding to ADB (CRITICAL)
[2025-11-18 13:51:00] [WARNING] ⚠️  HP 1 - Main: DEVICE HANG detected (critical)
[2025-11-18 13:51:00] [WARNING] 🔄 Attempting device recovery for HP 1 - Main
[2025-11-18 13:51:00] [WARNING] 🔄 Attempting device recovery...
[2025-11-18 13:51:00] [DEBUG]    → Killing heavy processes...
[2025-11-18 13:51:00] [WARNING]    → Device not responding to ADB (CRITICAL)
[2025-11-18 13:51:00] [WARNING] ⚠️  HP 1 - Main: DEVICE HANG detected (critical)
[2025-11-18 13:51:00] [WARNING] 🔄 Attempting device recovery for HP 1 - Main
[2025-11-18 13:51:00] [WARNING] 🔄 Attempting device recovery...
[2025-11-18 13:51:00] [DEBUG]    → Killing heavy processes...
[2025-11-18 13:51:00] [WARNING]    → Device not responding to ADB (CRITICAL)
[2025-11-18 13:51:00] [WARNING] ⚠️  HP 1 - Main: DEVICE HANG detected (critical)
[2025-11-18 13:51:00] [WARNING] 🔄 Attempting device recovery for HP 1 - Main
[2025-11-18 13:51:00] [WARNING] 🔄 Attempting device recovery...
[2025-11-18 13:51:00] [DEBUG]    → Killing heavy processes...
[2025-11-18 13:51:00] [WARNING]    → Device not responding to ADB (CRITICAL)
[2025-11-18 13:51:00] [WARNING] ⚠️  HP 1 - Main: DEVICE HANG detected (critical)
[2025-11-18 13:51:00] [WARNING] 🔄 Attempting device recovery for HP 1 - Main
[2025-11-18 13:51:00] [WARNING] 🔄 Attempting device recovery...
[2025-11-18 13:51:00] [DEBUG]    → Killing heavy processes...
[2025-11-18 13:51:00] [WARNING]    → Device not responding to ADB (CRITICAL)
[2025-11-18 13:51:00] [WARNING] ⚠️  HP 1 - Main: DEVICE HANG detected (critical)
[2025-11-18 13:51:00] [WARNING] 🔄 Attempting device recovery for HP 1 - Main
[2025-11-18 13:51:00] [WARNING] 🔄 Attempting device recovery...
[2025-11-18 13:51:00] [DEBUG]    → Killing heavy processes...
[2025-11-18 13:51:09] [DEBUG]    → Clearing RAM cache...
[2025-11-18 13:51:09] [DEBUG]    → Clearing RAM cache...
[2025-11-18 13:51:09] [DEBUG]    → Clearing RAM cache...
[2025-11-18 13:51:09] [DEBUG]    → Clearing RAM cache...
[2025-11-18 13:51:09] [DEBUG]    → Clearing RAM cache...
[2025-11-18 13:51:09] [DEBUG]    → Clearing RAM cache...
[2025-11-18 13:51:09] [DEBUG]    → Clearing RAM cache...
[2025-11-18 13:51:16] [DEBUG]    → Force stopping all apps...
[2025-11-18 13:51:16] [DEBUG]    → Force stopping all apps...
[2025-11-18 13:51:16] [DEBUG]    → Force stopping all apps...
[2025-11-18 13:51:17] [DEBUG]    → Force stopping all apps...
[2025-11-18 13:51:17] [DEBUG]    → Force stopping all apps...
[2025-11-18 13:51:17] [DEBUG]    → Force stopping all apps...
[2025-11-18 13:51:17] [DEBUG]    → Force stopping all apps...
[2025-11-18 13:51:25] [DEBUG]    → Restarting launcher...
[2025-11-18 13:51:25] [DEBUG]    → Restarting launcher...
[2025-11-18 13:51:25] [DEBUG]    → Restarting launcher...
[2025-11-18 13:51:25] [DEBUG]    → Restarting launcher...
[2025-11-18 13:51:25] [DEBUG]    → Restarting launcher...
[2025-11-18 13:51:25] [DEBUG]    → Restarting launcher...
[2025-11-18 13:51:25] [DEBUG]    → Restarting launcher...
[2025-11-18 13:51:32] [SUCCESS] ✅ Device recovery completed
[2025-11-18 13:51:32] [SUCCESS] ✅ Device recovery completed
[2025-11-18 13:51:32] [SUCCESS] ✅ Device recovery completed
[2025-11-18 13:51:32] [SUCCESS] ✅ Device recovery completed
[2025-11-18 13:51:32] [SUCCESS] ✅ Device recovery completed
[2025-11-18 13:51:32] [SUCCESS] ✅ Device recovery completed
[2025-11-18 13:51:32] [SUCCESS] ✅ Device recovery completed
[2025-11-18 13:51:42] [ERROR] ❌ Error in monitoring loop: 'device_hang_recovered'
[2025-11-18 13:51:42] [DEBUG] Traceback (most recent call last):
  File "D:\Project\python\vsphone-database\monitor_v5_final.py", line 1358, in monitor_loop
    results[status].append(clone_name)
    ~~~~~~~^^^^^^^^
KeyError: 'device_hang_recovered'

[2025-11-18 13:51:42] [INFO] ⏳ Retrying in 30s...
[2025-11-18 13:52:12] [INFO] 
🔍 Starting check cycle for 7 clones...
[2025-11-18 13:52:12] [DEBUG]    → Checking for device hang...
[2025-11-18 13:52:12] [DEBUG]    → Checking for device hang...
[2025-11-18 13:52:12] [DEBUG]    → Checking for device hang...
[2025-11-18 13:52:12] [DEBUG]    → Checking for device hang...
[2025-11-18 13:52:12] [DEBUG]    → Checking for device hang...
[2025-11-18 13:52:12] [DEBUG]    → Checking for device hang...
[2025-11-18 13:52:12] [DEBUG]    → Checking for device hang...
[2025-11-18 13:52:19] [WARNING]    → Device not responding to ADB (CRITICAL)
[2025-11-18 13:52:19] [WARNING] ⚠️  HP 1 - Main: DEVICE HANG detected (critical)
[2025-11-18 13:52:19] [WARNING]    → Device not responding to ADB (CRITICAL)
[2025-11-18 13:52:19] [WARNING] 🔄 Attempting device recovery for HP 1 - Main
[2025-11-18 13:52:19] [WARNING] ⚠️  HP 1 - Main: DEVICE HANG detected (critical)
[2025-11-18 13:52:19] [WARNING] 🔄 Attempting device recovery...
[2025-11-18 13:52:19] [WARNING] 🔄 Attempting device recovery for HP 1 - Main
[2025-11-18 13:52:19] [WARNING]    → Device not responding to ADB (CRITICAL)
[2025-11-18 13:52:19] [DEBUG]    → Killing heavy processes...
[2025-11-18 13:52:19] [WARNING] 🔄 Attempting device recovery...
[2025-11-18 13:52:19] [WARNING] ⚠️  HP 1 - Main: DEVICE HANG detected (critical)
[2025-11-18 13:52:19] [WARNING]    → Device not responding to ADB (CRITICAL)
[2025-11-18 13:52:19] [DEBUG]    → Killing heavy processes...
[2025-11-18 13:52:19] [WARNING]    → Device not responding to ADB (CRITICAL)
[2025-11-18 13:52:19] [WARNING] 🔄 Attempting device recovery for HP 1 - Main
[2025-11-18 13:52:19] [WARNING] ⚠️  HP 1 - Main: DEVICE HANG detected (critical)
[2025-11-18 13:52:19] [WARNING] ⚠️  HP 1 - Main: DEVICE HANG detected (critical)
[2025-11-18 13:52:19] [WARNING] 🔄 Attempting device recovery...
[2025-11-18 13:52:19] [WARNING] 🔄 Attempting device recovery for HP 1 - Main
[2025-11-18 13:52:19] [WARNING] 🔄 Attempting device recovery for HP 1 - Main
[2025-11-18 13:52:19] [DEBUG]    → Killing heavy processes...
[2025-11-18 13:52:19] [WARNING] 🔄 Attempting device recovery...
[2025-11-18 13:52:19] [WARNING] 🔄 Attempting device recovery...
[2025-11-18 13:52:19] [DEBUG]    → Killing heavy processes...
[2025-11-18 13:52:19] [DEBUG]    → Killing heavy processes...
[2025-11-18 13:52:19] [WARNING]    → Device not responding to ADB (CRITICAL)
[2025-11-18 13:52:19] [WARNING] ⚠️  HP 1 - Main: DEVICE HANG detected (critical)
[2025-11-18 13:52:19] [WARNING] 🔄 Attempting device recovery for HP 1 - Main
[2025-11-18 13:52:19] [WARNING] 🔄 Attempting device recovery...
[2025-11-18 13:52:19] [DEBUG]    → Killing heavy processes...
[2025-11-18 13:52:19] [WARNING]    → Device not responding to ADB (CRITICAL)
[2025-11-18 13:52:19] [WARNING] ⚠️  HP 1 - Main: DEVICE HANG detected (critical)
[2025-11-18 13:52:19] [WARNING] 🔄 Attempting device recovery for HP 1 - Main
[2025-11-18 13:52:19] [WARNING] 🔄 Attempting device recovery...
[2025-11-18 13:52:19] [DEBUG]    → Killing heavy processes...
[2025-11-18 13:52:27] [DEBUG]    → Clearing RAM cache...
[2025-11-18 13:52:27] [DEBUG]    → Clearing RAM cache...
[2025-11-18 13:52:27] [DEBUG]    → Clearing RAM cache...
[2025-11-18 13:52:27] [DEBUG]    → Clearing RAM cache...
[2025-11-18 13:52:27] [DEBUG]    → Clearing RAM cache...
[2025-11-18 13:52:27] [DEBUG]    → Clearing RAM cache...
[2025-11-18 13:52:27] [DEBUG]    → Clearing RAM cache...
[2025-11-18 13:52:35] [DEBUG]    → Force stopping all apps...
[2025-11-18 13:52:35] [DEBUG]    → Force stopping all apps...
[2025-11-18 13:52:35] [DEBUG]    → Force stopping all apps...
[2025-11-18 13:52:35] [DEBUG]    → Force stopping all apps...
[2025-11-18 13:52:35] [DEBUG]    → Force stopping all apps...
[2025-11-18 13:52:35] [DEBUG]    → Force stopping all apps...
[2025-11-18 13:52:35] [DEBUG]    → Force stopping all apps...
[2025-11-18 13:52:43] [DEBUG]    → Restarting launcher...
[2025-11-18 13:52:43] [DEBUG]    → Restarting launcher...
[2025-11-18 13:52:43] [DEBUG]    → Restarting launcher...
[2025-11-18 13:52:43] [DEBUG]    → Restarting launcher...
[2025-11-18 13:52:43] [DEBUG]    → Restarting launcher...
[2025-11-18 13:52:43] [DEBUG]    → Restarting launcher...
[2025-11-18 13:52:43] [DEBUG]    → Restarting launcher...
[2025-11-18 13:52:50] [SUCCESS] ✅ Device recovery completed
[2025-11-18 13:52:50] [SUCCESS] ✅ Device recovery completed
[2025-11-18 13:52:50] [SUCCESS] ✅ Device recovery completed
[2025-11-18 13:52:50] [SUCCESS] ✅ Device recovery completed
[2025-11-18 13:52:50] [SUCCESS] ✅ Device recovery completed
[2025-11-18 13:52:50] [SUCCESS] ✅ Device recovery completed
[2025-11-18 13:52:50] [SUCCESS] ✅ Device recovery completed
[2025-11-18 13:53:00] [ERROR] ❌ Error in monitoring loop: 'device_hang_recovered'
[2025-11-18 13:53:00] [DEBUG] Traceback (most recent call last):
  File "D:\Project\python\vsphone-database\monitor_v5_final.py", line 1358, in monitor_loop
    results[status].append(clone_name)
    ~~~~~~~^^^^^^^^
KeyError: 'device_hang_recovered'

[2025-11-18 13:53:00] [INFO] ⏳ Retrying in 30s...
[2025-11-18 13:53:30] [INFO] 
🔍 Starting check cycle for 7 clones...
[2025-11-18 13:53:30] [DEBUG]    → Checking for device hang...
[2025-11-18 13:53:30] [DEBUG]    → Checking for device hang...
[2025-11-18 13:53:30] [DEBUG]    → Checking for device hang...
[2025-11-18 13:53:30] [DEBUG]    → Checking for device hang...
[2025-11-18 13:53:30] [DEBUG]    → Checking for device hang...
[2025-11-18 13:53:30] [DEBUG]    → Checking for device hang...
[2025-11-18 13:53:30] [DEBUG]    → Checking for device hang...
[2025-11-18 13:53:37] [WARNING]    → Device not responding to ADB (CRITICAL)
[2025-11-18 13:53:37] [WARNING] ⚠️  HP 1 - Main: DEVICE HANG detected (critical)
[2025-11-18 13:53:37] [WARNING] 🔄 Attempting device recovery for HP 1 - Main
[2025-11-18 13:53:37] [WARNING]    → Device not responding to ADB (CRITICAL)
[2025-11-18 13:53:37] [WARNING]    → Device not responding to ADB (CRITICAL)
[2025-11-18 13:53:37] [WARNING] 🔄 Attempting device recovery...
[2025-11-18 13:53:37] [WARNING]    → Device not responding to ADB (CRITICAL)
[2025-11-18 13:53:37] [WARNING] ⚠️  HP 1 - Main: DEVICE HANG detected (critical)
[2025-11-18 13:53:37] [WARNING] ⚠️  HP 1 - Main: DEVICE HANG detected (critical)
[2025-11-18 13:53:37] [DEBUG]    → Killing heavy processes...
[2025-11-18 13:53:37] [WARNING] ⚠️  HP 1 - Main: DEVICE HANG detected (critical)
[2025-11-18 13:53:37] [WARNING] 🔄 Attempting device recovery for HP 1 - Main
[2025-11-18 13:53:37] [WARNING] 🔄 Attempting device recovery for HP 1 - Main
[2025-11-18 13:53:37] [WARNING] 🔄 Attempting device recovery for HP 1 - Main
[2025-11-18 13:53:37] [WARNING] 🔄 Attempting device recovery...
[2025-11-18 13:53:37] [WARNING] 🔄 Attempting device recovery...
[2025-11-18 13:53:37] [WARNING] 🔄 Attempting device recovery...
[2025-11-18 13:53:37] [DEBUG]    → Killing heavy processes...
[2025-11-18 13:53:37] [DEBUG]    → Killing heavy processes...
[2025-11-18 13:53:37] [DEBUG]    → Killing heavy processes...
[2025-11-18 13:53:37] [WARNING]    → Device not responding to ADB (CRITICAL)
[2025-11-18 13:53:37] [WARNING] ⚠️  HP 1 - Main: DEVICE HANG detected (critical)
[2025-11-18 13:53:37] [WARNING] 🔄 Attempting device recovery for HP 1 - Main
[2025-11-18 13:53:37] [WARNING] 🔄 Attempting device recovery...
[2025-11-18 13:53:37] [DEBUG]    → Killing heavy processes...
[2025-11-18 13:53:37] [WARNING]    → Device not responding to ADB (CRITICAL)
[2025-11-18 13:53:37] [WARNING] ⚠️  HP 1 - Main: DEVICE HANG detected (critical)
[2025-11-18 13:53:37] [WARNING] 🔄 Attempting device recovery for HP 1 - Main
[2025-11-18 13:53:37] [WARNING] 🔄 Attempting device recovery...
[2025-11-18 13:53:37] [DEBUG]    → Killing heavy processes...
[2025-11-18 13:53:37] [WARNING]    → Device not responding to ADB (CRITICAL)
[2025-11-18 13:53:37] [WARNING] ⚠️  HP 1 - Main: DEVICE HANG detected (critical)
[2025-11-18 13:53:37] [WARNING] 🔄 Attempting device recovery for HP 1 - Main
[2025-11-18 13:53:37] [WARNING] 🔄 Attempting device recovery...
[2025-11-18 13:53:37] [DEBUG]    → Killing heavy processes...
[2025-11-18 13:53:45] [DEBUG]    → Clearing RAM cache...
[2025-11-18 13:53:45] [DEBUG]    → Clearing RAM cache...
[2025-11-18 13:53:45] [DEBUG]    → Clearing RAM cache...
[2025-11-18 13:53:45] [DEBUG]    → Clearing RAM cache...
[2025-11-18 13:53:45] [DEBUG]    → Clearing RAM cache...
[2025-11-18 13:53:45] [DEBUG]    → Clearing RAM cache...
[2025-11-18 13:53:45] [DEBUG]    → Clearing RAM cache...
[2025-11-18 13:53:53] [DEBUG]    → Force stopping all apps...
[2025-11-18 13:53:53] [DEBUG]    → Force stopping all apps...
[2025-11-18 13:53:53] [DEBUG]    → Force stopping all apps...
[2025-11-18 13:53:53] [DEBUG]    → Force stopping all apps...
[2025-11-18 13:53:53] [DEBUG]    → Force stopping all apps...
[2025-11-18 13:53:53] [DEBUG]    → Force stopping all apps...
[2025-11-18 13:53:53] [DEBUG]    → Force stopping all apps...
[2025-11-18 13:54:02] [DEBUG]    → Restarting launcher...
[2025-11-18 13:54:02] [DEBUG]    → Restarting launcher...
[2025-11-18 13:54:02] [DEBUG]    → Restarting launcher...
[2025-11-18 13:54:02] [DEBUG]    → Restarting launcher...
[2025-11-18 13:54:02] [DEBUG]    → Restarting launcher...
[2025-11-18 13:54:02] [DEBUG]    → Restarting launcher...
[2025-11-18 13:54:02] [DEBUG]    → Restarting launcher...
[2025-11-18 13:54:08] [SUCCESS] ✅ Device recovery completed
[2025-11-18 13:54:08] [SUCCESS] ✅ Device recovery completed
[2025-11-18 13:54:08] [SUCCESS] ✅ Device recovery completed
[2025-11-18 13:54:08] [SUCCESS] ✅ Device recovery completed
[2025-11-18 13:54:08] [SUCCESS] ✅ Device recovery completed
[2025-11-18 13:54:08] [SUCCESS] ✅ Device recovery completed
[2025-11-18 13:54:08] [SUCCESS] ✅ Device recovery completed
[2025-11-18 13:54:18] [ERROR] ❌ Error in monitoring loop: 'device_hang_recovered'
[2025-11-18 13:54:18] [DEBUG] Traceback (most recent call last):
  File "D:\Project\python\vsphone-database\monitor_v5_final.py", line 1358, in monitor_loop
    results[status].append(clone_name)
    ~~~~~~~^^^^^^^^
KeyError: 'device_hang_recovered'

[2025-11-18 13:54:18] [INFO] ⏳ Retrying in 30s...
[2025-11-18 13:54:48] [INFO] 
🔍 Starting check cycle for 7 clones...
[2025-11-18 13:54:48] [DEBUG]    → Checking for device hang...
[2025-11-18 13:54:48] [DEBUG]    → Checking for device hang...
[2025-11-18 13:54:48] [DEBUG]    → Checking for device hang...
[2025-11-18 13:54:48] [DEBUG]    → Checking for device hang...
[2025-11-18 13:54:48] [DEBUG]    → Checking for device hang...
[2025-11-18 13:54:48] [DEBUG]    → Checking for device hang...
[2025-11-18 13:54:48] [DEBUG]    → Checking for device hang...
[2025-11-18 13:54:55] [WARNING]    → Device not responding to ADB (CRITICAL)
[2025-11-18 13:54:55] [WARNING] ⚠️  HP 1 - Main: DEVICE HANG detected (critical)
[2025-11-18 13:54:55] [WARNING] 🔄 Attempting device recovery for HP 1 - Main
[2025-11-18 13:54:55] [WARNING] 🔄 Attempting device recovery...
[2025-11-18 13:54:55] [DEBUG]    → Killing heavy processes...
[2025-11-18 13:54:55] [WARNING]    → Device not responding to ADB (CRITICAL)
[2025-11-18 13:54:55] [WARNING] ⚠️  HP 1 - Main: DEVICE HANG detected (critical)
[2025-11-18 13:54:55] [WARNING] 🔄 Attempting device recovery for HP 1 - Main
[2025-11-18 13:54:55] [WARNING] 🔄 Attempting device recovery...
[2025-11-18 13:54:55] [DEBUG]    → Killing heavy processes...
[2025-11-18 13:54:55] [WARNING]    → Device not responding to ADB (CRITICAL)
[2025-11-18 13:54:55] [WARNING] ⚠️  HP 1 - Main: DEVICE HANG detected (critical)
[2025-11-18 13:54:55] [WARNING] 🔄 Attempting device recovery for HP 1 - Main
[2025-11-18 13:54:55] [WARNING] 🔄 Attempting device recovery...
[2025-11-18 13:54:55] [DEBUG]    → Killing heavy processes...
[2025-11-18 13:54:55] [WARNING]    → Device not responding to ADB (CRITICAL)
[2025-11-18 13:54:55] [WARNING] ⚠️  HP 1 - Main: DEVICE HANG detected (critical)
[2025-11-18 13:54:55] [WARNING] 🔄 Attempting device recovery for HP 1 - Main
[2025-11-18 13:54:55] [WARNING] 🔄 Attempting device recovery...
[2025-11-18 13:54:55] [DEBUG]    → Killing heavy processes...
[2025-11-18 13:54:55] [WARNING]    → Device not responding to ADB (CRITICAL)
[2025-11-18 13:54:55] [WARNING] ⚠️  HP 1 - Main: DEVICE HANG detected (critical)
[2025-11-18 13:54:55] [WARNING] 🔄 Attempting device recovery for HP 1 - Main
[2025-11-18 13:54:55] [WARNING] 🔄 Attempting device recovery...
[2025-11-18 13:54:55] [DEBUG]    → Killing heavy processes...
[2025-11-18 13:54:55] [WARNING]    → Device not responding to ADB (CRITICAL)
[2025-11-18 13:54:55] [WARNING] ⚠️  HP 1 - Main: DEVICE HANG detected (critical)
[2025-11-18 13:54:55] [WARNING] 🔄 Attempting device recovery for HP 1 - Main
[2025-11-18 13:54:55] [WARNING] 🔄 Attempting device recovery...
[2025-11-18 13:54:55] [DEBUG]    → Killing heavy processes...
[2025-11-18 13:54:55] [WARNING]    → Device not responding to ADB (CRITICAL)
[2025-11-18 13:54:55] [WARNING] ⚠️  HP 1 - Main: DEVICE HANG detected (critical)
[2025-11-18 13:54:55] [WARNING] 🔄 Attempting device recovery for HP 1 - Main
[2025-11-18 13:54:55] [WARNING] 🔄 Attempting device recovery...
[2025-11-18 13:54:55] [DEBUG]    → Killing heavy processes...
[2025-11-18 13:55:04] [DEBUG]    → Clearing RAM cache...
[2025-11-18 13:55:04] [DEBUG]    → Clearing RAM cache...
[2025-11-18 13:55:04] [DEBUG]    → Clearing RAM cache...
[2025-11-18 13:55:04] [DEBUG]    → Clearing RAM cache...
[2025-11-18 13:55:04] [DEBUG]    → Clearing RAM cache...
[2025-11-18 13:55:04] [DEBUG]    → Clearing RAM cache...
[2025-11-18 13:55:04] [DEBUG]    → Clearing RAM cache...
[2025-11-18 13:55:11] [DEBUG]    → Force stopping all apps...
[2025-11-18 13:55:11] [DEBUG]    → Force stopping all apps...
[2025-11-18 13:55:11] [DEBUG]    → Force stopping all apps...
[2025-11-18 13:55:11] [DEBUG]    → Force stopping all apps...
[2025-11-18 13:55:11] [DEBUG]    → Force stopping all apps...
[2025-11-18 13:55:11] [DEBUG]    → Force stopping all apps...
[2025-11-18 13:55:11] [DEBUG]    → Force stopping all apps...
[2025-11-18 13:55:20] [DEBUG]    → Restarting launcher...
[2025-11-18 13:55:20] [DEBUG]    → Restarting launcher...
[2025-11-18 13:55:20] [DEBUG]    → Restarting launcher...
[2025-11-18 13:55:20] [DEBUG]    → Restarting launcher...
[2025-11-18 13:55:20] [DEBUG]    → Restarting launcher...
[2025-11-18 13:55:20] [DEBUG]    → Restarting launcher...
[2025-11-18 13:55:20] [DEBUG]    → Restarting launcher...
[2025-11-18 13:55:26] [SUCCESS] ✅ Device recovery completed
[2025-11-18 13:55:26] [SUCCESS] ✅ Device recovery completed
[2025-11-18 13:55:26] [SUCCESS] ✅ Device recovery completed
[2025-11-18 13:55:26] [SUCCESS] ✅ Device recovery completed
[2025-11-18 13:55:27] [SUCCESS] ✅ Device recovery completed
[2025-11-18 13:55:27] [SUCCESS] ✅ Device recovery completed
[2025-11-18 13:55:27] [SUCCESS] ✅ Device recovery completed
[2025-11-18 13:55:37] [ERROR] ❌ Error in monitoring loop: 'device_hang_recovered'
[2025-11-18 13:55:37] [DEBUG] Traceback (most recent call last):
  File "D:\Project\python\vsphone-database\monitor_v5_final.py", line 1358, in monitor_loop
    results[status].append(clone_name)
    ~~~~~~~^^^^^^^^
KeyError: 'device_hang_recovered'

[2025-11-18 13:55:37] [INFO] ⏳ Retrying in 30s...
[2025-11-18 13:56:01] [INFO] Received termination signal
[2025-11-18 17:49:42] [SUCCESS] ✅ Configuration loaded successfully
[2025-11-18 17:49:42] [INFO] ✅ Database enabled: vsphone_monitor.db
[2025-11-18 17:49:43] [INFO] 🌐 Starting web dashboard on http://localhost:5000
[2025-11-18 17:49:43] [SUCCESS] ✅ Web dashboard started
[2025-11-18 17:49:45] [INFO] ============================================================
[2025-11-18 17:49:45] [INFO] 🚀 VSPhone Monitor v5.0.0 FINAL Started
[2025-11-18 17:49:45] [INFO] 📊 Total Clones: 7
[2025-11-18 17:49:45] [INFO] 👤 Accounts: 1
[2025-11-18 17:49:45] [INFO] 📱 Instances: 1
[2025-11-18 17:49:45] [INFO] ⏱️  Check Interval: 30s
[2025-11-18 17:49:45] [INFO] ⚡ Parallel Workers: 10
[2025-11-18 17:49:45] [INFO] 💾 Database: ✅ Enabled
[2025-11-18 17:49:45] [INFO] 🔥 Enhanced Detection: ✅ 4-Method Approach
[2025-11-18 17:49:45] [INFO] ============================================================
[2025-11-18 17:49:45] [INFO] 
🔍 Starting check cycle for 7 clones...
[2025-11-18 17:49:59] [WARNING] ⚠️  HP 1 - Main > Roblox Clone 4: CRASH detected
[2025-11-18 17:49:59] [WARNING]    Details: Process not found (confidence: 90%)
[2025-11-18 17:49:59] [WARNING] ⚠️  HP 1 - Main > Roblox Clone 2: CRASH detected
[2025-11-18 17:49:59] [WARNING]    Details: Process not found (confidence: 90%)
[2025-11-18 17:50:00] [WARNING] ⚠️  HP 1 - Main > Roblox Clone 6: CRASH detected
[2025-11-18 17:50:00] [WARNING]    Details: Process not found (confidence: 90%)
[2025-11-18 17:50:00] [WARNING] ⚠️  HP 1 - Main > Roblox Clone 1: CRASH detected
[2025-11-18 17:50:00] [WARNING]    Details: Process not found (confidence: 90%)
[2025-11-18 17:50:02] [WARNING] ⚠️  HP 1 - Main > Roblox Clone 3: CRASH detected
[2025-11-18 17:50:02] [WARNING]    Details: Process not found (confidence: 90%)
[2025-11-18 17:50:02] [SUCCESS] ✅ HP 1 - Main > Roblox Clone 4: Fixed in 2.7s
[2025-11-18 17:50:02] [SUCCESS] ✅ HP 1 - Main > Roblox Clone 2: Fixed in 2.7s
[2025-11-18 17:50:03] [WARNING] ⚠️  HP 1 - Main > Roblox Clone 5: CRASH detected
[2025-11-18 17:50:03] [WARNING]    Details: Process not found (confidence: 90%)
[2025-11-18 17:50:03] [WARNING] ⚠️  HP 1 - Main > Roblox Clone 7: CRASH detected
[2025-11-18 17:50:03] [WARNING]    Details: Process not found (confidence: 90%)
[2025-11-18 17:50:03] [SUCCESS] ✅ HP 1 - Main > Roblox Clone 1: Fixed in 2.5s
[2025-11-18 17:50:03] [SUCCESS] ✅ HP 1 - Main > Roblox Clone 6: Fixed in 2.6s
[2025-11-18 17:50:04] [SUCCESS] ✅ HP 1 - Main > Roblox Clone 3: Fixed in 1.6s
[2025-11-18 17:50:05] [SUCCESS] ✅ HP 1 - Main > Roblox Clone 7: Fixed in 2.2s
[2025-11-18 17:50:05] [SUCCESS] ✅ HP 1 - Main > Roblox Clone 5: Fixed in 2.2s
[2025-11-18 17:50:05] [INFO] 
────────────────────────────────────────────────────────────
[2025-11-18 17:50:05] [INFO] ✅ Cycle Complete (20.3s)
[2025-11-18 17:50:05] [INFO]    Healthy: 0
[2025-11-18 17:50:05] [SUCCESS]    Fixed: 7
[2025-11-18 17:50:05] [INFO]    Issues: 7 crash
[2025-11-18 17:50:05] [INFO] 
   Detection Details:
[2025-11-18 17:50:05] [INFO]       • HP 1 - Main > Roblox Clone 4: crash via process_check (90%)
[2025-11-18 17:50:05] [INFO]       • HP 1 - Main > Roblox Clone 2: crash via process_check (90%)
[2025-11-18 17:50:05] [INFO]       • HP 1 - Main > Roblox Clone 1: crash via process_check (90%)
[2025-11-18 17:50:05] [INFO]       • HP 1 - Main > Roblox Clone 6: crash via process_check (90%)
[2025-11-18 17:50:05] [INFO]       • HP 1 - Main > Roblox Clone 3: crash via process_check (90%)
[2025-11-18 17:50:05] [INFO] ────────────────────────────────────────────────────────────
[2025-11-18 17:50:05] [INFO] 
💤 Waiting 30s for next cycle...
[2025-11-18 17:50:35] [INFO] 
🔍 Starting check cycle for 7 clones...
[2025-11-18 17:50:57] [WARNING] ⚠️  HP 1 - Main > Roblox Clone 7: CRASH detected
[2025-11-18 17:50:57] [WARNING]    Details: Process not found (confidence: 90%)
[2025-11-18 17:50:58] [WARNING] ⚠️  HP 1 - Main > Roblox Clone 3: CRASH detected
[2025-11-18 17:50:58] [WARNING]    Details: Process not found (confidence: 90%)
[2025-11-18 17:50:58] [WARNING] ⚠️  HP 1 - Main > Roblox Clone 1: CRASH detected
[2025-11-18 17:50:58] [WARNING]    Details: Process not found (confidence: 90%)
[2025-11-18 17:50:58] [WARNING] ⚠️  HP 1 - Main > Roblox Clone 2: CRASH detected
[2025-11-18 17:50:58] [WARNING]    Details: Process not found (confidence: 90%)
[2025-11-18 17:50:58] [WARNING] ⚠️  HP 1 - Main > Roblox Clone 5: CRASH detected
[2025-11-18 17:50:58] [WARNING]    Details: Process not found (confidence: 90%)
[2025-11-18 17:50:58] [WARNING] ⚠️  HP 1 - Main > Roblox Clone 4: CRASH detected
[2025-11-18 17:50:58] [WARNING]    Details: Process not found (confidence: 90%)
[2025-11-18 17:50:58] [WARNING] ⚠️  HP 1 - Main > Roblox Clone 6: CRASH detected
[2025-11-18 17:50:58] [WARNING]    Details: Process not found (confidence: 90%)
[2025-11-18 17:51:02] [SUCCESS] ✅ HP 1 - Main > Roblox Clone 7: Fixed in 4.6s
[2025-11-18 17:51:02] [SUCCESS] ✅ HP 1 - Main > Roblox Clone 3: Fixed in 4.2s
[2025-11-18 17:51:03] [SUCCESS] ✅ HP 1 - Main > Roblox Clone 4: Fixed in 4.6s
[2025-11-18 17:51:03] [SUCCESS] ✅ HP 1 - Main > Roblox Clone 2: Fixed in 5.1s
[2025-11-18 17:51:03] [SUCCESS] ✅ HP 1 - Main > Roblox Clone 1: Fixed in 5.2s
[2025-11-18 17:51:03] [SUCCESS] ✅ HP 1 - Main > Roblox Clone 5: Fixed in 5.1s
[2025-11-18 17:51:03] [SUCCESS] ✅ HP 1 - Main > Roblox Clone 6: Fixed in 5.2s
[2025-11-18 17:51:03] [INFO] 
────────────────────────────────────────────────────────────
[2025-11-18 17:51:03] [INFO] ✅ Cycle Complete (28.6s)
[2025-11-18 17:51:03] [INFO]    Healthy: 0
[2025-11-18 17:51:03] [SUCCESS]    Fixed: 7
[2025-11-18 17:51:03] [INFO]    Issues: 7 crash
[2025-11-18 17:51:03] [INFO] 
   Detection Details:
[2025-11-18 17:51:03] [INFO]       • HP 1 - Main > Roblox Clone 7: crash via process_check (90%)
[2025-11-18 17:51:03] [INFO]       • HP 1 - Main > Roblox Clone 3: crash via process_check (90%)
[2025-11-18 17:51:03] [INFO]       • HP 1 - Main > Roblox Clone 4: crash via process_check (90%)
[2025-11-18 17:51:03] [INFO]       • HP 1 - Main > Roblox Clone 2: crash via process_check (90%)
[2025-11-18 17:51:03] [INFO]       • HP 1 - Main > Roblox Clone 1: crash via process_check (90%)
[2025-11-18 17:51:03] [INFO] ────────────────────────────────────────────────────────────
[2025-11-18 17:51:03] [INFO] 
💤 Waiting 30s for next cycle...
[2025-11-18 17:51:33] [INFO] 
🔍 Starting check cycle for 7 clones...
[2025-11-18 17:51:50] [WARNING] ⚠️  HP 1 - Main > Roblox Clone 7: CRASH detected
[2025-11-18 17:51:50] [WARNING]    Details: Process not found (confidence: 90%)
[2025-11-18 17:51:51] [WARNING] ⚠️  HP 1 - Main > Roblox Clone 3: CRASH detected
[2025-11-18 17:51:51] [WARNING]    Details: Process not found (confidence: 90%)
[2025-11-18 17:51:51] [WARNING] ⚠️  HP 1 - Main > Roblox Clone 2: CRASH detected
[2025-11-18 17:51:51] [WARNING]    Details: Process not found (confidence: 90%)
[2025-11-18 17:51:52] [WARNING] ⚠️  HP 1 - Main > Roblox Clone 5: CRASH detected
[2025-11-18 17:51:52] [WARNING]    Details: Process not found (confidence: 90%)
[2025-11-18 17:51:52] [WARNING] ⚠️  HP 1 - Main > Roblox Clone 6: CRASH detected
[2025-11-18 17:51:52] [WARNING]    Details: Process not found (confidence: 90%)
[2025-11-18 17:51:52] [WARNING] ⚠️  HP 1 - Main > Roblox Clone 4: CRASH detected
[2025-11-18 17:51:52] [WARNING]    Details: Process not found (confidence: 90%)
[2025-11-18 17:51:52] [SUCCESS] ✅ HP 1 - Main > Roblox Clone 7: Fixed in 2.3s
[2025-11-18 17:51:53] [WARNING] ⚠️  HP 1 - Main > Roblox Clone 1: CRASH detected
[2025-11-18 17:51:53] [WARNING]    Details: Process not found (confidence: 90%)
[2025-11-18 17:51:53] [SUCCESS] ✅ HP 1 - Main > Roblox Clone 3: Fixed in 2.1s
[2025-11-18 17:51:53] [SUCCESS] ✅ HP 1 - Main > Roblox Clone 2: Fixed in 2.1s
[2025-11-18 17:51:54] [SUCCESS] ✅ HP 1 - Main > Roblox Clone 5: Fixed in 2.3s
[2025-11-18 17:51:54] [SUCCESS] ✅ HP 1 - Main > Roblox Clone 4: Fixed in 2.2s
[2025-11-18 17:51:54] [SUCCESS] ✅ HP 1 - Main > Roblox Clone 6: Fixed in 2.3s
[2025-11-18 17:51:55] [SUCCESS] ✅ HP 1 - Main > Roblox Clone 1: Fixed in 2.2s
[2025-11-18 17:51:55] [INFO] 
────────────────────────────────────────────────────────────
[2025-11-18 17:51:55] [INFO] ✅ Cycle Complete (21.4s)
[2025-11-18 17:51:55] [INFO]    Healthy: 0
[2025-11-18 17:51:55] [SUCCESS]    Fixed: 7
[2025-11-18 17:51:55] [INFO]    Issues: 7 crash
[2025-11-18 17:51:55] [INFO] 
   Detection Details:
[2025-11-18 17:51:55] [INFO]       • HP 1 - Main > Roblox Clone 7: crash via process_check (90%)
[2025-11-18 17:51:55] [INFO]       • HP 1 - Main > Roblox Clone 3: crash via process_check (90%)
[2025-11-18 17:51:55] [INFO]       • HP 1 - Main > Roblox Clone 2: crash via process_check (90%)
[2025-11-18 17:51:55] [INFO]       • HP 1 - Main > Roblox Clone 5: crash via process_check (90%)
[2025-11-18 17:51:55] [INFO]       • HP 1 - Main > Roblox Clone 4: crash via process_check (90%)
[2025-11-18 17:51:55] [INFO] ────────────────────────────────────────────────────────────
[2025-11-18 17:51:55] [INFO] 
💤 Waiting 30s for next cycle...
[2025-11-18 17:52:25] [INFO] 
🔍 Starting check cycle for 7 clones...
[2025-11-18 17:52:40] [WARNING] ⚠️  HP 1 - Main > Roblox Clone 4: CRASH detected
[2025-11-18 17:52:40] [WARNING]    Details: Process not found (confidence: 90%)
[2025-11-18 17:52:40] [WARNING] ⚠️  HP 1 - Main > Roblox Clone 6: CRASH detected
[2025-11-18 17:52:40] [WARNING]    Details: Process not found (confidence: 90%)
[2025-11-18 17:52:40] [WARNING] ⚠️  HP 1 - Main > Roblox Clone 2: CRASH detected
[2025-11-18 17:52:40] [WARNING]    Details: Process not found (confidence: 90%)
[2025-11-18 17:52:41] [WARNING] ⚠️  HP 1 - Main > Roblox Clone 5: CRASH detected
[2025-11-18 17:52:41] [WARNING]    Details: Process not found (confidence: 90%)
[2025-11-18 17:52:41] [WARNING] ⚠️  HP 1 - Main > Roblox Clone 1: CRASH detected
[2025-11-18 17:52:41] [WARNING]    Details: Process not found (confidence: 90%)
[2025-11-18 17:52:41] [WARNING] ⚠️  HP 1 - Main > Roblox Clone 7: CRASH detected
[2025-11-18 17:52:41] [WARNING]    Details: Process not found (confidence: 90%)
[2025-11-18 17:52:42] [WARNING] ⚠️  HP 1 - Main > Roblox Clone 3: CRASH detected
[2025-11-18 17:52:42] [WARNING]    Details: Process not found (confidence: 90%)
[2025-11-18 17:52:42] [SUCCESS] ✅ HP 1 - Main > Roblox Clone 4: Fixed in 2.7s
[2025-11-18 17:52:42] [SUCCESS] ✅ HP 1 - Main > Roblox Clone 6: Fixed in 2.6s
[2025-11-18 17:52:42] [SUCCESS] ✅ HP 1 - Main > Roblox Clone 2: Fixed in 2.0s
[2025-11-18 17:52:44] [SUCCESS] ✅ HP 1 - Main > Roblox Clone 5: Fixed in 2.6s
[2025-11-18 17:52:44] [SUCCESS] ✅ HP 1 - Main > Roblox Clone 7: Fixed in 2.5s
[2025-11-18 17:52:44] [SUCCESS] ✅ HP 1 - Main > Roblox Clone 3: Fixed in 2.6s
[2025-11-18 17:52:44] [SUCCESS] ✅ HP 1 - Main > Roblox Clone 1: Fixed in 3.0s
[2025-11-18 17:52:44] [INFO] 
────────────────────────────────────────────────────────────
[2025-11-18 17:52:44] [INFO] ✅ Cycle Complete (19.3s)
[2025-11-18 17:52:44] [INFO]    Healthy: 0
[2025-11-18 17:52:44] [SUCCESS]    Fixed: 7
[2025-11-18 17:52:44] [INFO]    Issues: 7 crash
[2025-11-18 17:52:44] [INFO] 
   Detection Details:
[2025-11-18 17:52:44] [INFO]       • HP 1 - Main > Roblox Clone 4: crash via process_check (90%)
[2025-11-18 17:52:44] [INFO]       • HP 1 - Main > Roblox Clone 6: crash via process_check (90%)
[2025-11-18 17:52:44] [INFO]       • HP 1 - Main > Roblox Clone 2: crash via process_check (90%)
[2025-11-18 17:52:44] [INFO]       • HP 1 - Main > Roblox Clone 5: crash via process_check (90%)
[2025-11-18 17:52:44] [INFO]       • HP 1 - Main > Roblox Clone 7: crash via process_check (90%)
[2025-11-18 17:52:44] [INFO] ────────────────────────────────────────────────────────────
[2025-11-18 17:52:44] [INFO] 
💤 Waiting 30s for next cycle...
[2025-11-18 17:53:14] [INFO] 
🔍 Starting check cycle for 7 clones...
[2025-11-18 17:53:29] [WARNING] ⚠️  HP 1 - Main > Roblox Clone 6: CRASH detected
[2025-11-18 17:53:29] [WARNING]    Details: Process not found (confidence: 90%)
[2025-11-18 17:53:30] [WARNING] ⚠️  HP 1 - Main > Roblox Clone 7: CRASH detected
[2025-11-18 17:53:30] [WARNING]    Details: Process not found (confidence: 90%)
[2025-11-18 17:53:32] [WARNING] ⚠️  HP 1 - Main > Roblox Clone 2: CRASH detected
[2025-11-18 17:53:32] [WARNING]    Details: Process not found (confidence: 90%)
[2025-11-18 17:53:33] [WARNING] ⚠️  HP 1 - Main > Roblox Clone 5: CRASH detected
[2025-11-18 17:53:33] [WARNING]    Details: Process not found (confidence: 90%)
[2025-11-18 17:53:33] [WARNING] ⚠️  HP 1 - Main > Roblox Clone 3: CRASH detected
[2025-11-18 17:53:33] [WARNING]    Details: Process not found (confidence: 90%)
[2025-11-18 17:53:33] [WARNING] ⚠️  HP 1 - Main > Roblox Clone 4: CRASH detected
[2025-11-18 17:53:33] [WARNING]    Details: Process not found (confidence: 90%)
[2025-11-18 17:53:33] [SUCCESS] ✅ HP 1 - Main > Roblox Clone 6: Fixed in 3.6s
[2025-11-18 17:53:33] [WARNING] ⚠️  HP 1 - Main > Roblox Clone 1: CRASH detected
[2025-11-18 17:53:33] [WARNING]    Details: Process not found (confidence: 90%)
[2025-11-18 17:53:33] [SUCCESS] ✅ HP 1 - Main > Roblox Clone 7: Fixed in 2.9s
[2025-11-18 17:53:35] [SUCCESS] ✅ HP 1 - Main > Roblox Clone 3: Fixed in 2.4s
[2025-11-18 17:53:35] [SUCCESS] ✅ HP 1 - Main > Roblox Clone 2: Fixed in 3.0s
[2025-11-18 17:53:36] [SUCCESS] ✅ HP 1 - Main > Roblox Clone 5: Fixed in 3.0s
[2025-11-18 17:53:36] [SUCCESS] ✅ HP 1 - Main > Roblox Clone 1: Fixed in 2.4s
[2025-11-18 17:53:36] [SUCCESS] ✅ HP 1 - Main > Roblox Clone 4: Fixed in 2.9s
[2025-11-18 17:53:36] [INFO] 
────────────────────────────────────────────────────────────
[2025-11-18 17:53:36] [INFO] ✅ Cycle Complete (21.7s)
[2025-11-18 17:53:36] [INFO]    Healthy: 0
[2025-11-18 17:53:36] [SUCCESS]    Fixed: 7
[2025-11-18 17:53:36] [INFO]    Issues: 7 crash
[2025-11-18 17:53:36] [INFO] 
   Detection Details:
[2025-11-18 17:53:36] [INFO]       • HP 1 - Main > Roblox Clone 6: crash via process_check (90%)
[2025-11-18 17:53:36] [INFO]       • HP 1 - Main > Roblox Clone 7: crash via process_check (90%)
[2025-11-18 17:53:36] [INFO]       • HP 1 - Main > Roblox Clone 3: crash via process_check (90%)
[2025-11-18 17:53:36] [INFO]       • HP 1 - Main > Roblox Clone 2: crash via process_check (90%)
[2025-11-18 17:53:36] [INFO]       • HP 1 - Main > Roblox Clone 5: crash via process_check (90%)
[2025-11-18 17:53:36] [INFO] ────────────────────────────────────────────────────────────
[2025-11-18 17:53:36] [INFO] 
💤 Waiting 30s for next cycle...
[2025-11-18 17:54:06] [INFO] 
🔍 Starting check cycle for 7 clones...
[2025-11-18 17:54:21] [WARNING] ⚠️  HP 1 - Main > Roblox Clone 5: CRASH detected
[2025-11-18 17:54:21] [WARNING]    Details: Process not found (confidence: 90%)
[2025-11-18 17:54:22] [WARNING] ⚠️  HP 1 - Main > Roblox Clone 6: CRASH detected
[2025-11-18 17:54:22] [WARNING]    Details: Process not found (confidence: 90%)
[2025-11-18 17:54:22] [WARNING] ⚠️  HP 1 - Main > Roblox Clone 1: CRASH detected
[2025-11-18 17:54:22] [WARNING]    Details: Process not found (confidence: 90%)
[2025-11-18 17:54:23] [SUCCESS] ✅ HP 1 - Main > Roblox Clone 5: Fixed in 1.9s
[2025-11-18 17:54:24] [WARNING] ⚠️  HP 1 - Main > Roblox Clone 3: CRASH detected
[2025-11-18 17:54:24] [WARNING]    Details: Process not found (confidence: 90%)
[2025-11-18 17:54:25] [WARNING] ⚠️  HP 1 - Main > Roblox Clone 2: CRASH detected
[2025-11-18 17:54:25] [WARNING]    Details: Process not found (confidence: 90%)
[2025-11-18 17:54:25] [WARNING] ⚠️  HP 1 - Main > Roblox Clone 4: CRASH detected
[2025-11-18 17:54:25] [WARNING]    Details: Process not found (confidence: 90%)
[2025-11-18 17:54:25] [SUCCESS] ✅ HP 1 - Main > Roblox Clone 1: Fixed in 3.2s
[2025-11-18 17:54:25] [SUCCESS] ✅ HP 1 - Main > Roblox Clone 6: Fixed in 3.3s
[2025-11-18 17:54:25] [WARNING] ⚠️  HP 1 - Main > Roblox Clone 7: CRASH detected
[2025-11-18 17:54:25] [WARNING]    Details: Process not found (confidence: 90%)
[2025-11-18 17:54:26] [SUCCESS] ✅ HP 1 - Main > Roblox Clone 3: Fixed in 1.8s
[2025-11-18 17:54:27] [SUCCESS] ✅ HP 1 - Main > Roblox Clone 7: Fixed in 1.8s
[2025-11-18 17:54:27] [SUCCESS] ✅ HP 1 - Main > Roblox Clone 4: Fixed in 2.4s
[2025-11-18 17:54:27] [SUCCESS] ✅ HP 1 - Main > Roblox Clone 2: Fixed in 2.5s
[2025-11-18 17:54:27] [INFO] 
────────────────────────────────────────────────────────────
[2025-11-18 17:54:27] [INFO] ✅ Cycle Complete (21.2s)
[2025-11-18 17:54:27] [INFO]    Healthy: 0
[2025-11-18 17:54:27] [SUCCESS]    Fixed: 7
[2025-11-18 17:54:27] [INFO]    Issues: 7 crash
[2025-11-18 17:54:27] [INFO] 
   Detection Details:
[2025-11-18 17:54:27] [INFO]       • HP 1 - Main > Roblox Clone 5: crash via process_check (90%)
[2025-11-18 17:54:27] [INFO]       • HP 1 - Main > Roblox Clone 1: crash via process_check (90%)
[2025-11-18 17:54:27] [INFO]       • HP 1 - Main > Roblox Clone 6: crash via process_check (90%)
[2025-11-18 17:54:27] [INFO]       • HP 1 - Main > Roblox Clone 3: crash via process_check (90%)
[2025-11-18 17:54:27] [INFO]       • HP 1 - Main > Roblox Clone 7: crash via process_check (90%)
[2025-11-18 17:54:27] [INFO] ────────────────────────────────────────────────────────────
[2025-11-18 17:54:27] [INFO] 
💤 Waiting 30s for next cycle...
[2025-11-18 17:54:57] [INFO] 
🔍 Starting check cycle for 7 clones...
[2025-11-18 17:55:14] [WARNING] ⚠️  HP 1 - Main > Roblox Clone 5: CRASH detected
[2025-11-18 17:55:14] [WARNING]    Details: Process not found (confidence: 90%)
[2025-11-18 17:55:14] [WARNING] ⚠️  HP 1 - Main > Roblox Clone 4: CRASH detected
[2025-11-18 17:55:14] [WARNING]    Details: Process not found (confidence: 90%)
[2025-11-18 17:55:16] [WARNING] ⚠️  HP 1 - Main > Roblox Clone 3: CRASH detected
[2025-11-18 17:55:16] [WARNING]    Details: Process not found (confidence: 90%)
[2025-11-18 17:55:16] [WARNING] ⚠️  HP 1 - Main > Roblox Clone 2: CRASH detected
[2025-11-18 17:55:16] [WARNING]    Details: Process not found (confidence: 90%)
[2025-11-18 17:55:17] [WARNING] ⚠️  HP 1 - Main > Roblox Clone 6: CRASH detected
[2025-11-18 17:55:17] [WARNING]    Details: Process not found (confidence: 90%)
[2025-11-18 17:55:17] [WARNING] ⚠️  HP 1 - Main > Roblox Clone 1: CRASH detected
[2025-11-18 17:55:17] [WARNING]    Details: Process not found (confidence: 90%)
[2025-11-18 17:55:17] [WARNING] ⚠️  HP 1 - Main > Roblox Clone 7: CRASH detected
[2025-11-18 17:55:17] [WARNING]    Details: Process not found (confidence: 90%)
[2025-11-18 17:55:17] [SUCCESS] ✅ HP 1 - Main > Roblox Clone 4: Fixed in 2.5s
[2025-11-18 17:55:17] [SUCCESS] ✅ HP 1 - Main > Roblox Clone 5: Fixed in 2.8s
[2025-11-18 17:55:17] [SUCCESS] ✅ HP 1 - Main > Roblox Clone 3: Fixed in 1.6s
[2025-11-18 17:55:18] [SUCCESS] ✅ HP 1 - Main > Roblox Clone 2: Fixed in 2.3s
[2025-11-18 17:55:19] [SUCCESS] ✅ HP 1 - Main > Roblox Clone 1: Fixed in 2.4s
[2025-11-18 17:55:19] [SUCCESS] ✅ HP 1 - Main > Roblox Clone 6: Fixed in 2.4s
[2025-11-18 17:55:19] [SUCCESS] ✅ HP 1 - Main > Roblox Clone 7: Fixed in 2.5s
[2025-11-18 17:55:19] [INFO] 
────────────────────────────────────────────────────────────
[2025-11-18 17:55:19] [INFO] ✅ Cycle Complete (22.0s)
[2025-11-18 17:55:19] [INFO]    Healthy: 0
[2025-11-18 17:55:19] [SUCCESS]    Fixed: 7
[2025-11-18 17:55:19] [INFO]    Issues: 7 crash
[2025-11-18 17:55:19] [INFO] 
   Detection Details:
[2025-11-18 17:55:19] [INFO]       • HP 1 - Main > Roblox Clone 4: crash via process_check (90%)
[2025-11-18 17:55:19] [INFO]       • HP 1 - Main > Roblox Clone 5: crash via process_check (90%)
[2025-11-18 17:55:19] [INFO]       • HP 1 - Main > Roblox Clone 3: crash via process_check (90%)
[2025-11-18 17:55:19] [INFO]       • HP 1 - Main > Roblox Clone 2: crash via process_check (90%)
[2025-11-18 17:55:19] [INFO]       • HP 1 - Main > Roblox Clone 1: crash via process_check (90%)
[2025-11-18 17:55:19] [INFO] ────────────────────────────────────────────────────────────
[2025-11-18 17:55:19] [INFO] 
💤 Waiting 30s for next cycle...
[2025-11-18 17:55:49] [INFO] 
🔍 Starting check cycle for 7 clones...
[2025-11-18 17:56:05] [WARNING] ⚠️  HP 1 - Main > Roblox Clone 6: CRASH detected
[2025-11-18 17:56:05] [WARNING]    Details: Process not found (confidence: 90%)
[2025-11-18 17:56:05] [WARNING] ⚠️  HP 1 - Main > Roblox Clone 1: CRASH detected
[2025-11-18 17:56:05] [WARNING]    Details: Process not found (confidence: 90%)
[2025-11-18 17:56:05] [WARNING] ⚠️  HP 1 - Main > Roblox Clone 7: CRASH detected
[2025-11-18 17:56:05] [WARNING]    Details: Process not found (confidence: 90%)
[2025-11-18 17:56:05] [WARNING] ⚠️  HP 1 - Main > Roblox Clone 2: CRASH detected
[2025-11-18 17:56:05] [WARNING]    Details: Process not found (confidence: 90%)
[2025-11-18 17:56:05] [WARNING] ⚠️  HP 1 - Main > Roblox Clone 4: CRASH detected
[2025-11-18 17:56:05] [WARNING]    Details: Process not found (confidence: 90%)
[2025-11-18 17:56:06] [WARNING] ⚠️  HP 1 - Main > Roblox Clone 3: CRASH detected
[2025-11-18 17:56:06] [WARNING]    Details: Process not found (confidence: 90%)
[2025-11-18 17:56:06] [WARNING] ⚠️  HP 1 - Main > Roblox Clone 5: CRASH detected
[2025-11-18 17:56:06] [WARNING]    Details: Process not found (confidence: 90%)
[2025-11-18 17:56:08] [SUCCESS] ✅ HP 1 - Main > Roblox Clone 7: Fixed in 2.6s
[2025-11-18 17:56:08] [INFO] Received termination signal
[2025-11-18 17:56:08] [SUCCESS] ✅ HP 1 - Main > Roblox Clone 6: Fixed in 3.1s
[2025-11-18 17:56:08] [SUCCESS] ✅ HP 1 - Main > Roblox Clone 1: Fixed in 3.2s
[2025-11-18 17:56:09] [SUCCESS] ✅ HP 1 - Main > Roblox Clone 2: Fixed in 3.2s
[2025-11-18 17:56:09] [SUCCESS] ✅ HP 1 - Main > Roblox Clone 4: Fixed in 3.3s
[2025-11-18 17:56:09] [SUCCESS] ✅ HP 1 - Main > Roblox Clone 3: Fixed in 3.2s
[2025-11-18 17:56:09] [SUCCESS] ✅ HP 1 - Main > Roblox Clone 5: Fixed in 3.0s
[2025-11-18 17:56:19] [SUCCESS] ✅ Configuration loaded successfully
[2025-11-18 17:56:19] [INFO] ✅ Database enabled: vsphone_monitor.db
[2025-11-18 17:56:19] [INFO] 🌐 Starting web dashboard on http://localhost:5000
[2025-11-18 17:56:19] [SUCCESS] ✅ Web dashboard started
[2025-11-18 17:56:21] [INFO] ============================================================
[2025-11-18 17:56:21] [INFO] 🚀 VSPhone Monitor v5.0.0 FINAL Started
[2025-11-18 17:56:21] [INFO] 📊 Total Clones: 7
[2025-11-18 17:56:21] [INFO] 👤 Accounts: 1
[2025-11-18 17:56:21] [INFO] 📱 Instances: 1
[2025-11-18 17:56:21] [INFO] ⏱️  Check Interval: 30s
[2025-11-18 17:56:21] [INFO] ⚡ Parallel Workers: 10
[2025-11-18 17:56:21] [INFO] 💾 Database: ✅ Enabled
[2025-11-18 17:56:21] [INFO] 🔥 Enhanced Detection: ✅ 4-Method Approach
[2025-11-18 17:56:21] [INFO] ============================================================
[2025-11-18 17:56:21] [INFO] 
🔍 Starting check cycle for 7 clones...
[2025-11-18 17:56:36] [WARNING] ⚠️  HP 1 - Main > Roblox Clone 2: CRASH detected
[2025-11-18 17:56:36] [WARNING]    Details: Process not found (confidence: 90%)
[2025-11-18 17:56:38] [WARNING] ⚠️  HP 1 - Main > Roblox Clone 5: CRASH detected
[2025-11-18 17:56:38] [WARNING]    Details: Process not found (confidence: 90%)
[2025-11-18 17:56:38] [WARNING] ⚠️  HP 1 - Main > Roblox Clone 3: CRASH detected
[2025-11-18 17:56:38] [WARNING]    Details: Process not found (confidence: 90%)
[2025-11-18 17:56:38] [WARNING] ⚠️  HP 1 - Main > Roblox Clone 7: CRASH detected
[2025-11-18 17:56:38] [WARNING]    Details: Process not found (confidence: 90%)
[2025-11-18 17:56:39] [SUCCESS] ✅ HP 1 - Main > Roblox Clone 2: Fixed in 2.6s
[2025-11-18 17:56:39] [WARNING] DB Error updating status: bad parameter or other API misuse
[2025-11-18 17:56:39] [WARNING] DB Error updating status: UNIQUE constraint failed: clone_status.clone_key
[2025-11-18 17:56:39] [WARNING] ⚠️  HP 1 - Main > Roblox Clone 4: CRASH detected
[2025-11-18 17:56:39] [WARNING]    Details: Process not found (confidence: 90%)
[2025-11-18 17:56:39] [WARNING] ⚠️  HP 1 - Main > Roblox Clone 6: CRASH detected
[2025-11-18 17:56:39] [WARNING]    Details: Process not found (confidence: 90%)
[2025-11-18 17:56:39] [WARNING] ⚠️  HP 1 - Main > Roblox Clone 1: CRASH detected
[2025-11-18 17:56:39] [WARNING]    Details: Process not found (confidence: 90%)
[2025-11-18 17:56:41] [SUCCESS] ✅ HP 1 - Main > Roblox Clone 5: Fixed in 2.7s
[2025-11-18 17:56:41] [SUCCESS] ✅ HP 1 - Main > Roblox Clone 6: Fixed in 2.8s
[2025-11-18 17:56:41] [SUCCESS] ✅ HP 1 - Main > Roblox Clone 7: Fixed in 3.2s
[2025-11-18 17:56:41] [SUCCESS] ✅ HP 1 - Main > Roblox Clone 3: Fixed in 3.2s
[2025-11-18 17:56:41] [SUCCESS] ✅ HP 1 - Main > Roblox Clone 4: Fixed in 2.8s
[2025-11-18 17:56:42] [SUCCESS] ✅ HP 1 - Main > Roblox Clone 1: Fixed in 3.3s
[2025-11-18 17:56:42] [INFO] 
────────────────────────────────────────────────────────────
[2025-11-18 17:56:42] [INFO] ✅ Cycle Complete (20.7s)
[2025-11-18 17:56:42] [INFO]    Healthy: 0
[2025-11-18 17:56:42] [SUCCESS]    Fixed: 7
[2025-11-18 17:56:42] [INFO]    Issues: 7 crash
[2025-11-18 17:56:42] [INFO] 
   Detection Details:
[2025-11-18 17:56:42] [INFO]       • HP 1 - Main > Roblox Clone 2: crash via process_check (90%)
[2025-11-18 17:56:42] [INFO]       • HP 1 - Main > Roblox Clone 5: crash via process_check (90%)
[2025-11-18 17:56:42] [INFO]       • HP 1 - Main > Roblox Clone 6: crash via process_check (90%)
[2025-11-18 17:56:42] [INFO]       • HP 1 - Main > Roblox Clone 7: crash via process_check (90%)
[2025-11-18 17:56:42] [INFO]       • HP 1 - Main > Roblox Clone 3: crash via process_check (90%)
[2025-11-18 17:56:42] [INFO] ────────────────────────────────────────────────────────────
[2025-11-18 17:56:42] [INFO] 
💤 Waiting 30s for next cycle...
[2025-11-18 17:56:57] [INFO] Received termination signal
[2025-11-19 12:58:06] [SUCCESS] ✅ Configuration loaded successfully
[2025-11-19 12:58:06] [INFO] ✅ Database enabled: vsphone_monitor.db
[2025-11-19 12:58:07] [INFO] 🌐 Starting web dashboard on http://localhost:5000
[2025-11-19 12:58:07] [SUCCESS] ✅ Web dashboard started
[2025-11-19 12:58:09] [INFO] ============================================================
[2025-11-19 12:58:09] [INFO] 🚀 VSPhone Monitor v5.0.0 FINAL Started
[2025-11-19 12:58:09] [INFO] 📊 Total Clones: 7
[2025-11-19 12:58:09] [INFO] 👤 Accounts: 1
[2025-11-19 12:58:09] [INFO] 📱 Instances: 1
[2025-11-19 12:58:09] [INFO] ⏱️  Check Interval: 30s
[2025-11-19 12:58:09] [INFO] ⚡ Parallel Workers: 10
[2025-11-19 12:58:09] [INFO] 💾 Database: ✅ Enabled
[2025-11-19 12:58:09] [INFO] 🔥 Enhanced Detection: ✅ 4-Method Approach
[2025-11-19 12:58:09] [INFO] ============================================================
[2025-11-19 12:58:09] [INFO] 
🔍 Starting check cycle for 7 clones...
[2025-11-19 12:58:32] [WARNING] ⚠️  HP 1 - Main > Roblox Clone 5: CRASH detected
[2025-11-19 12:58:32] [WARNING]    Details: Process not found (confidence: 90%)
[2025-11-19 12:58:32] [WARNING] ⚠️  HP 1 - Main > Roblox Clone 4: CRASH detected
[2025-11-19 12:58:32] [WARNING]    Details: Process not found (confidence: 90%)
[2025-11-19 12:58:32] [WARNING] ⚠️  HP 1 - Main > Roblox Clone 6: CRASH detected
[2025-11-19 12:58:32] [WARNING]    Details: Process not found (confidence: 90%)
[2025-11-19 12:58:32] [WARNING] ⚠️  HP 1 - Main > Roblox Clone 2: CRASH detected
[2025-11-19 12:58:32] [WARNING]    Details: Process not found (confidence: 90%)
[2025-11-19 12:58:33] [WARNING] ⚠️  HP 1 - Main > Roblox Clone 7: CRASH detected
[2025-11-19 12:58:33] [WARNING]    Details: Process not found (confidence: 90%)
[2025-11-19 12:58:34] [WARNING] ⚠️  HP 1 - Main > Roblox Clone 1: CRASH detected
[2025-11-19 12:58:34] [WARNING]    Details: Process not found (confidence: 90%)
[2025-11-19 12:58:34] [WARNING] ⚠️  HP 1 - Main > Roblox Clone 3: CRASH detected
[2025-11-19 12:58:34] [WARNING]    Details: Process not found (confidence: 90%)
[2025-11-19 12:58:38] [ERROR] ❌ HP 1 - Main > Roblox Clone 2: Fix failed - Unknown error
[2025-11-19 12:58:38] [ERROR] ❌ HP 1 - Main > Roblox Clone 4: Fix failed - Unknown error
[2025-11-19 12:58:38] [ERROR] ❌ HP 1 - Main > Roblox Clone 6: Fix failed - Unknown error
[2025-11-19 12:58:39] [ERROR] ❌ HP 1 - Main > Roblox Clone 5: Fix failed - Unknown error
[2025-11-19 12:58:39] [ERROR] ❌ HP 1 - Main > Roblox Clone 7: Fix failed - Unknown error
[2025-11-19 12:58:40] [ERROR] ❌ HP 1 - Main > Roblox Clone 1: Fix failed - Unknown error
[2025-11-19 12:58:40] [ERROR] ❌ HP 1 - Main > Roblox Clone 3: Fix failed - Unknown error
[2025-11-19 12:58:40] [INFO] 
────────────────────────────────────────────────────────────
[2025-11-19 12:58:40] [INFO] ✅ Cycle Complete (31.5s)
[2025-11-19 12:58:40] [INFO]    Healthy: 0
[2025-11-19 12:58:40] [WARNING]    ⚠️  Failed to fix: 7
[2025-11-19 12:58:40] [INFO] ────────────────────────────────────────────────────────────
[2025-11-19 12:58:40] [INFO] 
💤 Waiting 30s for next cycle...
[2025-11-19 12:59:10] [INFO] 
🔍 Starting check cycle for 7 clones...
[2025-11-19 12:59:16] [WARNING]    → Device not responding to ADB (CRITICAL)
[2025-11-19 12:59:16] [WARNING] ⚠️  HP 1 - Main: DEVICE HANG detected (critical)
[2025-11-19 12:59:16] [WARNING] 🔄 Attempting device recovery for HP 1 - Main
[2025-11-19 12:59:16] [WARNING] 🔄 Attempting device recovery...
[2025-11-19 12:59:16] [WARNING]    → Device not responding to ADB (CRITICAL)
[2025-11-19 12:59:16] [WARNING] ⚠️  HP 1 - Main: DEVICE HANG detected (critical)
[2025-11-19 12:59:16] [WARNING] 🔄 Attempting device recovery for HP 1 - Main
[2025-11-19 12:59:16] [WARNING] 🔄 Attempting device recovery...
[2025-11-19 12:59:17] [WARNING]    → Device not responding to ADB (CRITICAL)
[2025-11-19 12:59:17] [WARNING] ⚠️  HP 1 - Main: DEVICE HANG detected (critical)
[2025-11-19 12:59:17] [WARNING] 🔄 Attempting device recovery for HP 1 - Main
[2025-11-19 12:59:17] [WARNING] 🔄 Attempting device recovery...
[2025-11-19 12:59:17] [WARNING]    → Device not responding to ADB (CRITICAL)
[2025-11-19 12:59:17] [WARNING] ⚠️  HP 1 - Main: DEVICE HANG detected (critical)
[2025-11-19 12:59:17] [WARNING] 🔄 Attempting device recovery for HP 1 - Main
[2025-11-19 12:59:17] [WARNING] 🔄 Attempting device recovery...
[2025-11-19 12:59:17] [WARNING]    → Device not responding to ADB (CRITICAL)
[2025-11-19 12:59:17] [WARNING] ⚠️  HP 1 - Main: DEVICE HANG detected (critical)
[2025-11-19 12:59:17] [WARNING] 🔄 Attempting device recovery for HP 1 - Main
[2025-11-19 12:59:17] [WARNING] 🔄 Attempting device recovery...
[2025-11-19 12:59:17] [WARNING]    → Device not responding to ADB (CRITICAL)
[2025-11-19 12:59:17] [WARNING] ⚠️  HP 1 - Main: DEVICE HANG detected (critical)
[2025-11-19 12:59:17] [WARNING] 🔄 Attempting device recovery for HP 1 - Main
[2025-11-19 12:59:17] [WARNING] 🔄 Attempting device recovery...
[2025-11-19 12:59:17] [WARNING]    → Device not responding to ADB (CRITICAL)
[2025-11-19 12:59:17] [WARNING] ⚠️  HP 1 - Main: DEVICE HANG detected (critical)
[2025-11-19 12:59:17] [WARNING] 🔄 Attempting device recovery for HP 1 - Main
[2025-11-19 12:59:17] [WARNING] 🔄 Attempting device recovery...
[2025-11-19 12:59:45] [SUCCESS] ✅ Device recovery completed
[2025-11-19 12:59:45] [SUCCESS] ✅ Device recovery completed
[2025-11-19 12:59:45] [SUCCESS] ✅ Device recovery completed
[2025-11-19 12:59:46] [SUCCESS] ✅ Device recovery completed
[2025-11-19 12:59:46] [SUCCESS] ✅ Device recovery completed
[2025-11-19 12:59:46] [SUCCESS] ✅ Device recovery completed
[2025-11-19 12:59:46] [SUCCESS] ✅ Device recovery completed
[2025-11-19 12:59:56] [INFO] 
────────────────────────────────────────────────────────────
[2025-11-19 12:59:56] [INFO] ✅ Cycle Complete (46.1s)
[2025-11-19 12:59:56] [INFO]    Healthy: 0
[2025-11-19 12:59:56] [INFO] ────────────────────────────────────────────────────────────
[2025-11-19 12:59:56] [INFO] 
💤 Waiting 30s for next cycle...
[2025-11-19 13:00:26] [INFO] 
🔍 Starting check cycle for 7 clones...
[2025-11-19 13:00:41] [WARNING] ⚠️  HP 1 - Main > Roblox Clone 2: CRASH detected
[2025-11-19 13:00:41] [WARNING]    Details: Process not found (confidence: 90%)
[2025-11-19 13:00:41] [WARNING] ⚠️  HP 1 - Main > Roblox Clone 4: CRASH detected
[2025-11-19 13:00:41] [WARNING]    Details: Process not found (confidence: 90%)
[2025-11-19 13:00:42] [WARNING] ⚠️  HP 1 - Main > Roblox Clone 3: CRASH detected
[2025-11-19 13:00:42] [WARNING]    Details: Process not found (confidence: 90%)
[2025-11-19 13:00:42] [WARNING] ⚠️  HP 1 - Main > Roblox Clone 6: CRASH detected
[2025-11-19 13:00:42] [WARNING]    Details: Process not found (confidence: 90%)
[2025-11-19 13:00:42] [WARNING] ⚠️  HP 1 - Main > Roblox Clone 5: CRASH detected
[2025-11-19 13:00:42] [WARNING]    Details: Process not found (confidence: 90%)
[2025-11-19 13:00:42] [WARNING] ⚠️  HP 1 - Main > Roblox Clone 7: CRASH detected
[2025-11-19 13:00:42] [WARNING]    Details: Process not found (confidence: 90%)
[2025-11-19 13:00:42] [WARNING] ⚠️  HP 1 - Main > Roblox Clone 1: CRASH detected
[2025-11-19 13:00:42] [WARNING]    Details: Process not found (confidence: 90%)
[2025-11-19 13:00:44] [SUCCESS] ✅ HP 1 - Main > Roblox Clone 2: Fixed in 3.0s
[2025-11-19 13:00:45] [SUCCESS] ✅ HP 1 - Main > Roblox Clone 4: Fixed in 3.9s
[2025-11-19 13:00:46] [SUCCESS] ✅ HP 1 - Main > Roblox Clone 6: Fixed in 4.4s
[2025-11-19 13:00:47] [SUCCESS] ✅ HP 1 - Main > Roblox Clone 7: Fixed in 4.4s
[2025-11-19 13:00:47] [SUCCESS] ✅ HP 1 - Main > Roblox Clone 3: Fixed in 4.9s
[2025-11-19 13:00:47] [SUCCESS] ✅ HP 1 - Main > Roblox Clone 5: Fixed in 4.9s
[2025-11-19 13:00:47] [SUCCESS] ✅ HP 1 - Main > Roblox Clone 1: Fixed in 4.8s
[2025-11-19 13:00:47] [INFO] 
────────────────────────────────────────────────────────────
[2025-11-19 13:00:47] [INFO] ✅ Cycle Complete (20.8s)
[2025-11-19 13:00:47] [INFO]    Healthy: 0
[2025-11-19 13:00:47] [SUCCESS]    Fixed: 7
[2025-11-19 13:00:47] [INFO]    Issues: 7 crash
[2025-11-19 13:00:47] [INFO] 
   Detection Details:
[2025-11-19 13:00:47] [INFO]       • HP 1 - Main > Roblox Clone 2: crash via process_check (90%)
[2025-11-19 13:00:47] [INFO]       • HP 1 - Main > Roblox Clone 4: crash via process_check (90%)
[2025-11-19 13:00:47] [INFO]       • HP 1 - Main > Roblox Clone 6: crash via process_check (90%)
[2025-11-19 13:00:47] [INFO]       • HP 1 - Main > Roblox Clone 7: crash via process_check (90%)
[2025-11-19 13:00:47] [INFO]       • HP 1 - Main > Roblox Clone 3: crash via process_check (90%)
[2025-11-19 13:00:47] [INFO] ────────────────────────────────────────────────────────────
[2025-11-19 13:00:47] [INFO] 
💤 Waiting 30s for next cycle...
[2025-11-19 13:01:17] [INFO] 
🔍 Starting check cycle for 7 clones...
[2025-11-19 13:01:29] [WARNING] ⚠️  HP 1 - Main > Roblox Clone 5: CRASH detected
[2025-11-19 13:01:29] [WARNING]    Details: API check failed (confidence: 50%)
[2025-11-19 13:01:30] [WARNING] ⚠️  HP 1 - Main > Roblox Clone 1: CRASH detected
[2025-11-19 13:01:30] [WARNING]    Details: API check failed (confidence: 50%)
[2025-11-19 13:01:30] [WARNING] ⚠️  HP 1 - Main > Roblox Clone 4: CRASH detected
[2025-11-19 13:01:30] [WARNING]    Details: API check failed (confidence: 50%)
[2025-11-19 13:01:33] [SUCCESS] ✅ HP 1 - Main > Roblox Clone 4: Fixed in 3.0s
[2025-11-19 13:01:33] [SUCCESS] ✅ HP 1 - Main > Roblox Clone 5: Fixed in 3.1s
[2025-11-19 13:01:33] [INFO] Received termination signal
[2025-11-19 13:01:33] [SUCCESS] ✅ HP 1 - Main > Roblox Clone 1: Fixed in 3.1s
[2025-11-19 13:01:36] [WARNING] ⚠️  HP 1 - Main > Roblox Clone 6: CRASH detected
[2025-11-19 13:01:36] [WARNING]    Details: Process not found (confidence: 90%)
[2025-11-19 13:01:36] [WARNING] ⚠️  HP 1 - Main > Roblox Clone 3: CRASH detected
[2025-11-19 13:01:36] [WARNING]    Details: Process not found (confidence: 90%)
[2025-11-19 13:01:37] [WARNING] ⚠️  HP 1 - Main > Roblox Clone 7: CRASH detected
[2025-11-19 13:01:37] [WARNING]    Details: Process not found (confidence: 90%)
[2025-11-19 13:01:37] [WARNING] ⚠️  HP 1 - Main > Roblox Clone 2: CRASH detected
[2025-11-19 13:01:37] [WARNING]    Details: Process not found (confidence: 90%)
[2025-11-19 13:01:39] [SUCCESS] ✅ HP 1 - Main > Roblox Clone 3: Fixed in 3.1s
[2025-11-19 13:01:40] [SUCCESS] ✅ HP 1 - Main > Roblox Clone 6: Fixed in 4.1s
[2025-11-19 13:01:40] [SUCCESS] ✅ HP 1 - Main > Roblox Clone 7: Fixed in 3.9s
[2025-11-19 13:01:41] [SUCCESS] ✅ HP 1 - Main > Roblox Clone 2: Fixed in 3.9s
[2025-11-20 22:02:58] [SUCCESS] ✅ Configuration loaded successfully
[2025-11-20 22:02:58] [INFO] ============================================================
[2025-11-20 22:02:58] [INFO] 🚀 VSPhone Monitor v5.1.0 ENHANCED Started
[2025-11-20 22:02:58] [INFO] 📊 Total Clones: 7
[2025-11-20 22:02:58] [INFO] ⏱️  Check Interval: 30s
[2025-11-20 22:02:58] [INFO] 🔥 Enhanced Detection: 5 Methods Combined
[2025-11-20 22:02:58] [INFO] ============================================================
[2025-11-20 22:02:58] [INFO] 
🔍 Starting check cycle for 7 clones...
[2025-11-20 22:03:04] [WARNING]    ❌ Process not found (all 3 methods)
[2025-11-20 22:03:04] [WARNING]    ❌ CRASHED: Process not found
[2025-11-20 22:03:04] [WARNING] ⚠️  HP 1 - Main > Roblox Clone 6: CRASH - Process not running
[2025-11-20 22:03:04] [WARNING]    Confidence: 95% via process_check
[2025-11-20 22:03:04] [INFO]    🔄 Restarting Roblox Clone 6...
[2025-11-20 22:03:06] [WARNING]    ❌ Process not found (all 3 methods)
[2025-11-20 22:03:06] [WARNING]    ❌ CRASHED: Process not found
[2025-11-20 22:03:06] [WARNING] ⚠️  HP 1 - Main > Roblox Clone 4: CRASH - Process not running
[2025-11-20 22:03:06] [WARNING]    Confidence: 95% via process_check
[2025-11-20 22:03:06] [INFO]    🔄 Restarting Roblox Clone 4...
[2025-11-20 22:03:06] [WARNING]    ❌ Process not found (all 3 methods)
[2025-11-20 22:03:06] [WARNING]    ❌ CRASHED: Process not found
[2025-11-20 22:03:06] [WARNING] ⚠️  HP 1 - Main > Roblox Clone 2: CRASH - Process not running
[2025-11-20 22:03:06] [WARNING]    Confidence: 95% via process_check
[2025-11-20 22:03:06] [INFO]    🔄 Restarting Roblox Clone 2...
[2025-11-20 22:03:06] [WARNING]    ❌ Process not found (all 3 methods)
[2025-11-20 22:03:06] [WARNING]    ❌ CRASHED: Process not found
[2025-11-20 22:03:06] [WARNING] ⚠️  HP 1 - Main > Roblox Clone 5: CRASH - Process not running
[2025-11-20 22:03:06] [WARNING]    Confidence: 95% via process_check
[2025-11-20 22:03:06] [INFO]    🔄 Restarting Roblox Clone 5...
[2025-11-20 22:03:06] [WARNING]    ❌ Process not found (all 3 methods)
[2025-11-20 22:03:06] [WARNING]    ❌ CRASHED: Process not found
[2025-11-20 22:03:06] [WARNING] ⚠️  HP 1 - Main > Roblox Clone 1: CRASH - Process not running
[2025-11-20 22:03:06] [WARNING]    Confidence: 95% via process_check
[2025-11-20 22:03:06] [INFO]    🔄 Restarting Roblox Clone 1...
[2025-11-20 22:03:06] [WARNING]    ❌ Process not found (all 3 methods)
[2025-11-20 22:03:06] [WARNING]    ❌ CRASHED: Process not found
[2025-11-20 22:03:06] [WARNING] ⚠️  HP 1 - Main > Roblox Clone 3: CRASH - Process not running
[2025-11-20 22:03:06] [WARNING]    Confidence: 95% via process_check
[2025-11-20 22:03:06] [INFO]    🔄 Restarting Roblox Clone 3...
[2025-11-20 22:03:06] [WARNING]    ❌ Process not found (all 3 methods)
[2025-11-20 22:03:06] [WARNING]    ❌ CRASHED: Process not found
[2025-11-20 22:03:06] [WARNING] ⚠️  HP 1 - Main > Roblox Clone 7: CRASH - Process not running
[2025-11-20 22:03:06] [WARNING]    Confidence: 95% via process_check
[2025-11-20 22:03:06] [INFO]    🔄 Restarting Roblox Clone 7...
[2025-11-20 22:03:14] [SUCCESS]    ✅ Restart successful (7.4s)
[2025-11-20 22:03:14] [SUCCESS] ✅ HP 1 - Main > Roblox Clone 3: Fixed in 7.4s
[2025-11-20 22:03:14] [SUCCESS]    ✅ Restart successful (7.9s)
[2025-11-20 22:03:14] [SUCCESS] ✅ HP 1 - Main > Roblox Clone 4: Fixed in 7.9s
[2025-11-20 22:03:14] [SUCCESS]    ✅ Restart successful (10.6s)
[2025-11-20 22:03:14] [SUCCESS] ✅ HP 1 - Main > Roblox Clone 6: Fixed in 10.6s
[2025-11-20 22:03:15] [SUCCESS]    ✅ Restart successful (8.5s)
[2025-11-20 22:03:15] [SUCCESS]    ✅ Restart successful (8.5s)
[2025-11-20 22:03:15] [SUCCESS]    ✅ Restart successful (8.4s)
[2025-11-20 22:03:15] [SUCCESS]    ✅ Restart successful (8.5s)
[2025-11-20 22:03:15] [SUCCESS] ✅ HP 1 - Main > Roblox Clone 2: Fixed in 8.5s
[2025-11-20 22:03:15] [SUCCESS] ✅ HP 1 - Main > Roblox Clone 1: Fixed in 8.5s
[2025-11-20 22:03:15] [SUCCESS] ✅ HP 1 - Main > Roblox Clone 7: Fixed in 8.4s
[2025-11-20 22:03:15] [SUCCESS] ✅ HP 1 - Main > Roblox Clone 5: Fixed in 8.5s
[2025-11-20 22:03:15] [INFO] 
────────────────────────────────────────────────────────────
[2025-11-20 22:03:15] [INFO] ✅ Cycle Complete (16.7s)
[2025-11-20 22:03:15] [INFO]    Healthy: 0
[2025-11-20 22:03:15] [SUCCESS]    Fixed: 7
[2025-11-20 22:03:15] [INFO]    Issues: 7 crash
[2025-11-20 22:03:15] [INFO] 
   Detection Details:
[2025-11-20 22:03:15] [INFO]       • HP 1 - Main > Roblox Clone 3: crash via process_check (95%)
[2025-11-20 22:03:15] [INFO]       • HP 1 - Main > Roblox Clone 4: crash via process_check (95%)
[2025-11-20 22:03:15] [INFO]       • HP 1 - Main > Roblox Clone 6: crash via process_check (95%)
[2025-11-20 22:03:15] [INFO]       • HP 1 - Main > Roblox Clone 2: crash via process_check (95%)
[2025-11-20 22:03:15] [INFO]       • HP 1 - Main > Roblox Clone 1: crash via process_check (95%)
[2025-11-20 22:03:15] [INFO] ────────────────────────────────────────────────────────────
[2025-11-20 22:03:15] [INFO] 
💤 Waiting 30s for next cycle...
[2025-11-20 22:03:45] [INFO] 
🔍 Starting check cycle for 7 clones...
[2025-11-20 22:03:56] [WARNING]    ❌ Process not found (all 3 methods)
[2025-11-20 22:03:56] [WARNING]    ❌ CRASHED: Process not found
[2025-11-20 22:03:56] [WARNING] ⚠️  HP 1 - Main > Roblox Clone 1: CRASH - Process not running
[2025-11-20 22:03:56] [WARNING]    Confidence: 95% via process_check
[2025-11-20 22:03:56] [INFO]    🔄 Restarting Roblox Clone 1...
[2025-11-20 22:03:59] [WARNING]    ❌ Process not found (all 3 methods)
[2025-11-20 22:03:59] [WARNING]    ❌ CRASHED: Process not found
[2025-11-20 22:03:59] [WARNING] ⚠️  HP 1 - Main > Roblox Clone 5: CRASH - Process not running
[2025-11-20 22:03:59] [WARNING]    Confidence: 95% via process_check
[2025-11-20 22:03:59] [INFO]    🔄 Restarting Roblox Clone 5...
[2025-11-20 22:03:59] [WARNING]    ❌ Process not found (all 3 methods)
[2025-11-20 22:03:59] [WARNING]    ❌ CRASHED: Process not found
[2025-11-20 22:03:59] [WARNING] ⚠️  HP 1 - Main > Roblox Clone 4: CRASH - Process not running
[2025-11-20 22:03:59] [WARNING]    Confidence: 95% via process_check
[2025-11-20 22:03:59] [INFO]    🔄 Restarting Roblox Clone 4...
[2025-11-20 22:03:59] [WARNING]    ❌ Process not found (all 3 methods)
[2025-11-20 22:03:59] [WARNING]    ❌ CRASHED: Process not found
[2025-11-20 22:03:59] [WARNING] ⚠️  HP 1 - Main > Roblox Clone 6: CRASH - Process not running
[2025-11-20 22:03:59] [WARNING]    Confidence: 95% via process_check
[2025-11-20 22:03:59] [INFO]    🔄 Restarting Roblox Clone 6...
[2025-11-20 22:03:59] [WARNING]    ❌ Process not found (all 3 methods)
[2025-11-20 22:03:59] [WARNING]    ❌ CRASHED: Process not found
[2025-11-20 22:03:59] [WARNING] ⚠️  HP 1 - Main > Roblox Clone 2: CRASH - Process not running
[2025-11-20 22:03:59] [WARNING]    Confidence: 95% via process_check
[2025-11-20 22:03:59] [INFO]    🔄 Restarting Roblox Clone 2...
[2025-11-20 22:03:59] [WARNING]    ❌ Process not found (all 3 methods)
[2025-11-20 22:03:59] [WARNING]    ❌ CRASHED: Process not found
[2025-11-20 22:03:59] [WARNING] ⚠️  HP 1 - Main > Roblox Clone 7: CRASH - Process not running
[2025-11-20 22:03:59] [WARNING]    Confidence: 95% via process_check
[2025-11-20 22:03:59] [INFO]    🔄 Restarting Roblox Clone 7...
[2025-11-20 22:03:59] [WARNING]    ❌ Process not found (all 3 methods)
[2025-11-20 22:03:59] [WARNING]    ❌ CRASHED: Process not found
[2025-11-20 22:03:59] [WARNING] ⚠️  HP 1 - Main > Roblox Clone 3: CRASH - Process not running
[2025-11-20 22:03:59] [WARNING]    Confidence: 95% via process_check
[2025-11-20 22:03:59] [INFO]    🔄 Restarting Roblox Clone 3...
[2025-11-20 22:04:06] [SUCCESS]    ✅ Restart successful (9.7s)
[2025-11-20 22:04:06] [SUCCESS] ✅ HP 1 - Main > Roblox Clone 1: Fixed in 9.7s
[2025-11-20 22:04:12] [SUCCESS]    ✅ Restart successful (13.2s)
[2025-11-20 22:04:12] [SUCCESS] ✅ HP 1 - Main > Roblox Clone 4: Fixed in 13.2s
[2025-11-20 22:04:12] [SUCCESS]    ✅ Restart successful (13.2s)
[2025-11-20 22:04:12] [SUCCESS] ✅ HP 1 - Main > Roblox Clone 6: Fixed in 13.2s
[2025-11-20 22:04:12] [SUCCESS]    ✅ Restart successful (12.8s)
[2025-11-20 22:04:12] [SUCCESS]    ✅ Restart successful (13.3s)
[2025-11-20 22:04:12] [SUCCESS] ✅ HP 1 - Main > Roblox Clone 3: Fixed in 12.8s
[2025-11-20 22:04:12] [SUCCESS] ✅ HP 1 - Main > Roblox Clone 5: Fixed in 13.3s
[2025-11-20 22:04:13] [SUCCESS]    ✅ Restart successful (13.7s)
[2025-11-20 22:04:13] [SUCCESS] ✅ HP 1 - Main > Roblox Clone 2: Fixed in 13.7s
[2025-11-20 22:04:13] [SUCCESS]    ✅ Restart successful (13.6s)
[2025-11-20 22:04:13] [SUCCESS] ✅ HP 1 - Main > Roblox Clone 7: Fixed in 13.6s
[2025-11-20 22:04:13] [INFO] 
────────────────────────────────────────────────────────────
[2025-11-20 22:04:13] [INFO] ✅ Cycle Complete (28.1s)
[2025-11-20 22:04:13] [INFO]    Healthy: 0
[2025-11-20 22:04:13] [SUCCESS]    Fixed: 7
[2025-11-20 22:04:13] [INFO]    Issues: 7 crash
[2025-11-20 22:04:13] [INFO] 
   Detection Details:
[2025-11-20 22:04:13] [INFO]       • HP 1 - Main > Roblox Clone 1: crash via process_check (95%)
[2025-11-20 22:04:13] [INFO]       • HP 1 - Main > Roblox Clone 4: crash via process_check (95%)
[2025-11-20 22:04:13] [INFO]       • HP 1 - Main > Roblox Clone 6: crash via process_check (95%)
[2025-11-20 22:04:13] [INFO]       • HP 1 - Main > Roblox Clone 3: crash via process_check (95%)
[2025-11-20 22:04:13] [INFO]       • HP 1 - Main > Roblox Clone 5: crash via process_check (95%)
[2025-11-20 22:04:13] [INFO] ────────────────────────────────────────────────────────────
[2025-11-20 22:04:13] [INFO] 
💤 Waiting 30s for next cycle...
[2025-11-20 22:04:43] [INFO] 
🔍 Starting check cycle for 7 clones...
[2025-11-20 22:04:55] [WARNING]    ❌ Process not found (all 3 methods)
[2025-11-20 22:04:55] [WARNING]    ❌ CRASHED: Process not found
[2025-11-20 22:04:55] [WARNING] ⚠️  HP 1 - Main > Roblox Clone 2: CRASH - Process not running
[2025-11-20 22:04:55] [WARNING]    Confidence: 95% via process_check
[2025-11-20 22:04:55] [INFO]    🔄 Restarting Roblox Clone 2...
[2025-11-20 22:04:56] [WARNING]    ❌ Process not found (all 3 methods)
[2025-11-20 22:04:56] [WARNING]    ❌ CRASHED: Process not found
[2025-11-20 22:04:56] [WARNING] ⚠️  HP 1 - Main > Roblox Clone 6: CRASH - Process not running
[2025-11-20 22:04:56] [WARNING]    Confidence: 95% via process_check
[2025-11-20 22:04:56] [INFO]    🔄 Restarting Roblox Clone 6...
[2025-11-20 22:04:59] [WARNING]    ❌ Process not found (all 3 methods)
[2025-11-20 22:04:59] [WARNING]    ❌ CRASHED: Process not found
[2025-11-20 22:04:59] [WARNING] ⚠️  HP 1 - Main > Roblox Clone 7: CRASH - Process not running
[2025-11-20 22:04:59] [WARNING]    Confidence: 95% via process_check
[2025-11-20 22:04:59] [INFO]    🔄 Restarting Roblox Clone 7...
[2025-11-20 22:04:59] [WARNING]    ❌ Process not found (all 3 methods)
[2025-11-20 22:04:59] [WARNING]    ❌ CRASHED: Process not found
[2025-11-20 22:04:59] [WARNING] ⚠️  HP 1 - Main > Roblox Clone 4: CRASH - Process not running
[2025-11-20 22:04:59] [WARNING]    Confidence: 95% via process_check
[2025-11-20 22:04:59] [INFO]    🔄 Restarting Roblox Clone 4...
[2025-11-20 22:04:59] [WARNING]    ❌ Process not found (all 3 methods)
[2025-11-20 22:04:59] [WARNING]    ❌ CRASHED: Process not found
[2025-11-20 22:04:59] [WARNING]    ❌ Process not found (all 3 methods)
[2025-11-20 22:04:59] [WARNING] ⚠️  HP 1 - Main > Roblox Clone 5: CRASH - Process not running
[2025-11-20 22:04:59] [WARNING]    ❌ CRASHED: Process not found
[2025-11-20 22:04:59] [WARNING]    Confidence: 95% via process_check
[2025-11-20 22:04:59] [WARNING] ⚠️  HP 1 - Main > Roblox Clone 3: CRASH - Process not running
[2025-11-20 22:04:59] [INFO]    🔄 Restarting Roblox Clone 5...
[2025-11-20 22:04:59] [WARNING]    Confidence: 95% via process_check
[2025-11-20 22:04:59] [INFO]    🔄 Restarting Roblox Clone 3...
[2025-11-20 22:05:00] [WARNING]    ❌ Process not found (all 3 methods)
[2025-11-20 22:05:00] [WARNING]    ❌ CRASHED: Process not found
[2025-11-20 22:05:00] [WARNING] ⚠️  HP 1 - Main > Roblox Clone 1: CRASH - Process not running
[2025-11-20 22:05:00] [WARNING]    Confidence: 95% via process_check
[2025-11-20 22:05:00] [INFO]    🔄 Restarting Roblox Clone 1...
[2025-11-20 22:05:06] [SUCCESS]    ✅ Restart successful (11.0s)
[2025-11-20 22:05:06] [SUCCESS] ✅ HP 1 - Main > Roblox Clone 2: Fixed in 11.0s
[2025-11-20 22:05:06] [SUCCESS]    ✅ Restart successful (10.0s)
[2025-11-20 22:05:06] [SUCCESS] ✅ HP 1 - Main > Roblox Clone 6: Fixed in 10.0s
[2025-11-20 22:05:12] [SUCCESS]    ✅ Restart successful (12.8s)
[2025-11-20 22:05:12] [SUCCESS] ✅ HP 1 - Main > Roblox Clone 7: Fixed in 12.8s
[2025-11-20 22:05:13] [SUCCESS]    ✅ Restart successful (13.9s)
[2025-11-20 22:05:13] [SUCCESS] ✅ HP 1 - Main > Roblox Clone 4: Fixed in 13.9s
[2025-11-20 22:05:13] [SUCCESS]    ✅ Restart successful (14.4s)
[2025-11-20 22:05:13] [SUCCESS] ✅ HP 1 - Main > Roblox Clone 5: Fixed in 14.4s
[2025-11-20 22:05:13] [SUCCESS]    ✅ Restart successful (13.6s)
[2025-11-20 22:05:13] [SUCCESS] ✅ HP 1 - Main > Roblox Clone 1: Fixed in 13.6s
[2025-11-20 22:05:13] [SUCCESS]    ✅ Restart successful (14.4s)
[2025-11-20 22:05:13] [SUCCESS] ✅ HP 1 - Main > Roblox Clone 3: Fixed in 14.4s
[2025-11-20 22:05:13] [INFO] 
────────────────────────────────────────────────────────────
[2025-11-20 22:05:13] [INFO] ✅ Cycle Complete (30.4s)
[2025-11-20 22:05:13] [INFO]    Healthy: 0
[2025-11-20 22:05:13] [SUCCESS]    Fixed: 7
[2025-11-20 22:05:13] [INFO]    Issues: 7 crash
[2025-11-20 22:05:13] [INFO] 
   Detection Details:
[2025-11-20 22:05:13] [INFO]       • HP 1 - Main > Roblox Clone 2: crash via process_check (95%)
[2025-11-20 22:05:13] [INFO]       • HP 1 - Main > Roblox Clone 6: crash via process_check (95%)
[2025-11-20 22:05:13] [INFO]       • HP 1 - Main > Roblox Clone 7: crash via process_check (95%)
[2025-11-20 22:05:13] [INFO]       • HP 1 - Main > Roblox Clone 4: crash via process_check (95%)
[2025-11-20 22:05:13] [INFO]       • HP 1 - Main > Roblox Clone 5: crash via process_check (95%)
[2025-11-20 22:05:13] [INFO] ────────────────────────────────────────────────────────────
[2025-11-20 22:05:13] [INFO] 
💤 Waiting 30s for next cycle...
[2025-11-20 22:05:43] [INFO] 
🔍 Starting check cycle for 7 clones...
[2025-11-20 22:06:01] [WARNING]    ❌ Process not found (all 3 methods)
[2025-11-20 22:06:01] [WARNING]    ❌ CRASHED: Process not found
[2025-11-20 22:06:01] [WARNING] ⚠️  HP 1 - Main > Roblox Clone 6: CRASH - Process not running
[2025-11-20 22:06:01] [WARNING]    Confidence: 95% via process_check
[2025-11-20 22:06:01] [INFO]    🔄 Restarting Roblox Clone 6...
[2025-11-20 22:06:01] [WARNING]    ❌ Process not found (all 3 methods)
[2025-11-20 22:06:01] [WARNING]    ❌ CRASHED: Process not found
[2025-11-20 22:06:01] [WARNING] ⚠️  HP 1 - Main > Roblox Clone 7: CRASH - Process not running
[2025-11-20 22:06:01] [WARNING]    Confidence: 95% via process_check
[2025-11-20 22:06:01] [INFO]    🔄 Restarting Roblox Clone 7...
[2025-11-20 22:06:02] [WARNING]    ❌ Process not found (all 3 methods)
[2025-11-20 22:06:02] [WARNING]    ❌ CRASHED: Process not found
[2025-11-20 22:06:02] [WARNING] ⚠️  HP 1 - Main > Roblox Clone 4: CRASH - Process not running
[2025-11-20 22:06:02] [WARNING]    Confidence: 95% via process_check
[2025-11-20 22:06:02] [INFO]    🔄 Restarting Roblox Clone 4...
[2025-11-20 22:06:02] [WARNING]    ❌ Process not found (all 3 methods)
[2025-11-20 22:06:02] [WARNING]    ❌ CRASHED: Process not found
[2025-11-20 22:06:02] [WARNING] ⚠️  HP 1 - Main > Roblox Clone 5: CRASH - Process not running
[2025-11-20 22:06:02] [WARNING]    Confidence: 95% via process_check
[2025-11-20 22:06:02] [INFO]    🔄 Restarting Roblox Clone 5...
[2025-11-20 22:06:02] [WARNING]    ❌ Process not found (all 3 methods)
[2025-11-20 22:06:02] [WARNING]    ❌ CRASHED: Process not found
[2025-11-20 22:06:02] [WARNING] ⚠️  HP 1 - Main > Roblox Clone 3: CRASH - Process not running
[2025-11-20 22:06:02] [WARNING]    Confidence: 95% via process_check
[2025-11-20 22:06:02] [INFO]    🔄 Restarting Roblox Clone 3...
[2025-11-20 22:06:02] [WARNING]    ❌ Process not found (all 3 methods)
[2025-11-20 22:06:02] [WARNING]    ❌ CRASHED: Process not found
[2025-11-20 22:06:02] [WARNING] ⚠️  HP 1 - Main > Roblox Clone 2: CRASH - Process not running
[2025-11-20 22:06:02] [WARNING]    Confidence: 95% via process_check
[2025-11-20 22:06:02] [INFO]    🔄 Restarting Roblox Clone 2...
[2025-11-20 22:06:03] [WARNING]    ❌ Process not found (all 3 methods)
[2025-11-20 22:06:03] [WARNING]    ❌ CRASHED: Process not found
[2025-11-20 22:06:03] [WARNING] ⚠️  HP 1 - Main > Roblox Clone 1: CRASH - Process not running
[2025-11-20 22:06:03] [WARNING]    Confidence: 95% via process_check
[2025-11-20 22:06:03] [INFO]    🔄 Restarting Roblox Clone 1...
[2025-11-20 22:06:11] [SUCCESS]    ✅ Restart successful (9.3s)
[2025-11-20 22:06:11] [SUCCESS] ✅ HP 1 - Main > Roblox Clone 7: Fixed in 9.3s
[2025-11-20 22:06:11] [INFO] Received termination signal
[2025-11-20 22:06:11] [SUCCESS]    ✅ Restart successful (8.7s)
[2025-11-20 22:06:11] [SUCCESS] ✅ HP 1 - Main > Roblox Clone 1: Fixed in 8.7s
[2025-11-20 22:06:12] [SUCCESS]    ✅ Restart successful (10.5s)
[2025-11-20 22:06:12] [SUCCESS] ✅ HP 1 - Main > Roblox Clone 6: Fixed in 10.5s
[2025-11-20 22:06:12] [SUCCESS]    ✅ Restart successful (9.8s)
[2025-11-20 22:06:12] [SUCCESS] ✅ HP 1 - Main > Roblox Clone 4: Fixed in 9.8s
[2025-11-20 22:06:12] [SUCCESS]    ✅ Restart successful (9.8s)
[2025-11-20 22:06:12] [SUCCESS] ✅ HP 1 - Main > Roblox Clone 5: Fixed in 9.8s
[2025-11-20 22:06:12] [SUCCESS]    ✅ Restart successful (9.3s)
[2025-11-20 22:06:12] [SUCCESS] ✅ HP 1 - Main > Roblox Clone 3: Fixed in 9.3s
[2025-11-20 22:06:12] [SUCCESS]    ✅ Restart successful (9.3s)
[2025-11-20 22:06:12] [SUCCESS] ✅ HP 1 - Main > Roblox Clone 2: Fixed in 9.3s
[2025-11-20 22:17:13] [SUCCESS] ✅ Configuration loaded successfully
[2025-11-20 22:17:13] [INFO] ✅ Database enabled: vsphone_monitor.db
[2025-11-20 22:17:13] [INFO] 🌐 Starting web dashboard on http://localhost:5000
[2025-11-20 22:17:13] [SUCCESS] ✅ Web dashboard started
[2025-11-20 22:17:15] [INFO] ============================================================
[2025-11-20 22:17:15] [INFO] 🚀 VSPhone Monitor v5.0.0 FINAL Started
[2025-11-20 22:17:15] [INFO] 📊 Total Clones: 7
[2025-11-20 22:17:15] [INFO] 👤 Accounts: 1
[2025-11-20 22:17:15] [INFO] 📱 Instances: 1
[2025-11-20 22:17:15] [INFO] ⏱️  Check Interval: 30s
[2025-11-20 22:17:15] [INFO] ⚡ Parallel Workers: 10
[2025-11-20 22:17:15] [INFO] 💾 Database: ✅ Enabled
[2025-11-20 22:17:15] [INFO] 🔥 Enhanced Detection: ✅ 4-Method Approach
[2025-11-20 22:17:15] [INFO] ============================================================
[2025-11-20 22:17:15] [INFO] 
🔍 Starting check cycle for 7 clones...
[2025-11-20 22:17:25] [WARNING] ⚠️  HP 1 - Main > Roblox Clone 3: CRASH detected
[2025-11-20 22:17:25] [WARNING]    Details: Process not found (confidence: 90%)
[2025-11-20 22:17:25] [WARNING] ⚠️  HP 1 - Main > Roblox Clone 2: CRASH detected
[2025-11-20 22:17:25] [WARNING]    Details: Process not found (confidence: 90%)
[2025-11-20 22:17:25] [WARNING] ⚠️  HP 1 - Main > Roblox Clone 4: CRASH detected
[2025-11-20 22:17:25] [WARNING]    Details: Process not found (confidence: 90%)
[2025-11-20 22:17:25] [WARNING] ⚠️  HP 1 - Main > Roblox Clone 7: CRASH detected
[2025-11-20 22:17:25] [WARNING]    Details: Process not found (confidence: 90%)
[2025-11-20 22:17:25] [WARNING] ⚠️  HP 1 - Main > Roblox Clone 6: CRASH detected
[2025-11-20 22:17:25] [WARNING]    Details: Process not found (confidence: 90%)
[2025-11-20 22:17:26] [WARNING] ⚠️  HP 1 - Main > Roblox Clone 5: CRASH detected
[2025-11-20 22:17:26] [WARNING]    Details: Process not found (confidence: 90%)
[2025-11-20 22:17:26] [WARNING] ⚠️  HP 1 - Main > Roblox Clone 1: CRASH detected
[2025-11-20 22:17:26] [WARNING]    Details: Process not found (confidence: 90%)
[2025-11-20 22:17:26] [SUCCESS] ✅ HP 1 - Main > Roblox Clone 2: Fixed in 1.5s
[2025-11-20 22:17:27] [SUCCESS] ✅ HP 1 - Main > Roblox Clone 3: Fixed in 2.0s
[2025-11-20 22:17:29] [SUCCESS] ✅ HP 1 - Main > Roblox Clone 7: Fixed in 3.8s
[2025-11-20 22:17:29] [SUCCESS] ✅ HP 1 - Main > Roblox Clone 4: Fixed in 3.9s
[2025-11-20 22:17:29] [SUCCESS] ✅ HP 1 - Main > Roblox Clone 6: Fixed in 3.9s
[2025-11-20 22:17:29] [SUCCESS] ✅ HP 1 - Main > Roblox Clone 5: Fixed in 3.9s
[2025-11-20 22:17:29] [SUCCESS] ✅ HP 1 - Main > Roblox Clone 1: Fixed in 3.9s
[2025-11-20 22:17:29] [INFO] 
────────────────────────────────────────────────────────────
[2025-11-20 22:17:29] [INFO] ✅ Cycle Complete (13.9s)
[2025-11-20 22:17:29] [INFO]    Healthy: 0
[2025-11-20 22:17:29] [SUCCESS]    Fixed: 7
[2025-11-20 22:17:29] [INFO]    Issues: 7 crash
[2025-11-20 22:17:29] [INFO] 
   Detection Details:
[2025-11-20 22:17:29] [INFO]       • HP 1 - Main > Roblox Clone 2: crash via process_check (90%)
[2025-11-20 22:17:29] [INFO]       • HP 1 - Main > Roblox Clone 3: crash via process_check (90%)
[2025-11-20 22:17:29] [INFO]       • HP 1 - Main > Roblox Clone 7: crash via process_check (90%)
[2025-11-20 22:17:29] [INFO]       • HP 1 - Main > Roblox Clone 4: crash via process_check (90%)
[2025-11-20 22:17:29] [INFO]       • HP 1 - Main > Roblox Clone 6: crash via process_check (90%)
[2025-11-20 22:17:29] [INFO] ────────────────────────────────────────────────────────────
[2025-11-20 22:17:29] [INFO] 
💤 Waiting 30s for next cycle...
[2025-11-20 22:17:59] [INFO] 
🔍 Starting check cycle for 7 clones...
[2025-11-20 22:18:15] [WARNING] ⚠️  HP 1 - Main > Roblox Clone 1: CRASH detected
[2025-11-20 22:18:15] [WARNING]    Details: Process not found (confidence: 90%)
[2025-11-20 22:18:17] [WARNING] ⚠️  HP 1 - Main > Roblox Clone 5: CRASH detected
[2025-11-20 22:18:17] [WARNING]    Details: Process not found (confidence: 90%)
[2025-11-20 22:18:18] [WARNING] ⚠️  HP 1 - Main > Roblox Clone 7: CRASH detected
[2025-11-20 22:18:18] [WARNING]    Details: Process not found (confidence: 90%)
[2025-11-20 22:18:18] [WARNING] ⚠️  HP 1 - Main > Roblox Clone 4: CRASH detected
[2025-11-20 22:18:18] [WARNING]    Details: Process not found (confidence: 90%)
[2025-11-20 22:18:18] [WARNING] ⚠️  HP 1 - Main > Roblox Clone 3: CRASH detected
[2025-11-20 22:18:18] [WARNING]    Details: Process not found (confidence: 90%)
[2025-11-20 22:18:18] [SUCCESS] ✅ HP 1 - Main > Roblox Clone 1: Fixed in 2.5s
[2025-11-20 22:18:19] [WARNING] ⚠️  HP 1 - Main > Roblox Clone 2: CRASH detected
[2025-11-20 22:18:19] [WARNING]    Details: Process not found (confidence: 90%)
[2025-11-20 22:18:20] [WARNING] ⚠️  HP 1 - Main > Roblox Clone 6: CRASH detected
[2025-11-20 22:18:20] [WARNING]    Details: Process not found (confidence: 90%)
[2025-11-20 22:18:21] [SUCCESS] ✅ HP 1 - Main > Roblox Clone 5: Fixed in 3.5s
[2025-11-20 22:18:22] [SUCCESS] ✅ HP 1 - Main > Roblox Clone 4: Fixed in 4.3s
[2025-11-20 22:18:22] [SUCCESS] ✅ HP 1 - Main > Roblox Clone 3: Fixed in 4.3s
[2025-11-20 22:18:22] [SUCCESS] ✅ HP 1 - Main > Roblox Clone 7: Fixed in 4.8s
[2025-11-20 22:18:23] [SUCCESS] ✅ HP 1 - Main > Roblox Clone 6: Fixed in 2.7s
[2025-11-20 22:18:23] [SUCCESS] ✅ HP 1 - Main > Roblox Clone 2: Fixed in 4.3s
[2025-11-20 22:18:23] [INFO] 
────────────────────────────────────────────────────────────
[2025-11-20 22:18:23] [INFO] ✅ Cycle Complete (23.3s)
[2025-11-20 22:18:23] [INFO]    Healthy: 0
[2025-11-20 22:18:23] [SUCCESS]    Fixed: 7
[2025-11-20 22:18:23] [INFO]    Issues: 7 crash
[2025-11-20 22:18:23] [INFO] 
   Detection Details:
[2025-11-20 22:18:23] [INFO]       • HP 1 - Main > Roblox Clone 1: crash via process_check (90%)
[2025-11-20 22:18:23] [INFO]       • HP 1 - Main > Roblox Clone 5: crash via process_check (90%)
[2025-11-20 22:18:23] [INFO]       • HP 1 - Main > Roblox Clone 4: crash via process_check (90%)
[2025-11-20 22:18:23] [INFO]       • HP 1 - Main > Roblox Clone 3: crash via process_check (90%)
[2025-11-20 22:18:23] [INFO]       • HP 1 - Main > Roblox Clone 7: crash via process_check (90%)
[2025-11-20 22:18:23] [INFO] ────────────────────────────────────────────────────────────
[2025-11-20 22:18:23] [INFO] 
💤 Waiting 30s for next cycle...
[2025-11-20 22:18:53] [INFO] 
🔍 Starting check cycle for 7 clones...
[2025-11-20 22:19:07] [WARNING] ⚠️  HP 1 - Main > Roblox Clone 5: CRASH detected
[2025-11-20 22:19:07] [WARNING]    Details: Process not found (confidence: 90%)
[2025-11-20 22:19:07] [WARNING] ⚠️  HP 1 - Main > Roblox Clone 1: CRASH detected
[2025-11-20 22:19:07] [WARNING]    Details: Process not found (confidence: 90%)
[2025-11-20 22:19:08] [WARNING] ⚠️  HP 1 - Main > Roblox Clone 6: CRASH detected
[2025-11-20 22:19:08] [WARNING]    Details: Process not found (confidence: 90%)
[2025-11-20 22:19:08] [WARNING] ⚠️  HP 1 - Main > Roblox Clone 4: CRASH detected
[2025-11-20 22:19:08] [WARNING]    Details: Process not found (confidence: 90%)
[2025-11-20 22:19:08] [WARNING] ⚠️  HP 1 - Main > Roblox Clone 7: CRASH detected
[2025-11-20 22:19:08] [WARNING]    Details: Process not found (confidence: 90%)
[2025-11-20 22:19:09] [SUCCESS] ✅ HP 1 - Main > Roblox Clone 5: Fixed in 2.5s
[2025-11-20 22:19:11] [WARNING] ⚠️  HP 1 - Main > Roblox Clone 3: CRASH detected
[2025-11-20 22:19:11] [WARNING]    Details: Process not found (confidence: 90%)
[2025-11-20 22:19:11] [WARNING] ⚠️  HP 1 - Main > Roblox Clone 2: CRASH detected
[2025-11-20 22:19:11] [WARNING]    Details: Process not found (confidence: 90%)
[2025-11-20 22:19:11] [SUCCESS] ✅ HP 1 - Main > Roblox Clone 7: Fixed in 2.9s
[2025-11-20 22:19:11] [SUCCESS] ✅ HP 1 - Main > Roblox Clone 1: Fixed in 4.3s
[2025-11-20 22:19:12] [SUCCESS] ✅ HP 1 - Main > Roblox Clone 4: Fixed in 3.9s
[2025-11-20 22:19:12] [SUCCESS] ✅ HP 1 - Main > Roblox Clone 6: Fixed in 4.3s
[2025-11-20 22:19:13] [SUCCESS] ✅ HP 1 - Main > Roblox Clone 3: Fixed in 2.0s
[2025-11-20 22:19:14] [SUCCESS] ✅ HP 1 - Main > Roblox Clone 2: Fixed in 2.5s
[2025-11-20 22:19:14] [INFO] 
────────────────────────────────────────────────────────────
[2025-11-20 22:19:14] [INFO] ✅ Cycle Complete (20.8s)
[2025-11-20 22:19:14] [INFO]    Healthy: 0
[2025-11-20 22:19:14] [SUCCESS]    Fixed: 7
[2025-11-20 22:19:14] [INFO]    Issues: 7 crash
[2025-11-20 22:19:14] [INFO] 
   Detection Details:
[2025-11-20 22:19:14] [INFO]       • HP 1 - Main > Roblox Clone 5: crash via process_check (90%)
[2025-11-20 22:19:14] [INFO]       • HP 1 - Main > Roblox Clone 7: crash via process_check (90%)
[2025-11-20 22:19:14] [INFO]       • HP 1 - Main > Roblox Clone 1: crash via process_check (90%)
[2025-11-20 22:19:14] [INFO]       • HP 1 - Main > Roblox Clone 4: crash via process_check (90%)
[2025-11-20 22:19:14] [INFO]       • HP 1 - Main > Roblox Clone 6: crash via process_check (90%)
[2025-11-20 22:19:14] [INFO] ────────────────────────────────────────────────────────────
[2025-11-20 22:19:14] [INFO] 
💤 Waiting 30s for next cycle...
[2025-11-20 22:19:44] [INFO] 
🔍 Starting check cycle for 7 clones...
[2025-11-20 22:20:03] [WARNING] ⚠️  HP 1 - Main > Roblox Clone 3: CRASH detected
[2025-11-20 22:20:03] [WARNING]    Details: Process not found (confidence: 90%)
[2025-11-20 22:20:03] [WARNING] ⚠️  HP 1 - Main > Roblox Clone 4: CRASH detected
[2025-11-20 22:20:03] [WARNING]    Details: Process not found (confidence: 90%)
[2025-11-20 22:20:04] [WARNING] ⚠️  HP 1 - Main > Roblox Clone 7: CRASH detected
[2025-11-20 22:20:04] [WARNING]    Details: Process not found (confidence: 90%)
[2025-11-20 22:20:04] [WARNING] ⚠️  HP 1 - Main > Roblox Clone 6: CRASH detected
[2025-11-20 22:20:04] [WARNING]    Details: Process not found (confidence: 90%)
[2025-11-20 22:20:04] [WARNING] ⚠️  HP 1 - Main > Roblox Clone 1: CRASH detected
[2025-11-20 22:20:04] [WARNING]    Details: Process not found (confidence: 90%)
[2025-11-20 22:20:04] [WARNING] ⚠️  HP 1 - Main > Roblox Clone 5: CRASH detected
[2025-11-20 22:20:04] [WARNING]    Details: Process not found (confidence: 90%)
[2025-11-20 22:20:05] [WARNING] ⚠️  HP 1 - Main > Roblox Clone 2: CRASH detected
[2025-11-20 22:20:05] [WARNING]    Details: Process not found (confidence: 90%)
[2025-11-20 22:20:05] [SUCCESS] ✅ HP 1 - Main > Roblox Clone 3: Fixed in 2.3s
[2025-11-20 22:20:07] [SUCCESS] ✅ HP 1 - Main > Roblox Clone 4: Fixed in 3.4s
[2025-11-20 22:20:07] [SUCCESS] ✅ HP 1 - Main > Roblox Clone 7: Fixed in 3.4s
[2025-11-20 22:20:08] [SUCCESS] ✅ HP 1 - Main > Roblox Clone 5: Fixed in 4.2s
[2025-11-20 22:20:09] [SUCCESS] ✅ HP 1 - Main > Roblox Clone 6: Fixed in 4.6s
[2025-11-20 22:20:09] [SUCCESS] ✅ HP 1 - Main > Roblox Clone 2: Fixed in 4.0s
[2025-11-20 22:20:09] [SUCCESS] ✅ HP 1 - Main > Roblox Clone 1: Fixed in 4.7s
[2025-11-20 22:20:09] [INFO] 
────────────────────────────────────────────────────────────
[2025-11-20 22:20:09] [INFO] ✅ Cycle Complete (25.3s)
[2025-11-20 22:20:09] [INFO]    Healthy: 0
[2025-11-20 22:20:09] [SUCCESS]    Fixed: 7
[2025-11-20 22:20:09] [INFO]    Issues: 7 crash
[2025-11-20 22:20:09] [INFO] 
   Detection Details:
[2025-11-20 22:20:09] [INFO]       • HP 1 - Main > Roblox Clone 3: crash via process_check (90%)
[2025-11-20 22:20:09] [INFO]       • HP 1 - Main > Roblox Clone 4: crash via process_check (90%)
[2025-11-20 22:20:09] [INFO]       • HP 1 - Main > Roblox Clone 7: crash via process_check (90%)
[2025-11-20 22:20:09] [INFO]       • HP 1 - Main > Roblox Clone 5: crash via process_check (90%)
[2025-11-20 22:20:09] [INFO]       • HP 1 - Main > Roblox Clone 6: crash via process_check (90%)
[2025-11-20 22:20:09] [INFO] ────────────────────────────────────────────────────────────
[2025-11-20 22:20:09] [INFO] 
💤 Waiting 30s for next cycle...
[2025-11-20 22:20:39] [INFO] 
🔍 Starting check cycle for 7 clones...
[2025-11-20 22:20:52] [WARNING] ⚠️  HP 1 - Main > Roblox Clone 7: CRASH detected
[2025-11-20 22:20:52] [WARNING]    Details: API check failed (confidence: 50%)
[2025-11-20 22:20:52] [WARNING] ⚠️  HP 1 - Main > Roblox Clone 6: CRASH detected
[2025-11-20 22:20:52] [WARNING]    Details: API check failed (confidence: 50%)
[2025-11-20 22:20:58] [ERROR] ❌ HP 1 - Main > Roblox Clone 7: Fix failed - Unknown error
[2025-11-20 22:20:58] [ERROR] ❌ HP 1 - Main > Roblox Clone 6: Fix failed - Unknown error
[2025-11-20 22:21:01] [WARNING] ⚠️  HP 1 - Main > Roblox Clone 1: CRASH detected
[2025-11-20 22:21:01] [WARNING]    Details: Process not found (confidence: 90%)
[2025-11-20 22:21:02] [WARNING] ⚠️  HP 1 - Main > Roblox Clone 2: CRASH detected
[2025-11-20 22:21:02] [WARNING]    Details: Process not found (confidence: 90%)
[2025-11-20 22:21:02] [WARNING] ⚠️  HP 1 - Main > Roblox Clone 3: CRASH detected
[2025-11-20 22:21:02] [WARNING]    Details: Process not found (confidence: 90%)
[2025-11-20 22:21:02] [WARNING] ⚠️  HP 1 - Main > Roblox Clone 5: CRASH detected
[2025-11-20 22:21:02] [WARNING]    Details: Process not found (confidence: 90%)
[2025-11-20 22:21:02] [WARNING] ⚠️  HP 1 - Main > Roblox Clone 4: CRASH detected
[2025-11-20 22:21:02] [WARNING]    Details: Process not found (confidence: 90%)
[2025-11-20 22:21:03] [SUCCESS] ✅ HP 1 - Main > Roblox Clone 1: Fixed in 1.8s
[2025-11-20 22:21:04] [SUCCESS] ✅ HP 1 - Main > Roblox Clone 2: Fixed in 2.4s
[2025-11-20 22:21:06] [SUCCESS] ✅ HP 1 - Main > Roblox Clone 4: Fixed in 3.4s
[2025-11-20 22:21:06] [SUCCESS] ✅ HP 1 - Main > Roblox Clone 3: Fixed in 4.2s
[2025-11-20 22:21:06] [SUCCESS] ✅ HP 1 - Main > Roblox Clone 5: Fixed in 4.1s
[2025-11-20 22:21:06] [INFO] 
────────────────────────────────────────────────────────────
[2025-11-20 22:21:06] [INFO] ✅ Cycle Complete (27.4s)
[2025-11-20 22:21:06] [INFO]    Healthy: 0
[2025-11-20 22:21:06] [SUCCESS]    Fixed: 5
[2025-11-20 22:21:06] [INFO]    Issues: 5 crash
[2025-11-20 22:21:06] [INFO] 
   Detection Details:
[2025-11-20 22:21:06] [INFO]       • HP 1 - Main > Roblox Clone 1: crash via process_check (90%)
[2025-11-20 22:21:06] [INFO]       • HP 1 - Main > Roblox Clone 2: crash via process_check (90%)
[2025-11-20 22:21:06] [INFO]       • HP 1 - Main > Roblox Clone 4: crash via process_check (90%)
[2025-11-20 22:21:06] [INFO]       • HP 1 - Main > Roblox Clone 3: crash via process_check (90%)
[2025-11-20 22:21:06] [INFO]       • HP 1 - Main > Roblox Clone 5: crash via process_check (90%)
[2025-11-20 22:21:06] [WARNING]    ⚠️  Failed to fix: 2
[2025-11-20 22:21:06] [INFO] ────────────────────────────────────────────────────────────
[2025-11-20 22:21:06] [INFO] 
💤 Waiting 30s for next cycle...
[2025-11-20 22:21:36] [INFO] 
🔍 Starting check cycle for 7 clones...
[2025-11-20 22:21:51] [WARNING] ⚠️  HP 1 - Main > Roblox Clone 6: CRASH detected
[2025-11-20 22:21:51] [WARNING]    Details: API check failed (confidence: 50%)
[2025-11-20 22:21:51] [WARNING] ⚠️  HP 1 - Main > Roblox Clone 3: CRASH detected
[2025-11-20 22:21:51] [WARNING]    Details: API check failed (confidence: 50%)
[2025-11-20 22:21:54] [SUCCESS] ✅ HP 1 - Main > Roblox Clone 3: Fixed in 2.5s
[2025-11-20 22:21:58] [ERROR] ❌ HP 1 - Main > Roblox Clone 6: Fix failed - Unknown error
[2025-11-20 22:21:59] [WARNING] ⚠️  HP 1 - Main > Roblox Clone 1: CRASH detected
[2025-11-20 22:21:59] [WARNING]    Details: Process not found (confidence: 90%)
[2025-11-20 22:21:59] [WARNING] ⚠️  HP 1 - Main > Roblox Clone 5: CRASH detected
[2025-11-20 22:21:59] [WARNING]    Details: Process not found (confidence: 90%)
[2025-11-20 22:22:00] [WARNING] ⚠️  HP 1 - Main > Roblox Clone 7: CRASH detected
[2025-11-20 22:22:00] [WARNING]    Details: Process not found (confidence: 90%)
[2025-11-20 22:22:00] [WARNING] ⚠️  HP 1 - Main > Roblox Clone 4: CRASH detected
[2025-11-20 22:22:00] [WARNING]    Details: Process not found (confidence: 90%)
[2025-11-20 22:22:00] [WARNING] ⚠️  HP 1 - Main > Roblox Clone 2: CRASH detected
[2025-11-20 22:22:00] [WARNING]    Details: Process not found (confidence: 90%)
[2025-11-20 22:22:03] [SUCCESS] ✅ HP 1 - Main > Roblox Clone 1: Fixed in 4.2s
[2025-11-20 22:22:04] [SUCCESS] ✅ HP 1 - Main > Roblox Clone 5: Fixed in 4.4s
[2025-11-20 22:22:04] [SUCCESS] ✅ HP 1 - Main > Roblox Clone 7: Fixed in 4.3s
[2025-11-20 22:22:04] [SUCCESS] ✅ HP 1 - Main > Roblox Clone 4: Fixed in 4.4s
[2025-11-20 22:22:05] [SUCCESS] ✅ HP 1 - Main > Roblox Clone 2: Fixed in 4.5s
[2025-11-20 22:22:05] [INFO] 
────────────────────────────────────────────────────────────
[2025-11-20 22:22:05] [INFO] ✅ Cycle Complete (28.2s)
[2025-11-20 22:22:05] [INFO]    Healthy: 0
[2025-11-20 22:22:05] [SUCCESS]    Fixed: 6
[2025-11-20 22:22:05] [INFO]    Issues: 6 crash
[2025-11-20 22:22:05] [INFO] 
   Detection Details:
[2025-11-20 22:22:05] [INFO]       • HP 1 - Main > Roblox Clone 3: crash via api_check (50%)
[2025-11-20 22:22:05] [INFO]       • HP 1 - Main > Roblox Clone 1: crash via process_check (90%)
[2025-11-20 22:22:05] [INFO]       • HP 1 - Main > Roblox Clone 5: crash via process_check (90%)
[2025-11-20 22:22:05] [INFO]       • HP 1 - Main > Roblox Clone 7: crash via process_check (90%)
[2025-11-20 22:22:05] [INFO]       • HP 1 - Main > Roblox Clone 4: crash via process_check (90%)
[2025-11-20 22:22:05] [WARNING]    ⚠️  Failed to fix: 1
[2025-11-20 22:22:05] [INFO] ────────────────────────────────────────────────────────────
[2025-11-20 22:22:05] [INFO] 
💤 Waiting 30s for next cycle...
[2025-11-20 22:22:35] [INFO] 
🔍 Starting check cycle for 7 clones...
[2025-11-20 22:22:51] [WARNING] ⚠️  HP 1 - Main > Roblox Clone 3: CRASH detected
[2025-11-20 22:22:51] [WARNING]    Details: API check failed (confidence: 50%)
[2025-11-20 22:22:51] [WARNING] ⚠️  HP 1 - Main > Roblox Clone 7: CRASH detected
[2025-11-20 22:22:51] [WARNING]    Details: API check failed (confidence: 50%)
[2025-11-20 22:22:51] [WARNING] ⚠️  HP 1 - Main > Roblox Clone 4: CRASH detected
[2025-11-20 22:22:51] [WARNING]    Details: API check failed (confidence: 50%)
[2025-11-20 22:22:57] [ERROR] ❌ HP 1 - Main > Roblox Clone 3: Fix failed - Unknown error
[2025-11-20 22:22:57] [ERROR] ❌ HP 1 - Main > Roblox Clone 4: Fix failed - Unknown error
[2025-11-20 22:22:57] [ERROR] ❌ HP 1 - Main > Roblox Clone 7: Fix failed - Unknown error
[2025-11-20 22:23:01] [WARNING] ⚠️  HP 1 - Main > Roblox Clone 5: CRASH detected
[2025-11-20 22:23:01] [WARNING]    Details: Process not found (confidence: 90%)
[2025-11-20 22:23:02] [WARNING] ⚠️  HP 1 - Main > Roblox Clone 1: CRASH detected
[2025-11-20 22:23:02] [WARNING]    Details: Process not found (confidence: 90%)
[2025-11-20 22:23:02] [WARNING] ⚠️  HP 1 - Main > Roblox Clone 6: CRASH detected
[2025-11-20 22:23:02] [WARNING]    Details: Process not found (confidence: 90%)
[2025-11-20 22:23:02] [WARNING] ⚠️  HP 1 - Main > Roblox Clone 2: CRASH detected
[2025-11-20 22:23:02] [WARNING]    Details: Process not found (confidence: 90%)
[2025-11-20 22:23:06] [SUCCESS] ✅ HP 1 - Main > Roblox Clone 5: Fixed in 4.2s
[2025-11-20 22:23:06] [SUCCESS] ✅ HP 1 - Main > Roblox Clone 1: Fixed in 4.7s
[2025-11-20 22:23:06] [SUCCESS] ✅ HP 1 - Main > Roblox Clone 6: Fixed in 4.7s
[2025-11-20 22:23:07] [SUCCESS] ✅ HP 1 - Main > Roblox Clone 2: Fixed in 4.6s
[2025-11-20 22:23:07] [INFO] 
────────────────────────────────────────────────────────────
[2025-11-20 22:23:07] [INFO] ✅ Cycle Complete (32.1s)
[2025-11-20 22:23:07] [INFO]    Healthy: 0
[2025-11-20 22:23:07] [SUCCESS]    Fixed: 4
[2025-11-20 22:23:07] [INFO]    Issues: 4 crash
[2025-11-20 22:23:07] [INFO] 
   Detection Details:
[2025-11-20 22:23:07] [INFO]       • HP 1 - Main > Roblox Clone 5: crash via process_check (90%)
[2025-11-20 22:23:07] [INFO]       • HP 1 - Main > Roblox Clone 1: crash via process_check (90%)
[2025-11-20 22:23:07] [INFO]       • HP 1 - Main > Roblox Clone 6: crash via process_check (90%)
[2025-11-20 22:23:07] [INFO]       • HP 1 - Main > Roblox Clone 2: crash via process_check (90%)
[2025-11-20 22:23:07] [WARNING]    ⚠️  Failed to fix: 3
[2025-11-20 22:23:07] [INFO] ────────────────────────────────────────────────────────────
[2025-11-20 22:23:07] [INFO] 
💤 Waiting 30s for next cycle...
[2025-11-20 22:23:37] [INFO] 
🔍 Starting check cycle for 7 clones...
[2025-11-20 22:23:54] [WARNING] ⚠️  HP 1 - Main > Roblox Clone 1: CRASH detected
[2025-11-20 22:23:54] [WARNING]    Details: API check failed (confidence: 50%)
[2025-11-20 22:23:54] [WARNING] ⚠️  HP 1 - Main > Roblox Clone 6: CRASH detected
[2025-11-20 22:23:54] [WARNING]    Details: API check failed (confidence: 50%)
[2025-11-20 22:23:54] [WARNING] ⚠️  HP 1 - Main > Roblox Clone 4: CRASH detected
[2025-11-20 22:23:54] [WARNING] ⚠️  HP 1 - Main > Roblox Clone 3: CRASH detected
[2025-11-20 22:23:54] [WARNING]    Details: API check failed (confidence: 50%)
[2025-11-20 22:23:54] [WARNING]    Details: API check failed (confidence: 50%)
[2025-11-20 22:23:54] [WARNING] ⚠️  HP 1 - Main > Roblox Clone 7: CRASH detected
[2025-11-20 22:23:54] [WARNING]    Details: API check failed (confidence: 50%)
[2025-11-20 22:23:54] [WARNING] ⚠️  HP 1 - Main > Roblox Clone 2: CRASH detected
[2025-11-20 22:23:54] [WARNING]    Details: API check failed (confidence: 50%)
[2025-11-20 22:24:00] [SUCCESS] ✅ HP 1 - Main > Roblox Clone 4: Fixed in 5.3s
[2025-11-20 22:24:00] [SUCCESS] ✅ HP 1 - Main > Roblox Clone 1: Fixed in 5.4s
[2025-11-20 22:24:00] [SUCCESS] ✅ HP 1 - Main > Roblox Clone 7: Fixed in 5.8s
[2025-11-20 22:24:00] [SUCCESS] ✅ HP 1 - Main > Roblox Clone 3: Fixed in 5.9s
[2025-11-20 22:24:00] [SUCCESS] ✅ HP 1 - Main > Roblox Clone 2: Fixed in 5.8s
[2025-11-20 22:24:01] [WARNING] ⚠️  HP 1 - Main > Roblox Clone 5: CRASH detected
[2025-11-20 22:24:01] [WARNING]    Details: Process not found (confidence: 90%)
[2025-11-20 22:24:01] [ERROR] ❌ HP 1 - Main > Roblox Clone 6: Fix failed - Unknown error
[2025-11-20 22:24:03] [SUCCESS] ✅ HP 1 - Main > Roblox Clone 5: Fixed in 2.7s
[2025-11-20 22:24:03] [INFO] 
────────────────────────────────────────────────────────────
[2025-11-20 22:24:03] [INFO] ✅ Cycle Complete (26.6s)
[2025-11-20 22:24:03] [INFO]    Healthy: 0
[2025-11-20 22:24:03] [SUCCESS]    Fixed: 6
[2025-11-20 22:24:03] [INFO]    Issues: 6 crash
[2025-11-20 22:24:03] [INFO] 
   Detection Details:
[2025-11-20 22:24:03] [INFO]       • HP 1 - Main > Roblox Clone 4: crash via api_check (50%)
[2025-11-20 22:24:03] [INFO]       • HP 1 - Main > Roblox Clone 1: crash via api_check (50%)
[2025-11-20 22:24:03] [INFO]       • HP 1 - Main > Roblox Clone 7: crash via api_check (50%)
[2025-11-20 22:24:03] [INFO]       • HP 1 - Main > Roblox Clone 3: crash via api_check (50%)
[2025-11-20 22:24:03] [INFO]       • HP 1 - Main > Roblox Clone 2: crash via api_check (50%)
[2025-11-20 22:24:03] [WARNING]    ⚠️  Failed to fix: 1
[2025-11-20 22:24:03] [INFO] ────────────────────────────────────────────────────────────
[2025-11-20 22:24:03] [INFO] 
💤 Waiting 30s for next cycle...
[2025-11-20 22:24:33] [INFO] 
🔍 Starting check cycle for 7 clones...
[2025-11-20 22:24:51] [WARNING] ⚠️  HP 1 - Main > Roblox Clone 2: CRASH detected
[2025-11-20 22:24:51] [WARNING]    Details: Process not found (confidence: 90%)
[2025-11-20 22:24:56] [WARNING] ⚠️  HP 1 - Main > Roblox Clone 6: CRASH detected
[2025-11-20 22:24:56] [WARNING]    Details: Process not found (confidence: 90%)
[2025-11-20 22:24:56] [WARNING] ⚠️  HP 1 - Main > Roblox Clone 5: CRASH detected
[2025-11-20 22:24:56] [WARNING]    Details: Process not found (confidence: 90%)
[2025-11-20 22:24:56] [SUCCESS] ✅ HP 1 - Main > Roblox Clone 2: Fixed in 5.3s
[2025-11-20 22:24:57] [WARNING] ⚠️  HP 1 - Main > Roblox Clone 4: CRASH detected
[2025-11-20 22:24:57] [WARNING]    Details: Process not found (confidence: 90%)
[2025-11-20 22:24:57] [WARNING] ⚠️  HP 1 - Main > Roblox Clone 7: CRASH detected
[2025-11-20 22:24:57] [WARNING]    Details: Process not found (confidence: 90%)
[2025-11-20 22:24:57] [WARNING] ⚠️  HP 1 - Main > Roblox Clone 3: CRASH detected
[2025-11-20 22:24:57] [WARNING]    Details: Process not found (confidence: 90%)
[2025-11-20 22:24:57] [WARNING] ⚠️  HP 1 - Main > Roblox Clone 1: CRASH detected
[2025-11-20 22:24:57] [WARNING]    Details: Process not found (confidence: 90%)
[2025-11-20 22:25:01] [SUCCESS] ✅ HP 1 - Main > Roblox Clone 5: Fixed in 4.8s
[2025-11-20 22:25:01] [SUCCESS] ✅ HP 1 - Main > Roblox Clone 6: Fixed in 5.3s
[2025-11-20 22:25:01] [SUCCESS] ✅ HP 1 - Main > Roblox Clone 3: Fixed in 4.7s
[2025-11-20 22:25:02] [SUCCESS] ✅ HP 1 - Main > Roblox Clone 1: Fixed in 4.8s
[2025-11-20 22:25:02] [SUCCESS] ✅ HP 1 - Main > Roblox Clone 4: Fixed in 5.3s
[2025-11-20 22:25:02] [SUCCESS] ✅ HP 1 - Main > Roblox Clone 7: Fixed in 5.4s
[2025-11-20 22:25:02] [INFO] 
────────────────────────────────────────────────────────────
[2025-11-20 22:25:02] [INFO] ✅ Cycle Complete (28.5s)
[2025-11-20 22:25:02] [INFO]    Healthy: 0
[2025-11-20 22:25:02] [SUCCESS]    Fixed: 7
[2025-11-20 22:25:02] [INFO]    Issues: 7 crash
[2025-11-20 22:25:02] [INFO] 
   Detection Details:
[2025-11-20 22:25:02] [INFO]       • HP 1 - Main > Roblox Clone 2: crash via process_check (90%)
[2025-11-20 22:25:02] [INFO]       • HP 1 - Main > Roblox Clone 5: crash via process_check (90%)
[2025-11-20 22:25:02] [INFO]       • HP 1 - Main > Roblox Clone 6: crash via process_check (90%)
[2025-11-20 22:25:02] [INFO]       • HP 1 - Main > Roblox Clone 3: crash via process_check (90%)
[2025-11-20 22:25:02] [INFO]       • HP 1 - Main > Roblox Clone 1: crash via process_check (90%)
[2025-11-20 22:25:02] [INFO] ────────────────────────────────────────────────────────────
[2025-11-20 22:25:02] [INFO] 
💤 Waiting 30s for next cycle...
[2025-11-20 22:25:07] [INFO] Received termination signal
[2025-11-20 22:37:02] [SUCCESS] ✅ Configuration loaded successfully
[2025-11-20 22:37:02] [INFO] ✅ Database enabled: vsphone_monitor.db
[2025-11-20 22:37:02] [INFO] 🌐 Starting web dashboard on http://localhost:5000
[2025-11-20 22:37:02] [SUCCESS] ✅ Web dashboard started
[2025-11-20 22:37:04] [INFO] ============================================================
[2025-11-20 22:37:04] [INFO] 🚀 VSPhone Monitor v5.0.0 FINAL Started
[2025-11-20 22:37:04] [INFO] 📊 Total Clones: 10
[2025-11-20 22:37:04] [INFO] 👤 Accounts: 1
[2025-11-20 22:37:04] [INFO] 📱 Instances: 1
[2025-11-20 22:37:04] [INFO] ⏱️  Check Interval: 30s
[2025-11-20 22:37:04] [INFO] ⚡ Parallel Workers: 10
[2025-11-20 22:37:04] [INFO] 💾 Database: ✅ Enabled
[2025-11-20 22:37:04] [INFO] 🔥 Enhanced Detection: ✅ 4-Method Approach
[2025-11-20 22:37:04] [INFO] ============================================================
[2025-11-20 22:37:04] [INFO] 
🔍 Starting check cycle for 10 clones...
[2025-11-20 22:37:11] [WARNING]    → Device not responding to ADB (CRITICAL)
[2025-11-20 22:37:11] [WARNING] ⚠️  33 - 1: DEVICE HANG detected (critical)
[2025-11-20 22:37:11] [WARNING] 🔄 Attempting device recovery for 33 - 1
[2025-11-20 22:37:11] [WARNING] 🔄 Attempting device recovery...
[2025-11-20 22:37:11] [WARNING]    → Device not responding to ADB (CRITICAL)
[2025-11-20 22:37:11] [WARNING] ⚠️  33 - 1: DEVICE HANG detected (critical)
[2025-11-20 22:37:11] [WARNING] 🔄 Attempting device recovery for 33 - 1
[2025-11-20 22:37:11] [WARNING]    → Device not responding to ADB (CRITICAL)
[2025-11-20 22:37:11] [WARNING] 🔄 Attempting device recovery...
[2025-11-20 22:37:11] [WARNING] ⚠️  33 - 1: DEVICE HANG detected (critical)
[2025-11-20 22:37:11] [WARNING] 🔄 Attempting device recovery for 33 - 1
[2025-11-20 22:37:11] [WARNING] 🔄 Attempting device recovery...
[2025-11-20 22:37:11] [WARNING]    → Device not responding to ADB (CRITICAL)
[2025-11-20 22:37:11] [WARNING] ⚠️  33 - 1: DEVICE HANG detected (critical)
[2025-11-20 22:37:11] [WARNING] 🔄 Attempting device recovery for 33 - 1
[2025-11-20 22:37:11] [WARNING]    → Device not responding to ADB (CRITICAL)
[2025-11-20 22:37:11] [WARNING] ⚠️  33 - 1: DEVICE HANG detected (critical)
[2025-11-20 22:37:11] [WARNING] 🔄 Attempting device recovery...
[2025-11-20 22:37:11] [WARNING] 🔄 Attempting device recovery for 33 - 1
[2025-11-20 22:37:11] [WARNING] 🔄 Attempting device recovery...
[2025-11-20 22:37:11] [WARNING]    → Device not responding to ADB (CRITICAL)
[2025-11-20 22:37:11] [WARNING] ⚠️  33 - 1: DEVICE HANG detected (critical)
[2025-11-20 22:37:11] [WARNING] 🔄 Attempting device recovery for 33 - 1
[2025-11-20 22:37:11] [WARNING] 🔄 Attempting device recovery...
[2025-11-20 22:37:11] [WARNING]    → Device not responding to ADB (CRITICAL)
[2025-11-20 22:37:11] [WARNING] ⚠️  33 - 1: DEVICE HANG detected (critical)
[2025-11-20 22:37:11] [WARNING] 🔄 Attempting device recovery for 33 - 1
[2025-11-20 22:37:11] [WARNING] 🔄 Attempting device recovery...
[2025-11-20 22:37:11] [WARNING]    → Device not responding to ADB (CRITICAL)
[2025-11-20 22:37:11] [WARNING] ⚠️  33 - 1: DEVICE HANG detected (critical)
[2025-11-20 22:37:11] [WARNING] 🔄 Attempting device recovery for 33 - 1
[2025-11-20 22:37:11] [WARNING]    → Device not responding to ADB (CRITICAL)
[2025-11-20 22:37:11] [WARNING] ⚠️  33 - 1: DEVICE HANG detected (critical)
[2025-11-20 22:37:11] [WARNING] 🔄 Attempting device recovery...
[2025-11-20 22:37:11] [WARNING] 🔄 Attempting device recovery for 33 - 1
[2025-11-20 22:37:11] [WARNING] 🔄 Attempting device recovery...
[2025-11-20 22:37:11] [WARNING]    → Device not responding to ADB (CRITICAL)
[2025-11-20 22:37:11] [WARNING] ⚠️  33 - 1: DEVICE HANG detected (critical)
[2025-11-20 22:37:11] [WARNING] 🔄 Attempting device recovery for 33 - 1
[2025-11-20 22:37:11] [WARNING] 🔄 Attempting device recovery...
[2025-11-20 22:37:41] [SUCCESS] ✅ Device recovery completed
[2025-11-20 22:37:41] [SUCCESS] ✅ Device recovery completed
[2025-11-20 22:37:41] [SUCCESS] ✅ Device recovery completed
[2025-11-20 22:37:41] [SUCCESS] ✅ Device recovery completed
[2025-11-20 22:37:41] [SUCCESS] ✅ Device recovery completed
[2025-11-20 22:37:41] [SUCCESS] ✅ Device recovery completed
[2025-11-20 22:37:41] [SUCCESS] ✅ Device recovery completed
[2025-11-20 22:37:41] [SUCCESS] ✅ Device recovery completed
[2025-11-20 22:37:41] [SUCCESS] ✅ Device recovery completed
[2025-11-20 22:37:41] [SUCCESS] ✅ Device recovery completed
[2025-11-20 22:37:51] [INFO] 
────────────────────────────────────────────────────────────
[2025-11-20 22:37:51] [INFO] ✅ Cycle Complete (46.9s)
[2025-11-20 22:37:51] [INFO]    Healthy: 0
[2025-11-20 22:37:51] [INFO] ────────────────────────────────────────────────────────────
[2025-11-20 22:37:51] [INFO] 
💤 Waiting 30s for next cycle...
[2025-11-20 22:38:21] [INFO] 
🔍 Starting check cycle for 10 clones...
[2025-11-20 22:38:27] [WARNING]    → Device not responding to ADB (CRITICAL)
[2025-11-20 22:38:27] [WARNING] ⚠️  33 - 1: DEVICE HANG detected (critical)
[2025-11-20 22:38:27] [WARNING] 🔄 Attempting device recovery for 33 - 1
[2025-11-20 22:38:27] [WARNING] 🔄 Attempting device recovery...
[2025-11-20 22:38:27] [WARNING]    → Device not responding to ADB (CRITICAL)
[2025-11-20 22:38:27] [WARNING] ⚠️  33 - 1: DEVICE HANG detected (critical)
[2025-11-20 22:38:27] [WARNING] 🔄 Attempting device recovery for 33 - 1
[2025-11-20 22:38:27] [WARNING] 🔄 Attempting device recovery...
[2025-11-20 22:38:27] [WARNING]    → Device not responding to ADB (CRITICAL)
[2025-11-20 22:38:27] [WARNING] ⚠️  33 - 1: DEVICE HANG detected (critical)
[2025-11-20 22:38:27] [WARNING] 🔄 Attempting device recovery for 33 - 1
[2025-11-20 22:38:27] [WARNING] 🔄 Attempting device recovery...
[2025-11-20 22:38:27] [WARNING]    → Device not responding to ADB (CRITICAL)
[2025-11-20 22:38:27] [WARNING] ⚠️  33 - 1: DEVICE HANG detected (critical)
[2025-11-20 22:38:27] [WARNING] 🔄 Attempting device recovery for 33 - 1
[2025-11-20 22:38:27] [WARNING] 🔄 Attempting device recovery...
[2025-11-20 22:38:27] [WARNING]    → Device not responding to ADB (CRITICAL)
[2025-11-20 22:38:27] [WARNING] ⚠️  33 - 1: DEVICE HANG detected (critical)
[2025-11-20 22:38:27] [WARNING]    → Device not responding to ADB (CRITICAL)
[2025-11-20 22:38:27] [WARNING] 🔄 Attempting device recovery for 33 - 1
[2025-11-20 22:38:28] [WARNING] ⚠️  33 - 1: DEVICE HANG detected (critical)
[2025-11-20 22:38:28] [WARNING]    → Device not responding to ADB (CRITICAL)
[2025-11-20 22:38:28] [WARNING] 🔄 Attempting device recovery...
[2025-11-20 22:38:28] [WARNING] 🔄 Attempting device recovery for 33 - 1
[2025-11-20 22:38:28] [WARNING] ⚠️  33 - 1: DEVICE HANG detected (critical)
[2025-11-20 22:38:28] [WARNING] 🔄 Attempting device recovery...
[2025-11-20 22:38:28] [WARNING] 🔄 Attempting device recovery for 33 - 1
[2025-11-20 22:38:28] [WARNING] 🔄 Attempting device recovery...
[2025-11-20 22:38:28] [WARNING]    → Device not responding to ADB (CRITICAL)
[2025-11-20 22:38:28] [WARNING] ⚠️  33 - 1: DEVICE HANG detected (critical)
[2025-11-20 22:38:28] [WARNING] 🔄 Attempting device recovery for 33 - 1
[2025-11-20 22:38:28] [WARNING] 🔄 Attempting device recovery...
[2025-11-20 22:38:28] [WARNING]    → Device not responding to ADB (CRITICAL)
[2025-11-20 22:38:28] [WARNING] ⚠️  33 - 1: DEVICE HANG detected (critical)
[2025-11-20 22:38:28] [WARNING] 🔄 Attempting device recovery for 33 - 1
[2025-11-20 22:38:28] [WARNING] 🔄 Attempting device recovery...
[2025-11-20 22:38:28] [WARNING]    → Device not responding to ADB (CRITICAL)
[2025-11-20 22:38:28] [WARNING] ⚠️  33 - 1: DEVICE HANG detected (critical)
[2025-11-20 22:38:28] [WARNING] 🔄 Attempting device recovery for 33 - 1
[2025-11-20 22:38:28] [WARNING] 🔄 Attempting device recovery...
[2025-11-20 22:38:58] [SUCCESS] ✅ Device recovery completed
[2025-11-20 22:38:58] [SUCCESS] ✅ Device recovery completed
[2025-11-20 22:38:58] [SUCCESS] ✅ Device recovery completed
[2025-11-20 22:38:58] [SUCCESS] ✅ Device recovery completed
[2025-11-20 22:38:58] [SUCCESS] ✅ Device recovery completed
[2025-11-20 22:38:58] [SUCCESS] ✅ Device recovery completed
[2025-11-20 22:38:58] [SUCCESS] ✅ Device recovery completed
[2025-11-20 22:38:58] [SUCCESS] ✅ Device recovery completed
[2025-11-20 22:38:58] [SUCCESS] ✅ Device recovery completed
[2025-11-20 22:38:59] [SUCCESS] ✅ Device recovery completed
[2025-11-20 22:39:09] [INFO] 
────────────────────────────────────────────────────────────
[2025-11-20 22:39:09] [INFO] ✅ Cycle Complete (47.4s)
[2025-11-20 22:39:09] [INFO]    Healthy: 0
[2025-11-20 22:39:09] [INFO] ────────────────────────────────────────────────────────────
[2025-11-20 22:39:09] [INFO] 
💤 Waiting 30s for next cycle...
[2025-11-20 22:39:39] [INFO] 
🔍 Starting check cycle for 10 clones...
[2025-11-20 22:39:45] [WARNING]    → Device not responding to ADB (CRITICAL)
[2025-11-20 22:39:45] [WARNING] ⚠️  33 - 1: DEVICE HANG detected (critical)
[2025-11-20 22:39:45] [WARNING]    → Device not responding to ADB (CRITICAL)
[2025-11-20 22:39:45] [WARNING] ⚠️  33 - 1: DEVICE HANG detected (critical)
[2025-11-20 22:39:45] [WARNING] 🔄 Attempting device recovery for 33 - 1
[2025-11-20 22:39:45] [WARNING] 🔄 Attempting device recovery...
[2025-11-20 22:39:45] [WARNING] 🔄 Attempting device recovery for 33 - 1
[2025-11-20 22:39:45] [WARNING] 🔄 Attempting device recovery...
[2025-11-20 22:39:45] [WARNING]    → Device not responding to ADB (CRITICAL)
[2025-11-20 22:39:45] [WARNING] ⚠️  33 - 1: DEVICE HANG detected (critical)
[2025-11-20 22:39:45] [WARNING] 🔄 Attempting device recovery for 33 - 1
[2025-11-20 22:39:45] [WARNING] 🔄 Attempting device recovery...
[2025-11-20 22:39:45] [WARNING]    → Device not responding to ADB (CRITICAL)
[2025-11-20 22:39:45] [WARNING]    → Device not responding to ADB (CRITICAL)
[2025-11-20 22:39:45] [WARNING]    → Device not responding to ADB (CRITICAL)
[2025-11-20 22:39:45] [WARNING]    → Device not responding to ADB (CRITICAL)
[2025-11-20 22:39:45] [WARNING]    → Device not responding to ADB (CRITICAL)
[2025-11-20 22:39:45] [WARNING] ⚠️  33 - 1: DEVICE HANG detected (critical)
[2025-11-20 22:39:45] [WARNING] ⚠️  33 - 1: DEVICE HANG detected (critical)
[2025-11-20 22:39:45] [WARNING] ⚠️  33 - 1: DEVICE HANG detected (critical)
[2025-11-20 22:39:45] [WARNING] ⚠️  33 - 1: DEVICE HANG detected (critical)
[2025-11-20 22:39:45] [WARNING] ⚠️  33 - 1: DEVICE HANG detected (critical)
[2025-11-20 22:39:45] [WARNING] 🔄 Attempting device recovery for 33 - 1
[2025-11-20 22:39:45] [WARNING] 🔄 Attempting device recovery for 33 - 1
[2025-11-20 22:39:45] [WARNING] 🔄 Attempting device recovery for 33 - 1
[2025-11-20 22:39:45] [WARNING] 🔄 Attempting device recovery for 33 - 1
[2025-11-20 22:39:45] [WARNING] 🔄 Attempting device recovery for 33 - 1
[2025-11-20 22:39:45] [WARNING] 🔄 Attempting device recovery...
[2025-11-20 22:39:45] [WARNING] 🔄 Attempting device recovery...
[2025-11-20 22:39:45] [WARNING] 🔄 Attempting device recovery...
[2025-11-20 22:39:45] [WARNING] 🔄 Attempting device recovery...
[2025-11-20 22:39:45] [WARNING] 🔄 Attempting device recovery...
[2025-11-20 22:39:45] [WARNING]    → Device not responding to ADB (CRITICAL)
[2025-11-20 22:39:45] [WARNING] ⚠️  33 - 1: DEVICE HANG detected (critical)
[2025-11-20 22:39:45] [WARNING] 🔄 Attempting device recovery for 33 - 1
[2025-11-20 22:39:45] [WARNING] 🔄 Attempting device recovery...
[2025-11-20 22:39:45] [WARNING]    → Device not responding to ADB (CRITICAL)
[2025-11-20 22:39:45] [WARNING] ⚠️  33 - 1: DEVICE HANG detected (critical)
[2025-11-20 22:39:45] [WARNING] 🔄 Attempting device recovery for 33 - 1
[2025-11-20 22:39:45] [WARNING] 🔄 Attempting device recovery...
[2025-11-20 22:40:17] [SUCCESS] ✅ Device recovery completed
[2025-11-20 22:40:17] [SUCCESS] ✅ Device recovery completed
[2025-11-20 22:40:17] [SUCCESS] ✅ Device recovery completed
[2025-11-20 22:40:17] [SUCCESS] ✅ Device recovery completed
[2025-11-20 22:40:17] [SUCCESS] ✅ Device recovery completed
[2025-11-20 22:40:17] [SUCCESS] ✅ Device recovery completed
[2025-11-20 22:40:17] [SUCCESS] ✅ Device recovery completed
[2025-11-20 22:40:17] [SUCCESS] ✅ Device recovery completed
[2025-11-20 22:40:17] [SUCCESS] ✅ Device recovery completed
[2025-11-20 22:40:17] [SUCCESS] ✅ Device recovery completed
[2025-11-20 22:40:27] [INFO] 
────────────────────────────────────────────────────────────
[2025-11-20 22:40:27] [INFO] ✅ Cycle Complete (48.4s)
[2025-11-20 22:40:27] [INFO]    Healthy: 0
[2025-11-20 22:40:27] [INFO] ────────────────────────────────────────────────────────────
[2025-11-20 22:40:27] [INFO] 
💤 Waiting 30s for next cycle...
[2025-11-20 22:40:57] [INFO] 
🔍 Starting check cycle for 10 clones...
[2025-11-20 22:41:04] [WARNING]    → Device not responding to ADB (CRITICAL)
[2025-11-20 22:41:04] [WARNING] ⚠️  33 - 1: DEVICE HANG detected (critical)
[2025-11-20 22:41:04] [WARNING]    → Device not responding to ADB (CRITICAL)
[2025-11-20 22:41:04] [WARNING] 🔄 Attempting device recovery for 33 - 1
[2025-11-20 22:41:04] [WARNING] ⚠️  33 - 1: DEVICE HANG detected (critical)
[2025-11-20 22:41:04] [WARNING] 🔄 Attempting device recovery for 33 - 1
[2025-11-20 22:41:04] [WARNING] 🔄 Attempting device recovery...
[2025-11-20 22:41:04] [WARNING] 🔄 Attempting device recovery...
[2025-11-20 22:41:04] [WARNING]    → Device not responding to ADB (CRITICAL)
[2025-11-20 22:41:04] [WARNING]    → Device not responding to ADB (CRITICAL)
[2025-11-20 22:41:04] [WARNING]    → Device not responding to ADB (CRITICAL)
[2025-11-20 22:41:04] [WARNING] ⚠️  33 - 1: DEVICE HANG detected (critical)
[2025-11-20 22:41:04] [WARNING]    → Device not responding to ADB (CRITICAL)
[2025-11-20 22:41:04] [WARNING] ⚠️  33 - 1: DEVICE HANG detected (critical)
[2025-11-20 22:41:04] [WARNING] ⚠️  33 - 1: DEVICE HANG detected (critical)
[2025-11-20 22:41:04] [WARNING]    → Device not responding to ADB (CRITICAL)
[2025-11-20 22:41:04] [WARNING]    → Device not responding to ADB (CRITICAL)
[2025-11-20 22:41:04] [WARNING] 🔄 Attempting device recovery for 33 - 1
[2025-11-20 22:41:04] [WARNING] ⚠️  33 - 1: DEVICE HANG detected (critical)
[2025-11-20 22:41:04] [WARNING] 🔄 Attempting device recovery for 33 - 1
[2025-11-20 22:41:04] [WARNING] 🔄 Attempting device recovery for 33 - 1
[2025-11-20 22:41:04] [WARNING] ⚠️  33 - 1: DEVICE HANG detected (critical)
[2025-11-20 22:41:04] [WARNING] ⚠️  33 - 1: DEVICE HANG detected (critical)
[2025-11-20 22:41:04] [WARNING] 🔄 Attempting device recovery...
[2025-11-20 22:41:04] [WARNING]    → Device not responding to ADB (CRITICAL)
[2025-11-20 22:41:04] [WARNING] 🔄 Attempting device recovery for 33 - 1
[2025-11-20 22:41:04] [WARNING] 🔄 Attempting device recovery...
[2025-11-20 22:41:04] [WARNING] 🔄 Attempting device recovery...
[2025-11-20 22:41:04] [WARNING] 🔄 Attempting device recovery for 33 - 1
[2025-11-20 22:41:04] [WARNING] 🔄 Attempting device recovery for 33 - 1
[2025-11-20 22:41:04] [WARNING] ⚠️  33 - 1: DEVICE HANG detected (critical)
[2025-11-20 22:41:04] [WARNING] 🔄 Attempting device recovery...
[2025-11-20 22:41:04] [WARNING] 🔄 Attempting device recovery...
[2025-11-20 22:41:04] [WARNING] 🔄 Attempting device recovery...
[2025-11-20 22:41:04] [WARNING]    → Device not responding to ADB (CRITICAL)
[2025-11-20 22:41:04] [WARNING] 🔄 Attempting device recovery for 33 - 1
[2025-11-20 22:41:04] [WARNING] ⚠️  33 - 1: DEVICE HANG detected (critical)
[2025-11-20 22:41:04] [WARNING] 🔄 Attempting device recovery...
[2025-11-20 22:41:04] [WARNING] 🔄 Attempting device recovery for 33 - 1
[2025-11-20 22:41:04] [WARNING] 🔄 Attempting device recovery...
[2025-11-20 22:41:35] [SUCCESS] ✅ Device recovery completed
[2025-11-20 22:41:36] [SUCCESS] ✅ Device recovery completed
[2025-11-20 22:41:36] [SUCCESS] ✅ Device recovery completed
[2025-11-20 22:41:36] [SUCCESS] ✅ Device recovery completed
[2025-11-20 22:41:36] [SUCCESS] ✅ Device recovery completed
[2025-11-20 22:41:36] [SUCCESS] ✅ Device recovery completed
[2025-11-20 22:41:36] [SUCCESS] ✅ Device recovery completed
[2025-11-20 22:41:36] [SUCCESS] ✅ Device recovery completed
[2025-11-20 22:41:36] [SUCCESS] ✅ Device recovery completed
[2025-11-20 22:41:36] [SUCCESS] ✅ Device recovery completed
[2025-11-20 22:41:46] [INFO] 
────────────────────────────────────────────────────────────
[2025-11-20 22:41:46] [INFO] ✅ Cycle Complete (48.7s)
[2025-11-20 22:41:46] [INFO]    Healthy: 0
[2025-11-20 22:41:46] [INFO] ────────────────────────────────────────────────────────────
[2025-11-20 22:41:46] [INFO] 
💤 Waiting 30s for next cycle...
[2025-11-20 22:42:16] [INFO] 
🔍 Starting check cycle for 10 clones...
[2025-11-20 22:42:22] [WARNING]    → Device not responding to ADB (CRITICAL)
[2025-11-20 22:42:22] [WARNING] ⚠️  33 - 1: DEVICE HANG detected (critical)
[2025-11-20 22:42:22] [WARNING] 🔄 Attempting device recovery for 33 - 1
[2025-11-20 22:42:22] [WARNING] 🔄 Attempting device recovery...
[2025-11-20 22:42:22] [WARNING]    → Device not responding to ADB (CRITICAL)
[2025-11-20 22:42:22] [WARNING] ⚠️  33 - 1: DEVICE HANG detected (critical)
[2025-11-20 22:42:22] [WARNING] 🔄 Attempting device recovery for 33 - 1
[2025-11-20 22:42:22] [WARNING] 🔄 Attempting device recovery...
[2025-11-20 22:42:22] [WARNING]    → Device not responding to ADB (CRITICAL)
[2025-11-20 22:42:22] [WARNING] ⚠️  33 - 1: DEVICE HANG detected (critical)
[2025-11-20 22:42:22] [WARNING] 🔄 Attempting device recovery for 33 - 1
[2025-11-20 22:42:22] [WARNING] 🔄 Attempting device recovery...
[2025-11-20 22:42:22] [WARNING]    → Device not responding to ADB (CRITICAL)
[2025-11-20 22:42:22] [WARNING] ⚠️  33 - 1: DEVICE HANG detected (critical)
[2025-11-20 22:42:22] [WARNING] 🔄 Attempting device recovery for 33 - 1
[2025-11-20 22:42:22] [WARNING] 🔄 Attempting device recovery...
[2025-11-20 22:42:22] [WARNING]    → Device not responding to ADB (CRITICAL)
[2025-11-20 22:42:22] [WARNING] ⚠️  33 - 1: DEVICE HANG detected (critical)
[2025-11-20 22:42:22] [WARNING] 🔄 Attempting device recovery for 33 - 1
[2025-11-20 22:42:22] [WARNING] 🔄 Attempting device recovery...
[2025-11-20 22:42:22] [WARNING]    → Device not responding to ADB (CRITICAL)
[2025-11-20 22:42:22] [WARNING] ⚠️  33 - 1: DEVICE HANG detected (critical)
[2025-11-20 22:42:22] [WARNING] 🔄 Attempting device recovery for 33 - 1
[2025-11-20 22:42:22] [WARNING] 🔄 Attempting device recovery...
[2025-11-20 22:42:22] [WARNING]    → Device not responding to ADB (CRITICAL)
[2025-11-20 22:42:22] [WARNING] ⚠️  33 - 1: DEVICE HANG detected (critical)
[2025-11-20 22:42:22] [WARNING] 🔄 Attempting device recovery for 33 - 1
[2025-11-20 22:42:22] [WARNING] 🔄 Attempting device recovery...
[2025-11-20 22:42:22] [WARNING]    → Device not responding to ADB (CRITICAL)
[2025-11-20 22:42:22] [WARNING] ⚠️  33 - 1: DEVICE HANG detected (critical)
[2025-11-20 22:42:22] [WARNING] 🔄 Attempting device recovery for 33 - 1
[2025-11-20 22:42:22] [WARNING] 🔄 Attempting device recovery...
[2025-11-20 22:42:22] [WARNING]    → Device not responding to ADB (CRITICAL)
[2025-11-20 22:42:22] [WARNING] ⚠️  33 - 1: DEVICE HANG detected (critical)
[2025-11-20 22:42:22] [WARNING] 🔄 Attempting device recovery for 33 - 1
[2025-11-20 22:42:22] [WARNING] 🔄 Attempting device recovery...
[2025-11-20 22:42:22] [WARNING]    → Device not responding to ADB (CRITICAL)
[2025-11-20 22:42:22] [WARNING] ⚠️  33 - 1: DEVICE HANG detected (critical)
[2025-11-20 22:42:22] [WARNING] 🔄 Attempting device recovery for 33 - 1
[2025-11-20 22:42:22] [WARNING] 🔄 Attempting device recovery...
[2025-11-20 22:42:53] [SUCCESS] ✅ Device recovery completed
[2025-11-20 22:42:53] [SUCCESS] ✅ Device recovery completed
[2025-11-20 22:42:53] [SUCCESS] ✅ Device recovery completed
[2025-11-20 22:42:53] [SUCCESS] ✅ Device recovery completed
[2025-11-20 22:42:54] [SUCCESS] ✅ Device recovery completed
[2025-11-20 22:42:54] [SUCCESS] ✅ Device recovery completed
[2025-11-20 22:42:54] [SUCCESS] ✅ Device recovery completed
[2025-11-20 22:42:54] [SUCCESS] ✅ Device recovery completed
[2025-11-20 22:42:54] [SUCCESS] ✅ Device recovery completed
[2025-11-20 22:42:54] [SUCCESS] ✅ Device recovery completed
[2025-11-20 22:43:04] [INFO] 
────────────────────────────────────────────────────────────
[2025-11-20 22:43:04] [INFO] ✅ Cycle Complete (48.0s)
[2025-11-20 22:43:04] [INFO]    Healthy: 0
[2025-11-20 22:43:04] [INFO] ────────────────────────────────────────────────────────────
[2025-11-20 22:43:04] [INFO] 
💤 Waiting 30s for next cycle...
[2025-11-20 22:43:34] [INFO] 
🔍 Starting check cycle for 10 clones...
[2025-11-20 22:43:40] [WARNING]    → Device not responding to ADB (CRITICAL)
[2025-11-20 22:43:40] [WARNING] ⚠️  33 - 1: DEVICE HANG detected (critical)
[2025-11-20 22:43:40] [WARNING] 🔄 Attempting device recovery for 33 - 1
[2025-11-20 22:43:40] [WARNING] 🔄 Attempting device recovery...
[2025-11-20 22:43:40] [WARNING]    → Device not responding to ADB (CRITICAL)
[2025-11-20 22:43:40] [WARNING] ⚠️  33 - 1: DEVICE HANG detected (critical)
[2025-11-20 22:43:40] [WARNING] 🔄 Attempting device recovery for 33 - 1
[2025-11-20 22:43:40] [WARNING]    → Device not responding to ADB (CRITICAL)
[2025-11-20 22:43:40] [WARNING] 🔄 Attempting device recovery...
[2025-11-20 22:43:40] [WARNING] ⚠️  33 - 1: DEVICE HANG detected (critical)
[2025-11-20 22:43:40] [WARNING] 🔄 Attempting device recovery for 33 - 1
[2025-11-20 22:43:40] [WARNING] 🔄 Attempting device recovery...
[2025-11-20 22:43:40] [WARNING]    → Device not responding to ADB (CRITICAL)
[2025-11-20 22:43:40] [WARNING] ⚠️  33 - 1: DEVICE HANG detected (critical)
[2025-11-20 22:43:40] [WARNING] 🔄 Attempting device recovery for 33 - 1
[2025-11-20 22:43:40] [WARNING] 🔄 Attempting device recovery...
[2025-11-20 22:43:40] [WARNING]    → Device not responding to ADB (CRITICAL)
[2025-11-20 22:43:40] [WARNING]    → Device not responding to ADB (CRITICAL)
[2025-11-20 22:43:40] [WARNING]    → Device not responding to ADB (CRITICAL)
[2025-11-20 22:43:40] [WARNING] ⚠️  33 - 1: DEVICE HANG detected (critical)
[2025-11-20 22:43:40] [WARNING]    → Device not responding to ADB (CRITICAL)
[2025-11-20 22:43:40] [WARNING] ⚠️  33 - 1: DEVICE HANG detected (critical)
[2025-11-20 22:43:40] [WARNING] ⚠️  33 - 1: DEVICE HANG detected (critical)
[2025-11-20 22:43:40] [WARNING]    → Device not responding to ADB (CRITICAL)
[2025-11-20 22:43:40] [WARNING] 🔄 Attempting device recovery for 33 - 1
[2025-11-20 22:43:40] [WARNING] ⚠️  33 - 1: DEVICE HANG detected (critical)
[2025-11-20 22:43:40] [WARNING] 🔄 Attempting device recovery for 33 - 1
[2025-11-20 22:43:40] [WARNING] 🔄 Attempting device recovery for 33 - 1
[2025-11-20 22:43:40] [WARNING] ⚠️  33 - 1: DEVICE HANG detected (critical)
[2025-11-20 22:43:40] [WARNING] 🔄 Attempting device recovery...
[2025-11-20 22:43:40] [WARNING] 🔄 Attempting device recovery for 33 - 1
[2025-11-20 22:43:40] [WARNING] 🔄 Attempting device recovery...
[2025-11-20 22:43:40] [WARNING] 🔄 Attempting device recovery...
[2025-11-20 22:43:40] [WARNING] 🔄 Attempting device recovery for 33 - 1
[2025-11-20 22:43:40] [WARNING] 🔄 Attempting device recovery...
[2025-11-20 22:43:40] [WARNING] 🔄 Attempting device recovery...
[2025-11-20 22:43:40] [WARNING]    → Device not responding to ADB (CRITICAL)
[2025-11-20 22:43:40] [WARNING] ⚠️  33 - 1: DEVICE HANG detected (critical)
[2025-11-20 22:43:40] [WARNING] 🔄 Attempting device recovery for 33 - 1
[2025-11-20 22:43:40] [WARNING] 🔄 Attempting device recovery...
[2025-11-20 22:44:12] [SUCCESS] ✅ Device recovery completed
[2025-11-20 22:44:12] [SUCCESS] ✅ Device recovery completed
[2025-11-20 22:44:12] [SUCCESS] ✅ Device recovery completed
[2025-11-20 22:44:12] [SUCCESS] ✅ Device recovery completed
[2025-11-20 22:44:12] [SUCCESS] ✅ Device recovery completed
[2025-11-20 22:44:12] [SUCCESS] ✅ Device recovery completed
[2025-11-20 22:44:12] [SUCCESS] ✅ Device recovery completed
[2025-11-20 22:44:12] [SUCCESS] ✅ Device recovery completed
[2025-11-20 22:44:12] [SUCCESS] ✅ Device recovery completed
[2025-11-20 22:44:12] [SUCCESS] ✅ Device recovery completed
[2025-11-20 22:44:22] [INFO] 
────────────────────────────────────────────────────────────
[2025-11-20 22:44:22] [INFO] ✅ Cycle Complete (48.7s)
[2025-11-20 22:44:22] [INFO]    Healthy: 0
[2025-11-20 22:44:22] [INFO] ────────────────────────────────────────────────────────────
[2025-11-20 22:44:22] [INFO] 
💤 Waiting 30s for next cycle...
[2025-11-20 22:44:52] [INFO] 
🔍 Starting check cycle for 10 clones...
[2025-11-20 22:44:59] [WARNING]    → Device not responding to ADB (CRITICAL)
[2025-11-20 22:44:59] [WARNING] ⚠️  33 - 1: DEVICE HANG detected (critical)
[2025-11-20 22:44:59] [WARNING] 🔄 Attempting device recovery for 33 - 1
[2025-11-20 22:44:59] [WARNING]    → Device not responding to ADB (CRITICAL)
[2025-11-20 22:44:59] [WARNING] 🔄 Attempting device recovery...
[2025-11-20 22:44:59] [WARNING] ⚠️  33 - 1: DEVICE HANG detected (critical)
[2025-11-20 22:44:59] [WARNING] 🔄 Attempting device recovery for 33 - 1
[2025-11-20 22:44:59] [WARNING] 🔄 Attempting device recovery...
[2025-11-20 22:44:59] [WARNING]    → Device not responding to ADB (CRITICAL)
[2025-11-20 22:44:59] [WARNING]    → Device not responding to ADB (CRITICAL)
[2025-11-20 22:44:59] [WARNING]    → Device not responding to ADB (CRITICAL)
[2025-11-20 22:44:59] [WARNING] ⚠️  33 - 1: DEVICE HANG detected (critical)
[2025-11-20 22:44:59] [WARNING]    → Device not responding to ADB (CRITICAL)
[2025-11-20 22:44:59] [WARNING]    → Device not responding to ADB (CRITICAL)
[2025-11-20 22:44:59] [WARNING]    → Device not responding to ADB (CRITICAL)
[2025-11-20 22:44:59] [WARNING] ⚠️  33 - 1: DEVICE HANG detected (critical)
[2025-11-20 22:44:59] [WARNING] ⚠️  33 - 1: DEVICE HANG detected (critical)
[2025-11-20 22:44:59] [WARNING] 🔄 Attempting device recovery for 33 - 1
[2025-11-20 22:44:59] [WARNING] ⚠️  33 - 1: DEVICE HANG detected (critical)
[2025-11-20 22:44:59] [WARNING] ⚠️  33 - 1: DEVICE HANG detected (critical)
[2025-11-20 22:44:59] [WARNING] ⚠️  33 - 1: DEVICE HANG detected (critical)
[2025-11-20 22:44:59] [WARNING] 🔄 Attempting device recovery for 33 - 1
[2025-11-20 22:44:59] [WARNING] 🔄 Attempting device recovery for 33 - 1
[2025-11-20 22:44:59] [WARNING] 🔄 Attempting device recovery...
[2025-11-20 22:44:59] [WARNING] 🔄 Attempting device recovery for 33 - 1
[2025-11-20 22:44:59] [WARNING] 🔄 Attempting device recovery for 33 - 1
[2025-11-20 22:44:59] [WARNING] 🔄 Attempting device recovery for 33 - 1
[2025-11-20 22:44:59] [WARNING] 🔄 Attempting device recovery...
[2025-11-20 22:44:59] [WARNING] 🔄 Attempting device recovery...
[2025-11-20 22:44:59] [WARNING] 🔄 Attempting device recovery...
[2025-11-20 22:44:59] [WARNING] 🔄 Attempting device recovery...
[2025-11-20 22:44:59] [WARNING] 🔄 Attempting device recovery...
[2025-11-20 22:44:59] [WARNING]    → Device not responding to ADB (CRITICAL)
[2025-11-20 22:44:59] [WARNING]    → Device not responding to ADB (CRITICAL)
[2025-11-20 22:44:59] [WARNING] ⚠️  33 - 1: DEVICE HANG detected (critical)
[2025-11-20 22:44:59] [WARNING] ⚠️  33 - 1: DEVICE HANG detected (critical)
[2025-11-20 22:44:59] [WARNING] 🔄 Attempting device recovery for 33 - 1
[2025-11-20 22:44:59] [WARNING] 🔄 Attempting device recovery for 33 - 1
[2025-11-20 22:44:59] [WARNING] 🔄 Attempting device recovery...
[2025-11-20 22:44:59] [WARNING] 🔄 Attempting device recovery...
[2025-11-20 22:45:30] [SUCCESS] ✅ Device recovery completed
[2025-11-20 22:45:30] [SUCCESS] ✅ Device recovery completed
[2025-11-20 22:45:30] [SUCCESS] ✅ Device recovery completed
[2025-11-20 22:45:30] [SUCCESS] ✅ Device recovery completed
[2025-11-20 22:45:30] [SUCCESS] ✅ Device recovery completed
[2025-11-20 22:45:30] [SUCCESS] ✅ Device recovery completed
[2025-11-20 22:45:30] [SUCCESS] ✅ Device recovery completed
[2025-11-20 22:45:30] [SUCCESS] ✅ Device recovery completed
[2025-11-20 22:45:30] [SUCCESS] ✅ Device recovery completed
[2025-11-20 22:45:30] [SUCCESS] ✅ Device recovery completed
[2025-11-20 22:45:40] [INFO] 
────────────────────────────────────────────────────────────
[2025-11-20 22:45:40] [INFO] ✅ Cycle Complete (47.6s)
[2025-11-20 22:45:40] [INFO]    Healthy: 0
[2025-11-20 22:45:40] [INFO] ────────────────────────────────────────────────────────────
[2025-11-20 22:45:40] [INFO] 
💤 Waiting 30s for next cycle...
[2025-11-20 22:46:10] [INFO] 
🔍 Starting check cycle for 10 clones...
[2025-11-20 22:46:16] [WARNING]    → Device not responding to ADB (CRITICAL)
[2025-11-20 22:46:16] [WARNING] ⚠️  33 - 1: DEVICE HANG detected (critical)
[2025-11-20 22:46:16] [WARNING] 🔄 Attempting device recovery for 33 - 1
[2025-11-20 22:46:16] [WARNING] 🔄 Attempting device recovery...
[2025-11-20 22:46:16] [WARNING]    → Device not responding to ADB (CRITICAL)
[2025-11-20 22:46:16] [WARNING] ⚠️  33 - 1: DEVICE HANG detected (critical)
[2025-11-20 22:46:16] [WARNING] 🔄 Attempting device recovery for 33 - 1
[2025-11-20 22:46:16] [WARNING] 🔄 Attempting device recovery...
[2025-11-20 22:46:16] [WARNING]    → Device not responding to ADB (CRITICAL)
[2025-11-20 22:46:16] [WARNING] ⚠️  33 - 1: DEVICE HANG detected (critical)
[2025-11-20 22:46:16] [WARNING]    → Device not responding to ADB (CRITICAL)
[2025-11-20 22:46:16] [WARNING] 🔄 Attempting device recovery for 33 - 1
[2025-11-20 22:46:16] [WARNING]    → Device not responding to ADB (CRITICAL)
[2025-11-20 22:46:16] [WARNING] ⚠️  33 - 1: DEVICE HANG detected (critical)
[2025-11-20 22:46:16] [WARNING]    → Device not responding to ADB (CRITICAL)
[2025-11-20 22:46:16] [WARNING] 🔄 Attempting device recovery...
[2025-11-20 22:46:16] [WARNING] ⚠️  33 - 1: DEVICE HANG detected (critical)
[2025-11-20 22:46:16] [WARNING]    → Device not responding to ADB (CRITICAL)
[2025-11-20 22:46:16] [WARNING] 🔄 Attempting device recovery for 33 - 1
[2025-11-20 22:46:16] [WARNING] ⚠️  33 - 1: DEVICE HANG detected (critical)
[2025-11-20 22:46:16] [WARNING] 🔄 Attempting device recovery for 33 - 1
[2025-11-20 22:46:16] [WARNING] ⚠️  33 - 1: DEVICE HANG detected (critical)
[2025-11-20 22:46:16] [WARNING] 🔄 Attempting device recovery...
[2025-11-20 22:46:16] [WARNING]    → Device not responding to ADB (CRITICAL)
[2025-11-20 22:46:16] [WARNING]    → Device not responding to ADB (CRITICAL)
[2025-11-20 22:46:16] [WARNING] 🔄 Attempting device recovery for 33 - 1
[2025-11-20 22:46:16] [WARNING]    → Device not responding to ADB (CRITICAL)
[2025-11-20 22:46:16] [WARNING] 🔄 Attempting device recovery...
[2025-11-20 22:46:16] [WARNING] 🔄 Attempting device recovery for 33 - 1
[2025-11-20 22:46:16] [WARNING] ⚠️  33 - 1: DEVICE HANG detected (critical)
[2025-11-20 22:46:16] [WARNING] ⚠️  33 - 1: DEVICE HANG detected (critical)
[2025-11-20 22:46:16] [WARNING] 🔄 Attempting device recovery...
[2025-11-20 22:46:16] [WARNING] ⚠️  33 - 1: DEVICE HANG detected (critical)
[2025-11-20 22:46:16] [WARNING] 🔄 Attempting device recovery...
[2025-11-20 22:46:16] [WARNING] 🔄 Attempting device recovery for 33 - 1
[2025-11-20 22:46:16] [WARNING] 🔄 Attempting device recovery for 33 - 1
[2025-11-20 22:46:16] [WARNING] 🔄 Attempting device recovery for 33 - 1
[2025-11-20 22:46:16] [WARNING] 🔄 Attempting device recovery...
[2025-11-20 22:46:16] [WARNING] 🔄 Attempting device recovery...
[2025-11-20 22:46:16] [WARNING] 🔄 Attempting device recovery...
[2025-11-20 22:46:47] [SUCCESS] ✅ Device recovery completed
[2025-11-20 22:46:47] [SUCCESS] ✅ Device recovery completed
[2025-11-20 22:46:47] [SUCCESS] ✅ Device recovery completed
[2025-11-20 22:46:47] [SUCCESS] ✅ Device recovery completed
[2025-11-20 22:46:47] [SUCCESS] ✅ Device recovery completed
[2025-11-20 22:46:47] [SUCCESS] ✅ Device recovery completed
[2025-11-20 22:46:47] [SUCCESS] ✅ Device recovery completed
[2025-11-20 22:46:47] [SUCCESS] ✅ Device recovery completed
[2025-11-20 22:46:47] [SUCCESS] ✅ Device recovery completed
[2025-11-20 22:46:47] [SUCCESS] ✅ Device recovery completed
[2025-11-20 22:46:57] [INFO] 
────────────────────────────────────────────────────────────
[2025-11-20 22:46:57] [INFO] ✅ Cycle Complete (47.3s)
[2025-11-20 22:46:57] [INFO]    Healthy: 0
[2025-11-20 22:46:57] [INFO] ────────────────────────────────────────────────────────────
[2025-11-20 22:46:57] [INFO] 
💤 Waiting 30s for next cycle...
[2025-11-20 22:47:27] [INFO] 
🔍 Starting check cycle for 10 clones...
[2025-11-20 22:47:34] [WARNING]    → Device not responding to ADB (CRITICAL)
[2025-11-20 22:47:34] [WARNING] ⚠️  33 - 1: DEVICE HANG detected (critical)
[2025-11-20 22:47:34] [WARNING] 🔄 Attempting device recovery for 33 - 1
[2025-11-20 22:47:34] [WARNING] 🔄 Attempting device recovery...
[2025-11-20 22:47:34] [WARNING]    → Device not responding to ADB (CRITICAL)
[2025-11-20 22:47:34] [WARNING] ⚠️  33 - 1: DEVICE HANG detected (critical)
[2025-11-20 22:47:34] [WARNING] 🔄 Attempting device recovery for 33 - 1
[2025-11-20 22:47:34] [WARNING] 🔄 Attempting device recovery...
[2025-11-20 22:47:34] [WARNING]    → Device not responding to ADB (CRITICAL)
[2025-11-20 22:47:34] [WARNING] ⚠️  33 - 1: DEVICE HANG detected (critical)
[2025-11-20 22:47:34] [WARNING]    → Device not responding to ADB (CRITICAL)
[2025-11-20 22:47:34] [WARNING] 🔄 Attempting device recovery for 33 - 1
[2025-11-20 22:47:34] [WARNING] ⚠️  33 - 1: DEVICE HANG detected (critical)
[2025-11-20 22:47:34] [WARNING]    → Device not responding to ADB (CRITICAL)
[2025-11-20 22:47:34] [WARNING]    → Device not responding to ADB (CRITICAL)
[2025-11-20 22:47:34] [WARNING]    → Device not responding to ADB (CRITICAL)
[2025-11-20 22:47:34] [WARNING]    → Device not responding to ADB (CRITICAL)
[2025-11-20 22:47:34] [WARNING] 🔄 Attempting device recovery...
[2025-11-20 22:47:34] [WARNING]    → Device not responding to ADB (CRITICAL)
[2025-11-20 22:47:34] [WARNING] 🔄 Attempting device recovery for 33 - 1
[2025-11-20 22:47:34] [WARNING]    → Device not responding to ADB (CRITICAL)
[2025-11-20 22:47:34] [WARNING] ⚠️  33 - 1: DEVICE HANG detected (critical)
[2025-11-20 22:47:34] [WARNING] ⚠️  33 - 1: DEVICE HANG detected (critical)
[2025-11-20 22:47:34] [WARNING] ⚠️  33 - 1: DEVICE HANG detected (critical)
[2025-11-20 22:47:34] [WARNING] ⚠️  33 - 1: DEVICE HANG detected (critical)
[2025-11-20 22:47:34] [WARNING] ⚠️  33 - 1: DEVICE HANG detected (critical)
[2025-11-20 22:47:34] [WARNING] 🔄 Attempting device recovery...
[2025-11-20 22:47:34] [WARNING] ⚠️  33 - 1: DEVICE HANG detected (critical)
[2025-11-20 22:47:34] [WARNING] 🔄 Attempting device recovery for 33 - 1
[2025-11-20 22:47:34] [WARNING] 🔄 Attempting device recovery for 33 - 1
[2025-11-20 22:47:34] [WARNING] 🔄 Attempting device recovery for 33 - 1
[2025-11-20 22:47:34] [WARNING] 🔄 Attempting device recovery for 33 - 1
[2025-11-20 22:47:34] [WARNING] 🔄 Attempting device recovery for 33 - 1
[2025-11-20 22:47:34] [WARNING] 🔄 Attempting device recovery for 33 - 1
[2025-11-20 22:47:34] [WARNING] 🔄 Attempting device recovery...
[2025-11-20 22:47:34] [WARNING] 🔄 Attempting device recovery...
[2025-11-20 22:47:34] [WARNING] 🔄 Attempting device recovery...
[2025-11-20 22:47:34] [WARNING] 🔄 Attempting device recovery...
[2025-11-20 22:47:34] [WARNING] 🔄 Attempting device recovery...
[2025-11-20 22:47:34] [WARNING] 🔄 Attempting device recovery...
[2025-11-20 22:48:04] [SUCCESS] ✅ Device recovery completed
[2025-11-20 22:48:04] [SUCCESS] ✅ Device recovery completed
[2025-11-20 22:48:05] [SUCCESS] ✅ Device recovery completed
[2025-11-20 22:48:05] [SUCCESS] ✅ Device recovery completed
[2025-11-20 22:48:05] [SUCCESS] ✅ Device recovery completed
[2025-11-20 22:48:05] [SUCCESS] ✅ Device recovery completed
[2025-11-20 22:48:05] [SUCCESS] ✅ Device recovery completed
[2025-11-20 22:48:05] [SUCCESS] ✅ Device recovery completed
[2025-11-20 22:48:05] [SUCCESS] ✅ Device recovery completed
[2025-11-20 22:48:05] [SUCCESS] ✅ Device recovery completed
[2025-11-20 22:48:15] [INFO] 
────────────────────────────────────────────────────────────
[2025-11-20 22:48:15] [INFO] ✅ Cycle Complete (47.7s)
[2025-11-20 22:48:15] [INFO]    Healthy: 0
[2025-11-20 22:48:15] [INFO] ────────────────────────────────────────────────────────────
[2025-11-20 22:48:15] [INFO] 
💤 Waiting 30s for next cycle...
[2025-11-20 22:48:21] [INFO] Received termination signal
[2025-11-20 23:20:19] [SUCCESS] ✅ Configuration loaded successfully
[2025-11-20 23:20:19] [INFO] ✅ Database enabled: vsphone_monitor.db
[2025-11-20 23:20:20] [INFO] 🌐 Starting web dashboard on http://localhost:5000
[2025-11-20 23:20:20] [SUCCESS] ✅ Web dashboard started
[2025-11-20 23:20:22] [INFO] ============================================================
[2025-11-20 23:20:22] [INFO] 🚀 VSPhone Monitor v5.0.0 FINAL Started
[2025-11-20 23:20:22] [INFO] 📊 Total Clones: 80
[2025-11-20 23:20:22] [INFO] 👤 Accounts: 1
[2025-11-20 23:20:22] [INFO] 📱 Instances: 8
[2025-11-20 23:20:22] [INFO] ⏱️  Check Interval: 30s
[2025-11-20 23:20:22] [INFO] ⚡ Parallel Workers: 10
[2025-11-20 23:20:22] [INFO] 💾 Database: ✅ Enabled
[2025-11-20 23:20:22] [INFO] 🔥 Enhanced Detection: ✅ 4-Method Approach
[2025-11-20 23:20:22] [INFO] ============================================================
[2025-11-20 23:20:22] [INFO] 
🔍 Starting check cycle for 80 clones...
[2025-11-20 23:20:28] [WARNING]    → Device not responding to ADB (CRITICAL)
[2025-11-20 23:20:28] [WARNING]    → Device not responding to ADB (CRITICAL)
[2025-11-20 23:20:28] [WARNING] ⚠️  33 - 1: DEVICE HANG detected (critical)
[2025-11-20 23:20:28] [WARNING] ⚠️  33 - 1: DEVICE HANG detected (critical)
[2025-11-20 23:20:28] [WARNING]    → Device not responding to ADB (CRITICAL)
[2025-11-20 23:20:28] [WARNING] ⚠️  33 - 1: DEVICE HANG detected (critical)
[2025-11-20 23:20:28] [WARNING] 🔄 Attempting device recovery for 33 - 1
[2025-11-20 23:20:28] [WARNING] 🔄 Attempting device recovery...
[2025-11-20 23:20:28] [WARNING]    → Device not responding to ADB (CRITICAL)
[2025-11-20 23:20:28] [WARNING] 🔄 Attempting device recovery for 33 - 1
[2025-11-20 23:20:28] [WARNING] 🔄 Attempting device recovery for 33 - 1
[2025-11-20 23:20:28] [WARNING] 🔄 Attempting device recovery...
[2025-11-20 23:20:28] [WARNING] ⚠️  33 - 1: DEVICE HANG detected (critical)
[2025-11-20 23:20:28] [WARNING] 🔄 Attempting device recovery...
[2025-11-20 23:20:28] [WARNING] 🔄 Attempting device recovery for 33 - 1
[2025-11-20 23:20:28] [WARNING] 🔄 Attempting device recovery...
[2025-11-20 23:20:28] [WARNING]    → Device not responding to ADB (CRITICAL)
[2025-11-20 23:20:28] [WARNING] ⚠️  33 - 1: DEVICE HANG detected (critical)
[2025-11-20 23:20:28] [WARNING] 🔄 Attempting device recovery for 33 - 1
[2025-11-20 23:20:28] [WARNING] 🔄 Attempting device recovery...
[2025-11-20 23:20:28] [WARNING]    → Device not responding to ADB (CRITICAL)
[2025-11-20 23:20:28] [WARNING] ⚠️  33 - 1: DEVICE HANG detected (critical)
[2025-11-20 23:20:28] [WARNING] 🔄 Attempting device recovery for 33 - 1
[2025-11-20 23:20:28] [WARNING] 🔄 Attempting device recovery...
[2025-11-20 23:20:28] [WARNING]    → Device not responding to ADB (CRITICAL)
[2025-11-20 23:20:28] [WARNING] ⚠️  33 - 1: DEVICE HANG detected (critical)
[2025-11-20 23:20:28] [WARNING] 🔄 Attempting device recovery for 33 - 1
[2025-11-20 23:20:28] [WARNING] 🔄 Attempting device recovery...
[2025-11-20 23:20:28] [WARNING]    → Device not responding to ADB (CRITICAL)
[2025-11-20 23:20:28] [WARNING] ⚠️  33 - 1: DEVICE HANG detected (critical)
[2025-11-20 23:20:28] [WARNING] 🔄 Attempting device recovery for 33 - 1
[2025-11-20 23:20:28] [WARNING] 🔄 Attempting device recovery...
[2025-11-20 23:20:28] [WARNING]    → Device not responding to ADB (CRITICAL)
[2025-11-20 23:20:28] [WARNING] ⚠️  33 - 1: DEVICE HANG detected (critical)
[2025-11-20 23:20:28] [WARNING] 🔄 Attempting device recovery for 33 - 1
[2025-11-20 23:20:28] [WARNING] 🔄 Attempting device recovery...
[2025-11-20 23:20:28] [WARNING]    → Device not responding to ADB (CRITICAL)
[2025-11-20 23:20:28] [WARNING] ⚠️  33 - 1: DEVICE HANG detected (critical)
[2025-11-20 23:20:28] [WARNING] 🔄 Attempting device recovery for 33 - 1
[2025-11-20 23:20:28] [WARNING] 🔄 Attempting device recovery...
[2025-11-20 23:20:58] [SUCCESS] ✅ Device recovery completed
[2025-11-20 23:20:58] [SUCCESS] ✅ Device recovery completed
[2025-11-20 23:20:58] [SUCCESS] ✅ Device recovery completed
[2025-11-20 23:20:58] [SUCCESS] ✅ Device recovery completed
[2025-11-20 23:20:58] [SUCCESS] ✅ Device recovery completed
[2025-11-20 23:20:58] [SUCCESS] ✅ Device recovery completed
[2025-11-20 23:20:58] [SUCCESS] ✅ Device recovery completed
[2025-11-20 23:20:58] [SUCCESS] ✅ Device recovery completed
[2025-11-20 23:20:58] [SUCCESS] ✅ Device recovery completed
[2025-11-20 23:20:58] [SUCCESS] ✅ Device recovery completed
[2025-11-20 23:21:15] [WARNING] ⚠️  33 - 2 > Roblox Clone 33-2: CRASH detected
[2025-11-20 23:21:15] [WARNING]    Details: Process not found (confidence: 90%)
[2025-11-20 23:21:15] [WARNING] ⚠️  33 - 2 > Roblox Clone 33-2: CRASH detected
[2025-11-20 23:21:15] [WARNING]    Details: Process not found (confidence: 90%)
[2025-11-20 23:21:15] [WARNING] ⚠️  33 - 2 > Roblox Clone 33-2: CRASH detected
[2025-11-20 23:21:15] [WARNING]    Details: Process not found (confidence: 90%)
[2025-11-20 23:21:16] [WARNING] ⚠️  33 - 2 > Roblox Clone 33-2: CRASH detected
[2025-11-20 23:21:16] [WARNING]    Details: Process not found (confidence: 90%)
[2025-11-20 23:21:16] [WARNING] ⚠️  33 - 2 > Roblox Clone 33-2: CRASH detected
[2025-11-20 23:21:16] [WARNING]    Details: Process not found (confidence: 90%)
[2025-11-20 23:21:16] [WARNING] ⚠️  33 - 2 > Roblox Clone 33-2: CRASH detected
[2025-11-20 23:21:16] [WARNING]    Details: Process not found (confidence: 90%)
[2025-11-20 23:21:16] [WARNING] ⚠️  33 - 2 > Roblox Clone 33-2: CRASH detected
[2025-11-20 23:21:16] [WARNING]    Details: Process not found (confidence: 90%)
[2025-11-20 23:21:16] [WARNING] ⚠️  33 - 2 > Roblox Clone 33-2: CRASH detected
[2025-11-20 23:21:16] [WARNING]    Details: Process not found (confidence: 90%)
[2025-11-20 23:21:16] [WARNING] ⚠️  33 - 2 > Roblox Clone 33-2: CRASH detected
[2025-11-20 23:21:16] [WARNING]    Details: Process not found (confidence: 90%)
[2025-11-20 23:21:16] [SUCCESS] ✅ 33 - 2 > Roblox Clone 33-2: Fixed in 1.2s
[2025-11-20 23:21:16] [SUCCESS] ✅ 33 - 2 > Roblox Clone 33-2: Fixed in 1.1s
[2025-11-20 23:21:17] [WARNING] ⚠️  33 - 2 > Roblox Clone 33-2: CRASH detected
[2025-11-20 23:21:17] [WARNING]    Details: Process not found (confidence: 90%)
[2025-11-20 23:21:17] [SUCCESS] ✅ 33 - 2 > Roblox Clone 33-2: Fixed in 1.0s
[2025-11-20 23:21:17] [SUCCESS] ✅ 33 - 2 > Roblox Clone 33-2: Fixed in 1.8s
[2025-11-20 23:21:17] [SUCCESS] ✅ 33 - 2 > Roblox Clone 33-2: Fixed in 1.0s
[2025-11-20 23:21:17] [SUCCESS] ✅ 33 - 2 > Roblox Clone 33-2: Fixed in 1.2s
[2025-11-20 23:21:18] [SUCCESS] ✅ 33 - 2 > Roblox Clone 33-2: Fixed in 1.7s
[2025-11-20 23:21:18] [SUCCESS] ✅ 33 - 2 > Roblox Clone 33-2: Fixed in 1.7s
[2025-11-20 23:21:18] [SUCCESS] ✅ 33 - 2 > Roblox Clone 33-2: Fixed in 1.1s
[2025-11-20 23:21:18] [SUCCESS] ✅ 33 - 2 > Roblox Clone 33-2: Fixed in 2.1s
[2025-11-20 23:21:24] [WARNING] ⚠️  13-2 > Roblox Clone 13-2: CRASH detected
[2025-11-20 23:21:24] [WARNING]    Details: Process not found (confidence: 90%)
[2025-11-20 23:21:24] [WARNING] ⚠️  13-2 > Roblox Clone 13-2: CRASH detected
[2025-11-20 23:21:24] [WARNING]    Details: Process not found (confidence: 90%)
[2025-11-20 23:21:24] [WARNING] ⚠️  13-2 > Roblox Clone 13-2: CRASH detected
[2025-11-20 23:21:24] [WARNING]    Details: Process not found (confidence: 90%)
[2025-11-20 23:21:25] [WARNING] ⚠️  13-2 > Roblox Clone 13-2: CRASH detected
[2025-11-20 23:21:25] [WARNING]    Details: Process not found (confidence: 90%)
[2025-11-20 23:21:25] [WARNING] ⚠️  13-2 > Roblox Clone 13-2: CRASH detected
[2025-11-20 23:21:25] [WARNING]    Details: Process not found (confidence: 90%)
[2025-11-20 23:21:25] [WARNING] ⚠️  13-2 > Roblox Clone 13-2: CRASH detected
[2025-11-20 23:21:25] [WARNING]    Details: Process not found (confidence: 90%)
[2025-11-20 23:21:25] [SUCCESS] ✅ 13-2 > Roblox Clone 13-2: Fixed in 1.1s
[2025-11-20 23:21:26] [SUCCESS] ✅ 13-2 > Roblox Clone 13-2: Fixed in 1.0s
[2025-11-20 23:21:26] [SUCCESS] ✅ 13-2 > Roblox Clone 13-2: Fixed in 1.6s
[2025-11-20 23:21:26] [SUCCESS] ✅ 13-2 > Roblox Clone 13-2: Fixed in 1.6s
[2025-11-20 23:21:26] [SUCCESS] ✅ 13-2 > Roblox Clone 13-2: Fixed in 1.0s
[2025-11-20 23:21:26] [WARNING] ⚠️  13-2 > Roblox Clone 13-2: CRASH detected
[2025-11-20 23:21:26] [WARNING]    Details: Process not found (confidence: 90%)
[2025-11-20 23:21:26] [WARNING] ⚠️  13-2 > Roblox Clone 13-2: CRASH detected
[2025-11-20 23:21:26] [WARNING]    Details: Process not found (confidence: 90%)
[2025-11-20 23:21:26] [WARNING] ⚠️  13-2 > Roblox Clone 13-2: CRASH detected
[2025-11-20 23:21:26] [WARNING]    Details: Process not found (confidence: 90%)
[2025-11-20 23:21:26] [SUCCESS] ✅ 13-2 > Roblox Clone 13-2: Fixed in 1.6s
[2025-11-20 23:21:26] [WARNING] ⚠️  13-2 > Roblox Clone 13-2: CRASH detected
[2025-11-20 23:21:26] [WARNING]    Details: Process not found (confidence: 90%)
[2025-11-20 23:21:28] [SUCCESS] ✅ 13-2 > Roblox Clone 13-2: Fixed in 1.3s
[2025-11-20 23:21:28] [SUCCESS] ✅ 13-2 > Roblox Clone 13-2: Fixed in 1.4s
[2025-11-20 23:21:28] [SUCCESS] ✅ 13-2 > Roblox Clone 13-2: Fixed in 1.3s
[2025-11-20 23:21:28] [SUCCESS] ✅ 13-2 > Roblox Clone 13-2: Fixed in 1.3s
[2025-11-20 23:21:33] [WARNING] ⚠️  kesatu > Roblox Clone kesatu: CRASH detected
[2025-11-20 23:21:33] [WARNING]    Details: Process not found (confidence: 90%)
[2025-11-20 23:21:33] [WARNING] ⚠️  kesatu > Roblox Clone kesatu: CRASH detected
[2025-11-20 23:21:33] [WARNING]    Details: Process not found (confidence: 90%)
[2025-11-20 23:21:33] [WARNING] ⚠️  kesatu > Roblox Clone kesatu: CRASH detected
[2025-11-20 23:21:33] [WARNING]    Details: Process not found (confidence: 90%)
[2025-11-20 23:21:33] [WARNING] ⚠️  kesatu > Roblox Clone kesatu: CRASH detected
[2025-11-20 23:21:33] [WARNING]    Details: Process not found (confidence: 90%)
[2025-11-20 23:21:33] [WARNING] ⚠️  kesatu > Roblox Clone kesatu: CRASH detected
[2025-11-20 23:21:33] [WARNING]    Details: Process not found (confidence: 90%)
[2025-11-20 23:21:34] [SUCCESS] ✅ kesatu > Roblox Clone kesatu: Fixed in 1.3s
[2025-11-20 23:21:35] [SUCCESS] ✅ kesatu > Roblox Clone kesatu: Fixed in 1.3s
[2025-11-20 23:21:35] [SUCCESS] ✅ kesatu > Roblox Clone kesatu: Fixed in 1.3s
[2025-11-20 23:21:35] [SUCCESS] ✅ kesatu > Roblox Clone kesatu: Fixed in 1.3s
[2025-11-20 23:21:35] [WARNING] ⚠️  kesatu > Roblox Clone kesatu: CRASH detected
[2025-11-20 23:21:35] [WARNING]    Details: Process not found (confidence: 90%)
[2025-11-20 23:21:35] [SUCCESS] ✅ kesatu > Roblox Clone kesatu: Fixed in 1.3s
[2025-11-20 23:21:35] [WARNING] ⚠️  kesatu > Roblox Clone kesatu: CRASH detected
[2025-11-20 23:21:35] [WARNING]    Details: Process not found (confidence: 90%)
[2025-11-20 23:21:35] [WARNING] ⚠️  kesatu > Roblox Clone kesatu: CRASH detected
[2025-11-20 23:21:35] [WARNING]    Details: Process not found (confidence: 90%)
[2025-11-20 23:21:36] [WARNING] ⚠️  kesatu > Roblox Clone kesatu: CRASH detected
[2025-11-20 23:21:36] [WARNING]    Details: Process not found (confidence: 90%)
[2025-11-20 23:21:36] [WARNING] ⚠️  kesatu > Roblox Clone kesatu: CRASH detected
[2025-11-20 23:21:36] [WARNING]    Details: Process not found (confidence: 90%)
[2025-11-20 23:21:36] [SUCCESS] ✅ kesatu > Roblox Clone kesatu: Fixed in 1.4s
[2025-11-20 23:21:36] [SUCCESS] ✅ kesatu > Roblox Clone kesatu: Fixed in 1.1s
[2025-11-20 23:21:36] [SUCCESS] ✅ kesatu > Roblox Clone kesatu: Fixed in 1.2s
[2025-11-20 23:21:37] [SUCCESS] ✅ kesatu > Roblox Clone kesatu: Fixed in 1.3s
[2025-11-20 23:21:37] [SUCCESS] ✅ kesatu > Roblox Clone kesatu: Fixed in 1.3s
[2025-11-20 23:21:41] [WARNING] ⚠️  ampunbg > Roblox Clone ampunbg: CRASH detected
[2025-11-20 23:21:41] [WARNING]    Details: Process not found (confidence: 90%)
[2025-11-20 23:21:41] [WARNING] ⚠️  ampunbg > Roblox Clone ampunbg: CRASH detected
[2025-11-20 23:21:41] [WARNING]    Details: Process not found (confidence: 90%)
[2025-11-20 23:21:42] [WARNING] ⚠️  ampunbg > Roblox Clone ampunbg: CRASH detected
[2025-11-20 23:21:42] [WARNING]    Details: Process not found (confidence: 90%)
[2025-11-20 23:21:42] [WARNING] ⚠️  ampunbg > Roblox Clone ampunbg: CRASH detected
[2025-11-20 23:21:42] [WARNING]    Details: Process not found (confidence: 90%)
[2025-11-20 23:21:42] [WARNING] ⚠️  ampunbg > Roblox Clone ampunbg: CRASH detected
[2025-11-20 23:21:42] [WARNING]    Details: Process not found (confidence: 90%)
[2025-11-20 23:21:43] [SUCCESS] ✅ ampunbg > Roblox Clone ampunbg: Fixed in 1.2s
[2025-11-20 23:21:43] [SUCCESS] ✅ ampunbg > Roblox Clone ampunbg: Fixed in 1.2s
[2025-11-20 23:21:43] [SUCCESS] ✅ ampunbg > Roblox Clone ampunbg: Fixed in 0.9s
[2025-11-20 23:21:43] [WARNING] ⚠️  ampunbg > Roblox Clone ampunbg: CRASH detected
[2025-11-20 23:21:43] [WARNING]    Details: Process not found (confidence: 90%)
[2025-11-20 23:21:44] [WARNING] ⚠️  ampunbg > Roblox Clone ampunbg: CRASH detected
[2025-11-20 23:21:44] [WARNING]    Details: Process not found (confidence: 90%)
[2025-11-20 23:21:44] [WARNING] ⚠️  ampunbg > Roblox Clone ampunbg: CRASH detected
[2025-11-20 23:21:44] [WARNING]    Details: Process not found (confidence: 90%)
[2025-11-20 23:21:44] [SUCCESS] ✅ ampunbg > Roblox Clone ampunbg: Fixed in 1.8s
[2025-11-20 23:21:44] [SUCCESS] ✅ ampunbg > Roblox Clone ampunbg: Fixed in 1.8s
[2025-11-20 23:21:44] [WARNING] ⚠️  ampunbg > Roblox Clone ampunbg: CRASH detected
[2025-11-20 23:21:44] [WARNING]    Details: Process not found (confidence: 90%)
[2025-11-20 23:21:45] [SUCCESS] ✅ ampunbg > Roblox Clone ampunbg: Fixed in 1.1s
[2025-11-20 23:21:45] [WARNING] ⚠️  ampunbg > Roblox Clone ampunbg: CRASH detected
[2025-11-20 23:21:45] [WARNING]    Details: Process not found (confidence: 90%)
[2025-11-20 23:21:45] [SUCCESS] ✅ ampunbg > Roblox Clone ampunbg: Fixed in 1.5s
[2025-11-20 23:21:46] [SUCCESS] ✅ ampunbg > Roblox Clone ampunbg: Fixed in 1.6s
[2025-11-20 23:21:46] [SUCCESS] ✅ ampunbg > Roblox Clone ampunbg: Fixed in 1.7s
[2025-11-20 23:21:46] [SUCCESS] ✅ ampunbg > Roblox Clone ampunbg: Fixed in 1.0s
[2025-11-20 23:21:54] [WARNING] ⚠️  zetsto > Roblox Clone zetsto: CRASH detected
[2025-11-20 23:21:54] [WARNING]    Details: Process not found (confidence: 90%)
[2025-11-20 23:21:54] [WARNING] ⚠️  zetsto > Roblox Clone zetsto: CRASH detected
[2025-11-20 23:21:54] [WARNING]    Details: Process not found (confidence: 90%)
[2025-11-20 23:21:54] [WARNING] ⚠️  zetsto > Roblox Clone zetsto: CRASH detected
[2025-11-20 23:21:54] [WARNING]    Details: Process not found (confidence: 90%)
[2025-11-20 23:21:54] [WARNING] ⚠️  zetsto > Roblox Clone zetsto: CRASH detected
[2025-11-20 23:21:54] [WARNING]    Details: Process not found (confidence: 90%)
[2025-11-20 23:21:55] [WARNING] ⚠️  zetsto > Roblox Clone zetsto: CRASH detected
[2025-11-20 23:21:55] [WARNING]    Details: Process not found (confidence: 90%)
[2025-11-20 23:21:55] [WARNING] ⚠️  zetsto > Roblox Clone zetsto: CRASH detected
[2025-11-20 23:21:55] [WARNING]    Details: Process not found (confidence: 90%)
[2025-11-20 23:21:55] [WARNING] ⚠️  zetsto > Roblox Clone zetsto: CRASH detected
[2025-11-20 23:21:55] [WARNING]    Details: Process not found (confidence: 90%)
[2025-11-20 23:21:56] [SUCCESS] ✅ zetsto > Roblox Clone zetsto: Fixed in 1.5s
[2025-11-20 23:21:56] [SUCCESS] ✅ zetsto > Roblox Clone zetsto: Fixed in 1.6s
[2025-11-20 23:21:56] [SUCCESS] ✅ zetsto > Roblox Clone zetsto: Fixed in 1.5s
[2025-11-20 23:21:56] [WARNING]    → Device not responding to ADB (CRITICAL)
[2025-11-20 23:21:56] [WARNING] ⚠️  ap 1-3,10 z4-9: DEVICE HANG detected (critical)
[2025-11-20 23:21:56] [WARNING] 🔄 Attempting device recovery for ap 1-3,10 z4-9
[2025-11-20 23:21:56] [WARNING] 🔄 Attempting device recovery...
[2025-11-20 23:21:56] [WARNING]    → Device not responding to ADB (CRITICAL)
[2025-11-20 23:21:56] [WARNING] ⚠️  ap 1-3,10 z4-9: DEVICE HANG detected (critical)
[2025-11-20 23:21:56] [WARNING] 🔄 Attempting device recovery for ap 1-3,10 z4-9
[2025-11-20 23:21:56] [WARNING] 🔄 Attempting device recovery...
[2025-11-20 23:21:56] [WARNING]    → Device not responding to ADB (CRITICAL)
[2025-11-20 23:21:56] [WARNING] ⚠️  ap 1-3,10 z4-9: DEVICE HANG detected (critical)
[2025-11-20 23:21:56] [WARNING] 🔄 Attempting device recovery for ap 1-3,10 z4-9
[2025-11-20 23:21:56] [WARNING] 🔄 Attempting device recovery...
[2025-11-20 23:21:57] [SUCCESS] ✅ zetsto > Roblox Clone zetsto: Fixed in 2.1s
[2025-11-20 23:21:57] [SUCCESS] ✅ zetsto > Roblox Clone zetsto: Fixed in 2.1s
[2025-11-20 23:21:57] [SUCCESS] ✅ zetsto > Roblox Clone zetsto: Fixed in 2.2s
[2025-11-20 23:21:57] [WARNING]    → Device not responding to ADB (CRITICAL)
[2025-11-20 23:21:57] [WARNING] ⚠️  ap 1-3,10 z4-9: DEVICE HANG detected (critical)
[2025-11-20 23:21:57] [WARNING] 🔄 Attempting device recovery for ap 1-3,10 z4-9
[2025-11-20 23:21:57] [WARNING] 🔄 Attempting device recovery...
[2025-11-20 23:21:57] [SUCCESS] ✅ zetsto > Roblox Clone zetsto: Fixed in 2.6s
[2025-11-20 23:21:57] [WARNING]    → Device not responding to ADB (CRITICAL)
[2025-11-20 23:21:57] [WARNING] ⚠️  ap 1-3,10 z4-9: DEVICE HANG detected (critical)
[2025-11-20 23:21:57] [WARNING] 🔄 Attempting device recovery for ap 1-3,10 z4-9
[2025-11-20 23:21:57] [WARNING] 🔄 Attempting device recovery...
[2025-11-20 23:21:57] [WARNING]    → Device not responding to ADB (CRITICAL)
[2025-11-20 23:21:57] [WARNING] ⚠️  ap 1-3,10 z4-9: DEVICE HANG detected (critical)
[2025-11-20 23:21:57] [WARNING] 🔄 Attempting device recovery for ap 1-3,10 z4-9
[2025-11-20 23:21:57] [WARNING] 🔄 Attempting device recovery...
[2025-11-20 23:21:58] [WARNING] ⚠️  zetsto > Roblox Clone zetsto: CRASH detected
[2025-11-20 23:21:58] [WARNING]    Details: Process not found (confidence: 90%)
[2025-11-20 23:21:58] [WARNING]    → Device not responding to ADB (CRITICAL)
[2025-11-20 23:21:58] [WARNING] ⚠️  ap 1-3,10 z4-9: DEVICE HANG detected (critical)
[2025-11-20 23:21:58] [WARNING] 🔄 Attempting device recovery for ap 1-3,10 z4-9
[2025-11-20 23:21:58] [WARNING] 🔄 Attempting device recovery...
[2025-11-20 23:21:58] [WARNING] ⚠️  zetsto > Roblox Clone zetsto: CRASH detected
[2025-11-20 23:21:58] [WARNING]    Details: Process not found (confidence: 90%)
[2025-11-20 23:21:58] [WARNING] ⚠️  zetsto > Roblox Clone zetsto: CRASH detected
[2025-11-20 23:21:58] [WARNING]    Details: Process not found (confidence: 90%)
[2025-11-20 23:21:59] [SUCCESS] ✅ zetsto > Roblox Clone zetsto: Fixed in 1.0s
[2025-11-20 23:21:59] [WARNING]    → Device not responding to ADB (CRITICAL)
[2025-11-20 23:21:59] [WARNING] ⚠️  ap 1-3,10 z4-9: DEVICE HANG detected (critical)
[2025-11-20 23:21:59] [WARNING] 🔄 Attempting device recovery for ap 1-3,10 z4-9
[2025-11-20 23:21:59] [WARNING] 🔄 Attempting device recovery...
[2025-11-20 23:21:59] [SUCCESS] ✅ zetsto > Roblox Clone zetsto: Fixed in 1.0s
[2025-11-20 23:21:59] [SUCCESS] ✅ zetsto > Roblox Clone zetsto: Fixed in 1.1s
[2025-11-20 23:21:59] [WARNING]    → Device not responding to ADB (CRITICAL)
[2025-11-20 23:21:59] [WARNING] ⚠️  ap 1-3,10 z4-9: DEVICE HANG detected (critical)
[2025-11-20 23:21:59] [WARNING] 🔄 Attempting device recovery for ap 1-3,10 z4-9
[2025-11-20 23:21:59] [WARNING] 🔄 Attempting device recovery...
[2025-11-20 23:22:00] [WARNING]    → Device not responding to ADB (CRITICAL)
[2025-11-20 23:22:00] [WARNING] ⚠️  ap 1-3,10 z4-9: DEVICE HANG detected (critical)
[2025-11-20 23:22:00] [WARNING] 🔄 Attempting device recovery for ap 1-3,10 z4-9
[2025-11-20 23:22:00] [WARNING] 🔄 Attempting device recovery...
[2025-11-20 23:22:03] [SUCCESS] ✅ Device recovery completed
[2025-11-20 23:22:03] [SUCCESS] ✅ Device recovery completed
[2025-11-20 23:22:03] [SUCCESS] ✅ Device recovery completed
[2025-11-20 23:22:04] [SUCCESS] ✅ Device recovery completed
[2025-11-20 23:22:04] [SUCCESS] ✅ Device recovery completed
[2025-11-20 23:22:04] [SUCCESS] ✅ Device recovery completed
[2025-11-20 23:22:05] [SUCCESS] ✅ Device recovery completed
[2025-11-20 23:22:06] [SUCCESS] ✅ Device recovery completed
[2025-11-20 23:22:06] [SUCCESS] ✅ Device recovery completed
[2025-11-20 23:22:07] [SUCCESS] ✅ Device recovery completed
[2025-11-20 23:22:19] [WARNING] ⚠️  73-1 > Roblox Clone 73-1: CRASH detected
[2025-11-20 23:22:19] [WARNING]    Details: Process not found (confidence: 90%)
[2025-11-20 23:22:19] [WARNING] ⚠️  73-1 > Roblox Clone 73-1: CRASH detected
[2025-11-20 23:22:19] [WARNING]    Details: Process not found (confidence: 90%)
[2025-11-20 23:22:19] [WARNING] ⚠️  73-1 > Roblox Clone 73-1: CRASH detected
[2025-11-20 23:22:19] [WARNING]    Details: Process not found (confidence: 90%)
[2025-11-20 23:22:20] [WARNING] ⚠️  73-1 > Roblox Clone 73-1: CRASH detected
[2025-11-20 23:22:20] [WARNING]    Details: Process not found (confidence: 90%)
[2025-11-20 23:22:20] [SUCCESS] ✅ 73-1 > Roblox Clone 73-1: Fixed in 1.0s
[2025-11-20 23:22:20] [SUCCESS] ✅ 73-1 > Roblox Clone 73-1: Fixed in 1.1s
[2025-11-20 23:22:20] [SUCCESS] ✅ 73-1 > Roblox Clone 73-1: Fixed in 1.1s
[2025-11-20 23:22:21] [WARNING] ⚠️  73-1 > Roblox Clone 73-1: CRASH detected
[2025-11-20 23:22:21] [WARNING]    Details: Process not found (confidence: 90%)
[2025-11-20 23:22:21] [WARNING] ⚠️  73-1 > Roblox Clone 73-1: CRASH detected
[2025-11-20 23:22:21] [WARNING]    Details: Process not found (confidence: 90%)
[2025-11-20 23:22:22] [WARNING] ⚠️  73-1 > Roblox Clone 73-1: CRASH detected
[2025-11-20 23:22:22] [WARNING]    Details: Process not found (confidence: 90%)
[2025-11-20 23:22:23] [SUCCESS] ✅ 73-1 > Roblox Clone 73-1: Fixed in 2.6s
[2025-11-20 23:22:23] [SUCCESS] ✅ 73-1 > Roblox Clone 73-1: Fixed in 2.0s
[2025-11-20 23:22:23] [SUCCESS] ✅ 73-1 > Roblox Clone 73-1: Fixed in 2.0s
[2025-11-20 23:22:24] [SUCCESS] ✅ 73-1 > Roblox Clone 73-1: Fixed in 2.1s
[2025-11-20 23:22:25] [WARNING] ⚠️  73-1 > Roblox Clone 73-1: CRASH detected
[2025-11-20 23:22:25] [WARNING]    Details: Process not found (confidence: 90%)
[2025-11-20 23:22:25] [WARNING] ⚠️  73-1 > Roblox Clone 73-1: CRASH detected
[2025-11-20 23:22:25] [WARNING]    Details: Process not found (confidence: 90%)
[2025-11-20 23:22:27] [WARNING] ⚠️  73-1 > Roblox Clone 73-1: CRASH detected
[2025-11-20 23:22:27] [WARNING]    Details: Process not found (confidence: 90%)
[2025-11-20 23:22:27] [SUCCESS] ✅ 73-1 > Roblox Clone 73-1: Fixed in 2.4s
[2025-11-20 23:22:28] [SUCCESS] ✅ 73-1 > Roblox Clone 73-1: Fixed in 2.5s
[2025-11-20 23:22:28] [SUCCESS] ✅ 73-1 > Roblox Clone 73-1: Fixed in 0.9s
[2025-11-20 23:22:28] [INFO] 
────────────────────────────────────────────────────────────
[2025-11-20 23:22:28] [INFO] ✅ Cycle Complete (126.5s)
[2025-11-20 23:22:28] [INFO]    Healthy: 0
[2025-11-20 23:22:28] [SUCCESS]    Fixed: 60
[2025-11-20 23:22:28] [INFO]    Issues: 60 crash
[2025-11-20 23:22:28] [INFO] 
   Detection Details:
[2025-11-20 23:22:28] [INFO]       • 33 - 2 > Roblox Clone 33-2: crash via process_check (90%)
[2025-11-20 23:22:28] [INFO]       • 33 - 2 > Roblox Clone 33-2: crash via process_check (90%)
[2025-11-20 23:22:28] [INFO]       • 33 - 2 > Roblox Clone 33-2: crash via process_check (90%)
[2025-11-20 23:22:28] [INFO]       • 33 - 2 > Roblox Clone 33-2: crash via process_check (90%)
[2025-11-20 23:22:28] [INFO]       • 33 - 2 > Roblox Clone 33-2: crash via process_check (90%)
[2025-11-20 23:22:28] [INFO] ────────────────────────────────────────────────────────────
[2025-11-20 23:22:28] [INFO] 
💤 Waiting 30s for next cycle...
[2025-11-20 23:22:58] [INFO] 
🔍 Starting check cycle for 80 clones...
[2025-11-20 23:23:04] [WARNING]    → Device not responding to ADB (CRITICAL)
[2025-11-20 23:23:04] [WARNING] ⚠️  33 - 1: DEVICE HANG detected (critical)
[2025-11-20 23:23:04] [WARNING] 🔄 Attempting device recovery for 33 - 1
[2025-11-20 23:23:04] [WARNING] 🔄 Attempting device recovery...
[2025-11-20 23:23:04] [WARNING]    → Device not responding to ADB (CRITICAL)
[2025-11-20 23:23:04] [WARNING] ⚠️  33 - 1: DEVICE HANG detected (critical)
[2025-11-20 23:23:04] [WARNING]    → Device not responding to ADB (CRITICAL)
[2025-11-20 23:23:04] [WARNING]    → Device not responding to ADB (CRITICAL)
[2025-11-20 23:23:04] [WARNING] 🔄 Attempting device recovery for 33 - 1
[2025-11-20 23:23:04] [WARNING] ⚠️  33 - 1: DEVICE HANG detected (critical)
[2025-11-20 23:23:04] [WARNING] ⚠️  33 - 1: DEVICE HANG detected (critical)
[2025-11-20 23:23:04] [WARNING] 🔄 Attempting device recovery for 33 - 1
[2025-11-20 23:23:04] [WARNING] 🔄 Attempting device recovery...
[2025-11-20 23:23:04] [WARNING] 🔄 Attempting device recovery...
[2025-11-20 23:23:04] [WARNING] 🔄 Attempting device recovery for 33 - 1
[2025-11-20 23:23:04] [WARNING] 🔄 Attempting device recovery...
[2025-11-20 23:23:04] [WARNING]    → Device not responding to ADB (CRITICAL)
[2025-11-20 23:23:04] [WARNING] ⚠️  33 - 1: DEVICE HANG detected (critical)
[2025-11-20 23:23:04] [WARNING] 🔄 Attempting device recovery for 33 - 1
[2025-11-20 23:23:04] [WARNING] 🔄 Attempting device recovery...
[2025-11-20 23:23:04] [WARNING]    → Device not responding to ADB (CRITICAL)
[2025-11-20 23:23:04] [WARNING]    → Device not responding to ADB (CRITICAL)
[2025-11-20 23:23:04] [WARNING]    → Device not responding to ADB (CRITICAL)
[2025-11-20 23:23:04] [WARNING]    → Device not responding to ADB (CRITICAL)
[2025-11-20 23:23:04] [WARNING] ⚠️  33 - 1: DEVICE HANG detected (critical)
[2025-11-20 23:23:05] [WARNING] ⚠️  33 - 1: DEVICE HANG detected (critical)
[2025-11-20 23:23:05] [WARNING] ⚠️  33 - 1: DEVICE HANG detected (critical)
[2025-11-20 23:23:05] [WARNING] ⚠️  33 - 1: DEVICE HANG detected (critical)
[2025-11-20 23:23:05] [WARNING]    → Device not responding to ADB (CRITICAL)
[2025-11-20 23:23:05] [WARNING] 🔄 Attempting device recovery for 33 - 1
[2025-11-20 23:23:05] [WARNING] 🔄 Attempting device recovery for 33 - 1
[2025-11-20 23:23:05] [WARNING] 🔄 Attempting device recovery for 33 - 1
[2025-11-20 23:23:05] [WARNING] 🔄 Attempting device recovery for 33 - 1
[2025-11-20 23:23:05] [WARNING] ⚠️  33 - 1: DEVICE HANG detected (critical)
[2025-11-20 23:23:05] [WARNING] 🔄 Attempting device recovery...
[2025-11-20 23:23:05] [WARNING] 🔄 Attempting device recovery...
[2025-11-20 23:23:05] [WARNING] 🔄 Attempting device recovery...
[2025-11-20 23:23:05] [WARNING] 🔄 Attempting device recovery...
[2025-11-20 23:23:05] [WARNING] 🔄 Attempting device recovery for 33 - 1
[2025-11-20 23:23:05] [WARNING] 🔄 Attempting device recovery...
[2025-11-20 23:23:34] [SUCCESS] ✅ Device recovery completed
[2025-11-20 23:23:34] [SUCCESS] ✅ Device recovery completed
[2025-11-20 23:23:34] [SUCCESS] ✅ Device recovery completed
[2025-11-20 23:23:34] [SUCCESS] ✅ Device recovery completed
[2025-11-20 23:23:34] [SUCCESS] ✅ Device recovery completed
[2025-11-20 23:23:34] [SUCCESS] ✅ Device recovery completed
[2025-11-20 23:23:35] [SUCCESS] ✅ Device recovery completed
[2025-11-20 23:23:35] [SUCCESS] ✅ Device recovery completed
[2025-11-20 23:23:35] [SUCCESS] ✅ Device recovery completed
[2025-11-20 23:23:35] [SUCCESS] ✅ Device recovery completed
[2025-11-20 23:23:52] [WARNING] ⚠️  33 - 2 > Roblox Clone 33-2: CRASH detected
[2025-11-20 23:23:52] [WARNING]    Details: Process not found (confidence: 90%)
[2025-11-20 23:23:52] [WARNING] ⚠️  33 - 2 > Roblox Clone 33-2: CRASH detected
[2025-11-20 23:23:52] [WARNING]    Details: Process not found (confidence: 90%)
[2025-11-20 23:23:53] [WARNING] ⚠️  33 - 2 > Roblox Clone 33-2: CRASH detected
[2025-11-20 23:23:53] [WARNING]    Details: Process not found (confidence: 90%)
[2025-11-20 23:23:53] [WARNING] ⚠️  33 - 2 > Roblox Clone 33-2: CRASH detected
[2025-11-20 23:23:53] [WARNING]    Details: Process not found (confidence: 90%)
[2025-11-20 23:23:53] [WARNING] ⚠️  33 - 2 > Roblox Clone 33-2: CRASH detected
[2025-11-20 23:23:53] [WARNING]    Details: Process not found (confidence: 90%)
[2025-11-20 23:23:53] [WARNING] ⚠️  33 - 2 > Roblox Clone 33-2: CRASH detected
[2025-11-20 23:23:53] [WARNING]    Details: Process not found (confidence: 90%)
[2025-11-20 23:23:53] [WARNING] ⚠️  33 - 2 > Roblox Clone 33-2: CRASH detected
[2025-11-20 23:23:53] [WARNING]    Details: Process not found (confidence: 90%)
[2025-11-20 23:23:53] [WARNING] ⚠️  33 - 2 > Roblox Clone 33-2: CRASH detected
[2025-11-20 23:23:53] [WARNING]    Details: Process not found (confidence: 90%)
[2025-11-20 23:23:53] [WARNING] ⚠️  33 - 2 > Roblox Clone 33-2: CRASH detected
[2025-11-20 23:23:53] [WARNING]    Details: Process not found (confidence: 90%)
[2025-11-20 23:23:53] [WARNING] ⚠️  33 - 2 > Roblox Clone 33-2: CRASH detected
[2025-11-20 23:23:53] [WARNING]    Details: Process not found (confidence: 90%)
[2025-11-20 23:23:53] [SUCCESS] ✅ 33 - 2 > Roblox Clone 33-2: Fixed in 1.4s
[2025-11-20 23:23:53] [SUCCESS] ✅ 33 - 2 > Roblox Clone 33-2: Fixed in 1.4s
[2025-11-20 23:23:54] [SUCCESS] ✅ 33 - 2 > Roblox Clone 33-2: Fixed in 1.5s
[2025-11-20 23:23:55] [SUCCESS] ✅ 33 - 2 > Roblox Clone 33-2: Fixed in 1.4s
[2025-11-20 23:23:55] [SUCCESS] ✅ 33 - 2 > Roblox Clone 33-2: Fixed in 1.4s
[2025-11-20 23:23:55] [SUCCESS] ✅ 33 - 2 > Roblox Clone 33-2: Fixed in 1.5s
[2025-11-20 23:23:55] [SUCCESS] ✅ 33 - 2 > Roblox Clone 33-2: Fixed in 1.9s
[2025-11-20 23:23:55] [SUCCESS] ✅ 33 - 2 > Roblox Clone 33-2: Fixed in 2.0s
[2025-11-20 23:23:55] [SUCCESS] ✅ 33 - 2 > Roblox Clone 33-2: Fixed in 2.0s
[2025-11-20 23:23:55] [SUCCESS] ✅ 33 - 2 > Roblox Clone 33-2: Fixed in 2.0s
[2025-11-20 23:24:03] [WARNING] ⚠️  13-2 > Roblox Clone 13-2: CRASH detected
[2025-11-20 23:24:03] [WARNING]    Details: Process not found (confidence: 90%)
[2025-11-20 23:24:04] [WARNING] ⚠️  13-2 > Roblox Clone 13-2: CRASH detected
[2025-11-20 23:24:04] [WARNING]    Details: Process not found (confidence: 90%)
[2025-11-20 23:24:04] [WARNING] ⚠️  13-2 > Roblox Clone 13-2: CRASH detected
[2025-11-20 23:24:04] [WARNING]    Details: Process not found (confidence: 90%)
[2025-11-20 23:24:04] [WARNING] ⚠️  13-2 > Roblox Clone 13-2: CRASH detected
[2025-11-20 23:24:04] [WARNING]    Details: Process not found (confidence: 90%)
[2025-11-20 23:24:04] [SUCCESS] ✅ 13-2 > Roblox Clone 13-2: Fixed in 1.4s
[2025-11-20 23:24:05] [SUCCESS] ✅ 13-2 > Roblox Clone 13-2: Fixed in 1.1s
[2025-11-20 23:24:05] [SUCCESS] ✅ 13-2 > Roblox Clone 13-2: Fixed in 1.0s
[2025-11-20 23:24:06] [SUCCESS] ✅ 13-2 > Roblox Clone 13-2: Fixed in 1.8s
[2025-11-20 23:24:06] [WARNING] ⚠️  13-2 > Roblox Clone 13-2: CRASH detected
[2025-11-20 23:24:06] [WARNING]    Details: Process not found (confidence: 90%)
[2025-11-20 23:24:06] [WARNING] ⚠️  13-2 > Roblox Clone 13-2: CRASH detected
[2025-11-20 23:24:06] [WARNING]    Details: Process not found (confidence: 90%)
[2025-11-20 23:24:06] [WARNING] ⚠️  13-2 > Roblox Clone 13-2: CRASH detected
[2025-11-20 23:24:06] [WARNING]    Details: Process not found (confidence: 90%)
[2025-11-20 23:24:06] [WARNING] ⚠️  13-2 > Roblox Clone 13-2: CRASH detected
[2025-11-20 23:24:06] [WARNING]    Details: Process not found (confidence: 90%)
[2025-11-20 23:24:06] [WARNING] ⚠️  13-2 > Roblox Clone 13-2: CRASH detected
[2025-11-20 23:24:06] [WARNING]    Details: Process not found (confidence: 90%)
[2025-11-20 23:24:06] [WARNING] ⚠️  13-2 > Roblox Clone 13-2: CRASH detected
[2025-11-20 23:24:06] [WARNING]    Details: Process not found (confidence: 90%)
[2025-11-20 23:24:08] [SUCCESS] ✅ 13-2 > Roblox Clone 13-2: Fixed in 1.7s
[2025-11-20 23:24:08] [SUCCESS] ✅ 13-2 > Roblox Clone 13-2: Fixed in 1.8s
[2025-11-20 23:24:08] [WARNING] DB Error: cannot commit - no transaction is active
[2025-11-20 23:24:08] [SUCCESS] ✅ 13-2 > Roblox Clone 13-2: Fixed in 1.7s
[2025-11-20 23:24:08] [SUCCESS] ✅ 13-2 > Roblox Clone 13-2: Fixed in 1.8s
[2025-11-20 23:24:08] [SUCCESS] ✅ 13-2 > Roblox Clone 13-2: Fixed in 1.7s
[2025-11-20 23:24:08] [SUCCESS] ✅ 13-2 > Roblox Clone 13-2: Fixed in 1.7s
[2025-11-20 23:24:11] [WARNING] ⚠️  kesatu > Roblox Clone kesatu: CRASH detected
[2025-11-20 23:24:11] [WARNING]    Details: Process not found (confidence: 90%)
[2025-11-20 23:24:12] [WARNING] ⚠️  kesatu > Roblox Clone kesatu: CRASH detected
[2025-11-20 23:24:12] [WARNING]    Details: Process not found (confidence: 90%)
[2025-11-20 23:24:12] [SUCCESS] ✅ kesatu > Roblox Clone kesatu: Fixed in 1.4s
[2025-11-20 23:24:12] [WARNING] ⚠️  kesatu > Roblox Clone kesatu: CRASH detected
[2025-11-20 23:24:12] [WARNING]    Details: Process not found (confidence: 90%)
[2025-11-20 23:24:13] [SUCCESS] ✅ kesatu > Roblox Clone kesatu: Fixed in 1.4s
[2025-11-20 23:24:13] [WARNING] ⚠️  kesatu > Roblox Clone kesatu: CRASH detected
[2025-11-20 23:24:13] [WARNING]    Details: Process not found (confidence: 90%)
[2025-11-20 23:24:14] [SUCCESS] ✅ kesatu > Roblox Clone kesatu: Fixed in 1.8s
[2025-11-20 23:24:15] [SUCCESS] ✅ kesatu > Roblox Clone kesatu: Fixed in 1.6s
[2025-11-20 23:24:15] [WARNING] ⚠️  kesatu > Roblox Clone kesatu: CRASH detected
[2025-11-20 23:24:15] [WARNING]    Details: Process not found (confidence: 90%)
[2025-11-20 23:24:16] [WARNING] ⚠️  kesatu > Roblox Clone kesatu: CRASH detected
[2025-11-20 23:24:16] [WARNING]    Details: Process not found (confidence: 90%)
[2025-11-20 23:24:16] [WARNING] ⚠️  kesatu > Roblox Clone kesatu: CRASH detected
[2025-11-20 23:24:16] [WARNING]    Details: Process not found (confidence: 90%)
[2025-11-20 23:24:16] [WARNING] ⚠️  kesatu > Roblox Clone kesatu: CRASH detected
[2025-11-20 23:24:16] [WARNING]    Details: Process not found (confidence: 90%)
[2025-11-20 23:24:16] [WARNING] ⚠️  kesatu > Roblox Clone kesatu: CRASH detected
[2025-11-20 23:24:16] [WARNING]    Details: Process not found (confidence: 90%)
[2025-11-20 23:24:16] [WARNING] ⚠️  kesatu > Roblox Clone kesatu: CRASH detected
[2025-11-20 23:24:16] [WARNING]    Details: Process not found (confidence: 90%)
[2025-11-20 23:24:16] [SUCCESS] ✅ kesatu > Roblox Clone kesatu: Fixed in 1.0s
[2025-11-20 23:24:17] [SUCCESS] ✅ kesatu > Roblox Clone kesatu: Fixed in 1.3s
[2025-11-20 23:24:18] [SUCCESS] ✅ kesatu > Roblox Clone kesatu: Fixed in 1.3s
[2025-11-20 23:24:18] [SUCCESS] ✅ kesatu > Roblox Clone kesatu: Fixed in 1.2s
[2025-11-20 23:24:18] [SUCCESS] ✅ kesatu > Roblox Clone kesatu: Fixed in 1.3s
[2025-11-20 23:24:18] [SUCCESS] ✅ kesatu > Roblox Clone kesatu: Fixed in 1.3s
[2025-11-20 23:24:24] [WARNING] ⚠️  ampunbg > Roblox Clone ampunbg: CRASH detected
[2025-11-20 23:24:24] [WARNING]    Details: Process not found (confidence: 90%)
[2025-11-20 23:24:26] [WARNING] ⚠️  ampunbg > Roblox Clone ampunbg: CRASH detected
[2025-11-20 23:24:26] [WARNING]    Details: Process not found (confidence: 90%)
[2025-11-20 23:24:27] [SUCCESS] ✅ ampunbg > Roblox Clone ampunbg: Fixed in 1.4s
[2025-11-20 23:24:27] [SUCCESS] ✅ ampunbg > Roblox Clone ampunbg: Fixed in 3.0s
[2025-11-20 23:24:27] [WARNING] ⚠️  ampunbg > Roblox Clone ampunbg: CRASH detected
[2025-11-20 23:24:27] [WARNING]    Details: API check failed (confidence: 50%)
[2025-11-20 23:24:27] [WARNING] ⚠️  ampunbg > Roblox Clone ampunbg: CRASH detected
[2025-11-20 23:24:27] [WARNING]    Details: API check failed (confidence: 50%)
[2025-11-20 23:24:28] [WARNING] ⚠️  ampunbg > Roblox Clone ampunbg: CRASH detected
[2025-11-20 23:24:28] [WARNING]    Details: Process not found (confidence: 90%)
[2025-11-20 23:24:33] [ERROR] ❌ ampunbg > Roblox Clone ampunbg: Fix failed - Unknown error
[2025-11-20 23:24:34] [WARNING] ⚠️  ampunbg > Roblox Clone ampunbg: CRASH detected
[2025-11-20 23:24:34] [WARNING]    Details: Process not found (confidence: 90%)
[2025-11-20 23:24:38] [WARNING] ⚠️  ampunbg > Roblox Clone ampunbg: CRASH detected
[2025-11-20 23:24:38] [WARNING]    Details: Process not found (confidence: 90%)
[2025-11-20 23:24:39] [WARNING]    → Device not responding to ADB (CRITICAL)
[2025-11-20 23:24:39] [WARNING] ⚠️  zetsto: DEVICE HANG detected (critical)
[2025-11-20 23:24:39] [WARNING] 🔄 Attempting device recovery for zetsto
[2025-11-20 23:24:39] [WARNING] 🔄 Attempting device recovery...
[2025-11-20 23:24:39] [ERROR] ❌ ampunbg > Roblox Clone ampunbg: Fix failed - Unknown error
[2025-11-20 23:24:41] [SUCCESS] ✅ ampunbg > Roblox Clone ampunbg: Fixed in 3.0s
[2025-11-20 23:24:45] [WARNING]    → Device not responding to ADB (CRITICAL)
[2025-11-20 23:24:45] [WARNING] ⚠️  zetsto: DEVICE HANG detected (critical)
[2025-11-20 23:24:45] [WARNING] 🔄 Attempting device recovery for zetsto
[2025-11-20 23:24:45] [WARNING] 🔄 Attempting device recovery...
[2025-11-20 23:24:46] [WARNING]    → Device not responding to ADB (CRITICAL)
[2025-11-20 23:24:46] [WARNING] ⚠️  zetsto: DEVICE HANG detected (critical)
[2025-11-20 23:24:46] [WARNING] 🔄 Attempting device recovery for zetsto
[2025-11-20 23:24:46] [WARNING] 🔄 Attempting device recovery...
[2025-11-20 23:24:47] [WARNING] ⚠️  ampunbg > Roblox Clone ampunbg: CRASH detected
[2025-11-20 23:24:47] [WARNING]    Details: Process not found (confidence: 90%)
[2025-11-20 23:24:47] [WARNING] ⚠️  ampunbg > Roblox Clone ampunbg: CRASH detected
[2025-11-20 23:24:47] [WARNING]    Details: Process not found (confidence: 90%)
[2025-11-20 23:24:47] [SUCCESS] ✅ ampunbg > Roblox Clone ampunbg: Fixed in 19.8s
[2025-11-20 23:24:47] [SUCCESS] ✅ ampunbg > Roblox Clone ampunbg: Fixed in 19.8s
[2025-11-20 23:24:48] [WARNING] ⚠️  ampunbg > Roblox Clone ampunbg: CRASH detected
[2025-11-20 23:24:48] [WARNING]    Details: Process not found (confidence: 90%)
[2025-11-20 23:24:50] [SUCCESS] ✅ ampunbg > Roblox Clone ampunbg: Fixed in 1.5s
[2025-11-20 23:24:53] [ERROR] ❌ ampunbg > Roblox Clone ampunbg: Fix failed - Unknown error
[2025-11-20 23:24:53] [WARNING]    → Device not responding to ADB (CRITICAL)
[2025-11-20 23:24:53] [WARNING] ⚠️  zetsto: DEVICE HANG detected (critical)
[2025-11-20 23:24:53] [WARNING] 🔄 Attempting device recovery for zetsto
[2025-11-20 23:24:53] [WARNING] 🔄 Attempting device recovery...
[2025-11-20 23:24:53] [WARNING]    → Device not responding to ADB (CRITICAL)
[2025-11-20 23:24:53] [WARNING] ⚠️  zetsto: DEVICE HANG detected (critical)
[2025-11-20 23:24:53] [WARNING] 🔄 Attempting device recovery for zetsto
[2025-11-20 23:24:53] [WARNING] 🔄 Attempting device recovery...
[2025-11-20 23:24:54] [WARNING] ⚠️  zetsto > Roblox Clone zetsto: CRASH detected
[2025-11-20 23:24:54] [WARNING]    Details: Process not found (confidence: 90%)
[2025-11-20 23:24:56] [WARNING]    → Device not responding to ADB (CRITICAL)
[2025-11-20 23:24:56] [WARNING] ⚠️  zetsto: DEVICE HANG detected (critical)
[2025-11-20 23:24:56] [WARNING] 🔄 Attempting device recovery for zetsto
[2025-11-20 23:24:56] [WARNING] 🔄 Attempting device recovery...
[2025-11-20 23:24:56] [WARNING] ⚠️  zetsto > Roblox Clone zetsto: CRASH detected
[2025-11-20 23:24:56] [WARNING]    Details: Process not found (confidence: 90%)
[2025-11-20 23:24:57] [SUCCESS] ✅ zetsto > Roblox Clone zetsto: Fixed in 2.4s
[2025-11-20 23:24:57] [SUCCESS] ✅ zetsto > Roblox Clone zetsto: Fixed in 1.3s
[2025-11-20 23:24:57] [WARNING]    → Device not responding to ADB (CRITICAL)
[2025-11-20 23:24:57] [WARNING] ⚠️  ap 1-3,10 z4-9: DEVICE HANG detected (critical)
[2025-11-20 23:24:57] [WARNING] 🔄 Attempting device recovery for ap 1-3,10 z4-9
[2025-11-20 23:24:57] [WARNING] 🔄 Attempting device recovery...
[2025-11-20 23:24:59] [SUCCESS] ✅ Device recovery completed
[2025-11-20 23:25:00] [SUCCESS] ✅ Device recovery completed
[2025-11-20 23:25:01] [SUCCESS] ✅ Device recovery completed
[2025-11-20 23:25:04] [SUCCESS] ✅ ampunbg > Roblox Clone ampunbg: Fixed in 16.9s
[2025-11-20 23:25:04] [WARNING]    → Device not responding to ADB (CRITICAL)
[2025-11-20 23:25:04] [WARNING] ⚠️  ap 1-3,10 z4-9: DEVICE HANG detected (critical)
[2025-11-20 23:25:04] [WARNING] 🔄 Attempting device recovery for ap 1-3,10 z4-9
[2025-11-20 23:25:04] [WARNING] 🔄 Attempting device recovery...
[2025-11-20 23:25:04] [SUCCESS] ✅ Device recovery completed
[2025-11-20 23:25:06] [SUCCESS] ✅ Device recovery completed
[2025-11-20 23:25:06] [SUCCESS] ✅ Device recovery completed
[2025-11-20 23:25:06] [SUCCESS] ✅ Device recovery completed
[2025-11-20 23:25:07] [WARNING] ⚠️  zetsto > Roblox Clone zetsto: CRASH detected
[2025-11-20 23:25:07] [WARNING]    Details: Process not found (confidence: 90%)
[2025-11-20 23:25:09] [WARNING]    → Device responding VERY slowly (16.5s)
[2025-11-20 23:25:09] [WARNING] ⚠️  zetsto: DEVICE HANG detected (severe)
[2025-11-20 23:25:09] [WARNING] 🔄 Attempting device recovery for zetsto
[2025-11-20 23:25:09] [WARNING] 🔄 Attempting device recovery...
[2025-11-20 23:25:09] [WARNING]    → Device not responding to ADB (CRITICAL)
[2025-11-20 23:25:09] [WARNING] ⚠️  ap 1-3,10 z4-9: DEVICE HANG detected (critical)
[2025-11-20 23:25:09] [WARNING] 🔄 Attempting device recovery for ap 1-3,10 z4-9
[2025-11-20 23:25:09] [WARNING] 🔄 Attempting device recovery...
[2025-11-20 23:25:10] [SUCCESS] ✅ zetsto > Roblox Clone zetsto: Fixed in 2.6s
[2025-11-20 23:25:10] [WARNING]    → Device not responding to ADB (CRITICAL)
[2025-11-20 23:25:10] [WARNING] ⚠️  ap 1-3,10 z4-9: DEVICE HANG detected (critical)
[2025-11-20 23:25:10] [WARNING] 🔄 Attempting device recovery for ap 1-3,10 z4-9
[2025-11-20 23:25:10] [WARNING] 🔄 Attempting device recovery...
[2025-11-20 23:25:10] [WARNING]    → Device not responding to ADB (CRITICAL)
[2025-11-20 23:25:10] [WARNING] ⚠️  ap 1-3,10 z4-9: DEVICE HANG detected (critical)
[2025-11-20 23:25:10] [WARNING] 🔄 Attempting device recovery for ap 1-3,10 z4-9
[2025-11-20 23:25:10] [WARNING] 🔄 Attempting device recovery...
[2025-11-20 23:25:11] [SUCCESS] ✅ Device recovery completed
[2025-11-20 23:25:11] [WARNING]    → Device not responding to ADB (CRITICAL)
[2025-11-20 23:25:11] [WARNING] ⚠️  ap 1-3,10 z4-9: DEVICE HANG detected (critical)
[2025-11-20 23:25:11] [WARNING] 🔄 Attempting device recovery for ap 1-3,10 z4-9
[2025-11-20 23:25:11] [WARNING] 🔄 Attempting device recovery...
[2025-11-20 23:25:15] [WARNING]    → Device not responding to ADB (CRITICAL)
[2025-11-20 23:25:15] [WARNING] ⚠️  ap 1-3,10 z4-9: DEVICE HANG detected (critical)
[2025-11-20 23:25:15] [WARNING] 🔄 Attempting device recovery for ap 1-3,10 z4-9
[2025-11-20 23:25:15] [WARNING] 🔄 Attempting device recovery...
[2025-11-20 23:25:16] [SUCCESS] ✅ Device recovery completed
[2025-11-20 23:25:17] [WARNING]    → Device not responding to ADB (CRITICAL)
[2025-11-20 23:25:17] [WARNING] ⚠️  ap 1-3,10 z4-9: DEVICE HANG detected (critical)
[2025-11-20 23:25:17] [WARNING] 🔄 Attempting device recovery for ap 1-3,10 z4-9
[2025-11-20 23:25:17] [WARNING] 🔄 Attempting device recovery...
[2025-11-20 23:25:17] [SUCCESS] ✅ Device recovery completed
[2025-11-20 23:25:17] [WARNING]    → Device not responding to ADB (CRITICAL)
[2025-11-20 23:25:17] [WARNING] ⚠️  ap 1-3,10 z4-9: DEVICE HANG detected (critical)
[2025-11-20 23:25:17] [WARNING] 🔄 Attempting device recovery for ap 1-3,10 z4-9
[2025-11-20 23:25:17] [WARNING] 🔄 Attempting device recovery...
[2025-11-20 23:25:17] [WARNING]    → Device not responding to ADB (CRITICAL)
[2025-11-20 23:25:17] [WARNING] ⚠️  ap 1-3,10 z4-9: DEVICE HANG detected (critical)
[2025-11-20 23:25:17] [WARNING] 🔄 Attempting device recovery for ap 1-3,10 z4-9
[2025-11-20 23:25:17] [WARNING] 🔄 Attempting device recovery...
[2025-11-20 23:25:17] [SUCCESS] ✅ Device recovery completed
[2025-11-20 23:25:18] [SUCCESS] ✅ Device recovery completed
[2025-11-20 23:25:18] [SUCCESS] ✅ Device recovery completed
[2025-11-20 23:25:21] [SUCCESS] ✅ Device recovery completed
[2025-11-20 23:25:23] [SUCCESS] ✅ Device recovery completed
[2025-11-20 23:25:24] [SUCCESS] ✅ Device recovery completed
[2025-11-20 23:25:24] [SUCCESS] ✅ Device recovery completed
[2025-11-20 23:25:31] [WARNING] ⚠️  73-1 > Roblox Clone 73-1: CRASH detected
[2025-11-20 23:25:31] [WARNING]    Details: Process not found (confidence: 90%)
[2025-11-20 23:25:33] [SUCCESS] ✅ 73-1 > Roblox Clone 73-1: Fixed in 2.1s
[2025-11-20 23:25:37] [WARNING] ⚠️  73-1 > Roblox Clone 73-1: CRASH detected
[2025-11-20 23:25:37] [WARNING]    Details: Process not found (confidence: 90%)
[2025-11-20 23:25:38] [WARNING] ⚠️  73-1 > Roblox Clone 73-1: CRASH detected
[2025-11-20 23:25:38] [WARNING]    Details: Process not found (confidence: 90%)
[2025-11-20 23:25:38] [WARNING] ⚠️  73-1 > Roblox Clone 73-1: CRASH detected
[2025-11-20 23:25:38] [WARNING]    Details: Process not found (confidence: 90%)
[2025-11-20 23:25:39] [SUCCESS] ✅ 73-1 > Roblox Clone 73-1: Fixed in 1.9s
[2025-11-20 23:25:39] [WARNING] ⚠️  73-1 > Roblox Clone 73-1: CRASH detected
[2025-11-20 23:25:39] [WARNING]    Details: Process not found (confidence: 90%)
[2025-11-20 23:25:40] [SUCCESS] ✅ 73-1 > Roblox Clone 73-1: Fixed in 2.1s
[2025-11-20 23:25:40] [WARNING] ⚠️  73-1 > Roblox Clone 73-1: CRASH detected
[2025-11-20 23:25:40] [WARNING]    Details: Process not found (confidence: 90%)
[2025-11-20 23:25:40] [SUCCESS] ✅ 73-1 > Roblox Clone 73-1: Fixed in 2.4s
[2025-11-20 23:25:41] [SUCCESS] ✅ 73-1 > Roblox Clone 73-1: Fixed in 1.9s
[2025-11-20 23:25:42] [SUCCESS] ✅ 73-1 > Roblox Clone 73-1: Fixed in 1.9s
[2025-11-20 23:25:42] [WARNING] ⚠️  73-1 > Roblox Clone 73-1: CRASH detected
[2025-11-20 23:25:42] [WARNING]    Details: Process not found (confidence: 90%)
[2025-11-20 23:25:43] [WARNING] ⚠️  73-1 > Roblox Clone 73-1: CRASH detected
[2025-11-20 23:25:43] [WARNING]    Details: Process not found (confidence: 90%)
[2025-11-20 23:25:44] [WARNING] ⚠️  73-1 > Roblox Clone 73-1: CRASH detected
[2025-11-20 23:25:44] [WARNING]    Details: Process not found (confidence: 90%)
[2025-11-20 23:25:44] [SUCCESS] ✅ 73-1 > Roblox Clone 73-1: Fixed in 1.7s
[2025-11-20 23:25:44] [WARNING] ⚠️  73-1 > Roblox Clone 73-1: CRASH detected
[2025-11-20 23:25:44] [WARNING]    Details: Process not found (confidence: 90%)
[2025-11-20 23:25:45] [SUCCESS] ✅ 73-1 > Roblox Clone 73-1: Fixed in 1.3s
[2025-11-20 23:25:46] [SUCCESS] ✅ 73-1 > Roblox Clone 73-1: Fixed in 1.7s
[2025-11-20 23:25:46] [SUCCESS] ✅ 73-1 > Roblox Clone 73-1: Fixed in 2.3s
[2025-11-20 23:25:46] [INFO] 
────────────────────────────────────────────────────────────
[2025-11-20 23:25:46] [INFO] ✅ Cycle Complete (168.1s)
[2025-11-20 23:25:46] [INFO]    Healthy: 0
[2025-11-20 23:25:46] [SUCCESS]    Fixed: 50
[2025-11-20 23:25:46] [INFO]    Issues: 50 crash
[2025-11-20 23:25:46] [INFO] 
   Detection Details:
[2025-11-20 23:25:46] [INFO]       • 33 - 2 > Roblox Clone 33-2: crash via process_check (90%)
[2025-11-20 23:25:46] [INFO]       • 33 - 2 > Roblox Clone 33-2: crash via process_check (90%)
[2025-11-20 23:25:46] [INFO]       • 33 - 2 > Roblox Clone 33-2: crash via process_check (90%)
[2025-11-20 23:25:46] [INFO]       • 33 - 2 > Roblox Clone 33-2: crash via process_check (90%)
[2025-11-20 23:25:46] [INFO]       • 33 - 2 > Roblox Clone 33-2: crash via process_check (90%)
[2025-11-20 23:25:46] [WARNING]    ⚠️  Failed to fix: 3
[2025-11-20 23:25:46] [INFO] ────────────────────────────────────────────────────────────
[2025-11-20 23:25:46] [INFO] 
💤 Waiting 30s for next cycle...
[2025-11-20 23:26:16] [INFO] 
🔍 Starting check cycle for 80 clones...
[2025-11-20 23:26:23] [WARNING]    → Device not responding to ADB (CRITICAL)
[2025-11-20 23:26:23] [WARNING] ⚠️  33 - 1: DEVICE HANG detected (critical)
[2025-11-20 23:26:23] [WARNING] 🔄 Attempting device recovery for 33 - 1
[2025-11-20 23:26:23] [WARNING] 🔄 Attempting device recovery...
[2025-11-20 23:26:23] [WARNING]    → Device not responding to ADB (CRITICAL)
[2025-11-20 23:26:23] [WARNING] ⚠️  33 - 1: DEVICE HANG detected (critical)
[2025-11-20 23:26:23] [WARNING] 🔄 Attempting device recovery for 33 - 1
[2025-11-20 23:26:23] [WARNING] 🔄 Attempting device recovery...
[2025-11-20 23:26:23] [WARNING]    → Device not responding to ADB (CRITICAL)
[2025-11-20 23:26:23] [WARNING] ⚠️  33 - 1: DEVICE HANG detected (critical)
[2025-11-20 23:26:23] [WARNING] 🔄 Attempting device recovery for 33 - 1
[2025-11-20 23:26:23] [WARNING] 🔄 Attempting device recovery...
[2025-11-20 23:26:23] [WARNING]    → Device not responding to ADB (CRITICAL)
[2025-11-20 23:26:23] [WARNING] ⚠️  33 - 1: DEVICE HANG detected (critical)
[2025-11-20 23:26:23] [WARNING]    → Device not responding to ADB (CRITICAL)
[2025-11-20 23:26:23] [WARNING] ⚠️  33 - 1: DEVICE HANG detected (critical)
[2025-11-20 23:26:23] [WARNING] 🔄 Attempting device recovery for 33 - 1
[2025-11-20 23:26:23] [WARNING] 🔄 Attempting device recovery for 33 - 1
[2025-11-20 23:26:23] [WARNING] 🔄 Attempting device recovery...
[2025-11-20 23:26:23] [WARNING] 🔄 Attempting device recovery...
[2025-11-20 23:26:23] [WARNING]    → Device not responding to ADB (CRITICAL)
[2025-11-20 23:26:23] [WARNING] ⚠️  33 - 1: DEVICE HANG detected (critical)
[2025-11-20 23:26:23] [WARNING] 🔄 Attempting device recovery for 33 - 1
[2025-11-20 23:26:23] [WARNING] 🔄 Attempting device recovery...
[2025-11-20 23:26:23] [WARNING]    → Device not responding to ADB (CRITICAL)
[2025-11-20 23:26:23] [WARNING] ⚠️  33 - 1: DEVICE HANG detected (critical)
[2025-11-20 23:26:23] [WARNING] 🔄 Attempting device recovery for 33 - 1
[2025-11-20 23:26:23] [WARNING] 🔄 Attempting device recovery...
[2025-11-20 23:26:23] [WARNING]    → Device not responding to ADB (CRITICAL)
[2025-11-20 23:26:23] [WARNING] ⚠️  33 - 1: DEVICE HANG detected (critical)
[2025-11-20 23:26:23] [WARNING] 🔄 Attempting device recovery for 33 - 1
[2025-11-20 23:26:23] [WARNING] 🔄 Attempting device recovery...
[2025-11-20 23:26:23] [WARNING]    → Device not responding to ADB (CRITICAL)
[2025-11-20 23:26:23] [WARNING] ⚠️  33 - 1: DEVICE HANG detected (critical)
[2025-11-20 23:26:23] [WARNING] 🔄 Attempting device recovery for 33 - 1
[2025-11-20 23:26:23] [WARNING] 🔄 Attempting device recovery...
[2025-11-20 23:26:23] [WARNING]    → Device not responding to ADB (CRITICAL)
[2025-11-20 23:26:23] [WARNING] ⚠️  33 - 1: DEVICE HANG detected (critical)
[2025-11-20 23:26:23] [WARNING] 🔄 Attempting device recovery for 33 - 1
[2025-11-20 23:26:23] [WARNING] 🔄 Attempting device recovery...
[2025-11-20 23:26:52] [SUCCESS] ✅ Device recovery completed
[2025-11-20 23:26:53] [SUCCESS] ✅ Device recovery completed
[2025-11-20 23:26:53] [SUCCESS] ✅ Device recovery completed
[2025-11-20 23:26:53] [SUCCESS] ✅ Device recovery completed
[2025-11-20 23:26:53] [SUCCESS] ✅ Device recovery completed
[2025-11-20 23:26:53] [SUCCESS] ✅ Device recovery completed
[2025-11-20 23:26:53] [SUCCESS] ✅ Device recovery completed
[2025-11-20 23:26:53] [SUCCESS] ✅ Device recovery completed
[2025-11-20 23:26:53] [SUCCESS] ✅ Device recovery completed
[2025-11-20 23:26:53] [SUCCESS] ✅ Device recovery completed
[2025-11-20 23:27:12] [WARNING] ⚠️  33 - 2 > Roblox Clone 33-2: CRASH detected
[2025-11-20 23:27:12] [WARNING]    Details: Process not found (confidence: 90%)
[2025-11-20 23:27:12] [WARNING] ⚠️  33 - 2 > Roblox Clone 33-2: CRASH detected
[2025-11-20 23:27:12] [WARNING]    Details: Process not found (confidence: 90%)
[2025-11-20 23:27:12] [WARNING] ⚠️  33 - 2 > Roblox Clone 33-2: CRASH detected
[2025-11-20 23:27:12] [WARNING]    Details: Process not found (confidence: 90%)
[2025-11-20 23:27:13] [WARNING] ⚠️  33 - 2 > Roblox Clone 33-2: CRASH detected
[2025-11-20 23:27:13] [WARNING]    Details: Process not found (confidence: 90%)
[2025-11-20 23:27:13] [WARNING] ⚠️  33 - 2 > Roblox Clone 33-2: CRASH detected
[2025-11-20 23:27:13] [WARNING]    Details: Process not found (confidence: 90%)
[2025-11-20 23:27:13] [WARNING] ⚠️  33 - 2 > Roblox Clone 33-2: CRASH detected
[2025-11-20 23:27:13] [WARNING]    Details: Process not found (confidence: 90%)
[2025-11-20 23:27:14] [SUCCESS] ✅ 33 - 2 > Roblox Clone 33-2: Fixed in 1.5s
[2025-11-20 23:27:14] [WARNING] ⚠️  33 - 2 > Roblox Clone 33-2: CRASH detected
[2025-11-20 23:27:14] [WARNING]    Details: Process not found (confidence: 90%)
[2025-11-20 23:27:14] [WARNING] ⚠️  33 - 2 > Roblox Clone 33-2: CRASH detected
[2025-11-20 23:27:14] [WARNING]    Details: Process not found (confidence: 90%)
[2025-11-20 23:27:14] [WARNING] ⚠️  33 - 2 > Roblox Clone 33-2: CRASH detected
[2025-11-20 23:27:14] [WARNING]    Details: Process not found (confidence: 90%)
[2025-11-20 23:27:14] [WARNING] ⚠️  33 - 2 > Roblox Clone 33-2: CRASH detected
[2025-11-20 23:27:14] [WARNING]    Details: Process not found (confidence: 90%)
[2025-11-20 23:27:14] [SUCCESS] ✅ 33 - 2 > Roblox Clone 33-2: Fixed in 2.1s
[2025-11-20 23:27:15] [SUCCESS] ✅ 33 - 2 > Roblox Clone 33-2: Fixed in 2.1s
[2025-11-20 23:27:15] [SUCCESS] ✅ 33 - 2 > Roblox Clone 33-2: Fixed in 2.6s
[2025-11-20 23:27:15] [SUCCESS] ✅ 33 - 2 > Roblox Clone 33-2: Fixed in 2.3s
[2025-11-20 23:27:16] [SUCCESS] ✅ 33 - 2 > Roblox Clone 33-2: Fixed in 1.5s
[2025-11-20 23:27:16] [SUCCESS] ✅ 33 - 2 > Roblox Clone 33-2: Fixed in 2.6s
[2025-11-20 23:27:16] [SUCCESS] ✅ 33 - 2 > Roblox Clone 33-2: Fixed in 1.5s
[2025-11-20 23:27:16] [SUCCESS] ✅ 33 - 2 > Roblox Clone 33-2: Fixed in 2.0s
[2025-11-20 23:27:16] [SUCCESS] ✅ 33 - 2 > Roblox Clone 33-2: Fixed in 2.0s
[2025-11-20 23:27:21] [WARNING] ⚠️  13-2 > Roblox Clone 13-2: CRASH detected
[2025-11-20 23:27:21] [WARNING]    Details: Process not found (confidence: 90%)
[2025-11-20 23:27:22] [WARNING] ⚠️  13-2 > Roblox Clone 13-2: CRASH detected
[2025-11-20 23:27:22] [WARNING]    Details: Process not found (confidence: 90%)
[2025-11-20 23:27:23] [SUCCESS] ✅ 13-2 > Roblox Clone 13-2: Fixed in 2.1s
[2025-11-20 23:27:23] [WARNING] ⚠️  13-2 > Roblox Clone 13-2: CRASH detected
[2025-11-20 23:27:23] [WARNING]    Details: Process not found (confidence: 90%)
[2025-11-20 23:27:24] [SUCCESS] ✅ 13-2 > Roblox Clone 13-2: Fixed in 1.3s
[2025-11-20 23:27:24] [WARNING] ⚠️  13-2 > Roblox Clone 13-2: CRASH detected
[2025-11-20 23:27:24] [WARNING]    Details: Process not found (confidence: 90%)
[2025-11-20 23:27:24] [WARNING] ⚠️  13-2 > Roblox Clone 13-2: CRASH detected
[2025-11-20 23:27:24] [WARNING]    Details: Process not found (confidence: 90%)
[2025-11-20 23:27:25] [WARNING] ⚠️  13-2 > Roblox Clone 13-2: CRASH detected
[2025-11-20 23:27:25] [WARNING]    Details: Process not found (confidence: 90%)
[2025-11-20 23:27:25] [WARNING] ⚠️  13-2 > Roblox Clone 13-2: CRASH detected
[2025-11-20 23:27:25] [WARNING]    Details: Process not found (confidence: 90%)
[2025-11-20 23:27:25] [WARNING] ⚠️  13-2 > Roblox Clone 13-2: CRASH detected
[2025-11-20 23:27:25] [WARNING]    Details: Process not found (confidence: 90%)
[2025-11-20 23:27:26] [SUCCESS] ✅ 13-2 > Roblox Clone 13-2: Fixed in 1.9s
[2025-11-20 23:27:26] [SUCCESS] ✅ 13-2 > Roblox Clone 13-2: Fixed in 2.4s
[2025-11-20 23:27:26] [SUCCESS] ✅ 13-2 > Roblox Clone 13-2: Fixed in 1.9s
[2025-11-20 23:27:26] [SUCCESS] ✅ 13-2 > Roblox Clone 13-2: Fixed in 1.4s
[2025-11-20 23:27:26] [SUCCESS] ✅ 13-2 > Roblox Clone 13-2: Fixed in 1.4s
[2025-11-20 23:27:27] [WARNING] ⚠️  13-2 > Roblox Clone 13-2: CRASH detected
[2025-11-20 23:27:27] [WARNING]    Details: Process not found (confidence: 90%)
[2025-11-20 23:27:27] [SUCCESS] ✅ 13-2 > Roblox Clone 13-2: Fixed in 1.6s
[2025-11-20 23:27:27] [WARNING] ⚠️  13-2 > Roblox Clone 13-2: CRASH detected
[2025-11-20 23:27:27] [WARNING]    Details: Process not found (confidence: 90%)
[2025-11-20 23:27:28] [SUCCESS] ✅ 13-2 > Roblox Clone 13-2: Fixed in 1.4s
[2025-11-20 23:27:29] [SUCCESS] ✅ 13-2 > Roblox Clone 13-2: Fixed in 1.4s
[2025-11-20 23:27:32] [WARNING] ⚠️  kesatu > Roblox Clone kesatu: CRASH detected
[2025-11-20 23:27:32] [WARNING]    Details: Process not found (confidence: 90%)
[2025-11-20 23:27:33] [WARNING] ⚠️  kesatu > Roblox Clone kesatu: CRASH detected
[2025-11-20 23:27:33] [WARNING]    Details: Process not found (confidence: 90%)
[2025-11-20 23:27:33] [SUCCESS] ✅ kesatu > Roblox Clone kesatu: Fixed in 1.6s
[2025-11-20 23:27:34] [SUCCESS] ✅ kesatu > Roblox Clone kesatu: Fixed in 1.3s
[2025-11-20 23:27:35] [WARNING] ⚠️  kesatu > Roblox Clone kesatu: CRASH detected
[2025-11-20 23:27:35] [WARNING]    Details: Process not found (confidence: 90%)
[2025-11-20 23:27:35] [WARNING] ⚠️  kesatu > Roblox Clone kesatu: CRASH detected
[2025-11-20 23:27:35] [WARNING]    Details: Process not found (confidence: 90%)
[2025-11-20 23:27:35] [WARNING] ⚠️  kesatu > Roblox Clone kesatu: CRASH detected
[2025-11-20 23:27:35] [WARNING]    Details: Process not found (confidence: 90%)
[2025-11-20 23:27:35] [WARNING] ⚠️  kesatu > Roblox Clone kesatu: CRASH detected
[2025-11-20 23:27:35] [WARNING]    Details: Process not found (confidence: 90%)
[2025-11-20 23:27:35] [WARNING] ⚠️  kesatu > Roblox Clone kesatu: CRASH detected
[2025-11-20 23:27:35] [WARNING]    Details: Process not found (confidence: 90%)
[2025-11-20 23:27:35] [WARNING] ⚠️  kesatu > Roblox Clone kesatu: CRASH detected
[2025-11-20 23:27:35] [WARNING]    Details: Process not found (confidence: 90%)
[2025-11-20 23:27:36] [SUCCESS] ✅ kesatu > Roblox Clone kesatu: Fixed in 1.5s
[2025-11-20 23:27:36] [SUCCESS] ✅ kesatu > Roblox Clone kesatu: Fixed in 1.6s
[2025-11-20 23:27:36] [SUCCESS] ✅ kesatu > Roblox Clone kesatu: Fixed in 1.5s
[2025-11-20 23:27:36] [SUCCESS] ✅ kesatu > Roblox Clone kesatu: Fixed in 1.5s
[2025-11-20 23:27:37] [SUCCESS] ✅ kesatu > Roblox Clone kesatu: Fixed in 1.5s
[2025-11-20 23:27:37] [SUCCESS] ✅ kesatu > Roblox Clone kesatu: Fixed in 1.5s
[2025-11-20 23:27:38] [WARNING] ⚠️  kesatu > Roblox Clone kesatu: CRASH detected
[2025-11-20 23:27:38] [WARNING]    Details: Process not found (confidence: 90%)
[2025-11-20 23:27:39] [SUCCESS] ✅ kesatu > Roblox Clone kesatu: Fixed in 1.6s
[2025-11-20 23:27:39] [WARNING] ⚠️  kesatu > Roblox Clone kesatu: CRASH detected
[2025-11-20 23:27:39] [WARNING]    Details: Process not found (confidence: 90%)
[2025-11-20 23:27:41] [SUCCESS] ✅ kesatu > Roblox Clone kesatu: Fixed in 1.5s
[2025-11-20 23:27:45] [WARNING] ⚠️  ampunbg > Roblox Clone ampunbg: CRASH detected
[2025-11-20 23:27:45] [WARNING]    Details: Process not found (confidence: 90%)
[2025-11-20 23:27:45] [WARNING] ⚠️  ampunbg > Roblox Clone ampunbg: CRASH detected
[2025-11-20 23:27:45] [WARNING]    Details: Process not found (confidence: 90%)
[2025-11-20 23:27:48] [SUCCESS] ✅ ampunbg > Roblox Clone ampunbg: Fixed in 2.4s
[2025-11-20 23:27:48] [SUCCESS] ✅ ampunbg > Roblox Clone ampunbg: Fixed in 2.9s
[2025-11-20 23:27:48] [WARNING] ⚠️  ampunbg > Roblox Clone ampunbg: CRASH detected
[2025-11-20 23:27:48] [WARNING]    Details: Process not found (confidence: 90%)
[2025-11-20 23:27:48] [WARNING] ⚠️  ampunbg > Roblox Clone ampunbg: CRASH detected
[2025-11-20 23:27:48] [WARNING]    Details: Process not found (confidence: 90%)
[2025-11-20 23:27:48] [WARNING] ⚠️  ampunbg > Roblox Clone ampunbg: CRASH detected
[2025-11-20 23:27:48] [WARNING]    Details: Process not found (confidence: 90%)
[2025-11-20 23:27:49] [WARNING] ⚠️  ampunbg > Roblox Clone ampunbg: CRASH detected
[2025-11-20 23:27:49] [WARNING]    Details: Process not found (confidence: 90%)
[2025-11-20 23:27:50] [WARNING] ⚠️  ampunbg > Roblox Clone ampunbg: CRASH detected
[2025-11-20 23:27:50] [WARNING]    Details: Process not found (confidence: 90%)
[2025-11-20 23:27:51] [WARNING] ⚠️  ampunbg > Roblox Clone ampunbg: CRASH detected
[2025-11-20 23:27:51] [WARNING]    Details: Process not found (confidence: 90%)
[2025-11-20 23:27:51] [SUCCESS] ✅ ampunbg > Roblox Clone ampunbg: Fixed in 3.1s
[2025-11-20 23:27:52] [SUCCESS] ✅ ampunbg > Roblox Clone ampunbg: Fixed in 3.0s
[2025-11-20 23:27:52] [SUCCESS] ✅ ampunbg > Roblox Clone ampunbg: Fixed in 3.0s
[2025-11-20 23:27:52] [SUCCESS] ✅ ampunbg > Roblox Clone ampunbg: Fixed in 3.6s
[2025-11-20 23:27:52] [SUCCESS] ✅ ampunbg > Roblox Clone ampunbg: Fixed in 1.8s
[2025-11-20 23:27:53] [SUCCESS] ✅ ampunbg > Roblox Clone ampunbg: Fixed in 1.9s
[2025-11-20 23:27:53] [WARNING] ⚠️  ampunbg > Roblox Clone ampunbg: CRASH detected
[2025-11-20 23:27:53] [WARNING]    Details: Process not found (confidence: 90%)
[2025-11-20 23:27:54] [WARNING] ⚠️  ampunbg > Roblox Clone ampunbg: CRASH detected
[2025-11-20 23:27:54] [WARNING]    Details: Process not found (confidence: 90%)
[2025-11-20 23:27:55] [SUCCESS] ✅ ampunbg > Roblox Clone ampunbg: Fixed in 1.5s
[2025-11-20 23:27:56] [WARNING] ⚠️  zetsto > Roblox Clone zetsto: CRASH detected
[2025-11-20 23:27:56] [WARNING]    Details: Process not found (confidence: 90%)
[2025-11-20 23:27:56] [SUCCESS] ✅ ampunbg > Roblox Clone ampunbg: Fixed in 1.9s
[2025-11-20 23:27:56] [WARNING] ⚠️  zetsto > Roblox Clone zetsto: CRASH detected
[2025-11-20 23:27:56] [WARNING]    Details: Process not found (confidence: 90%)
[2025-11-20 23:27:58] [SUCCESS] ✅ zetsto > Roblox Clone zetsto: Fixed in 1.7s
[2025-11-20 23:27:58] [SUCCESS] ✅ zetsto > Roblox Clone zetsto: Fixed in 1.8s
[2025-11-20 23:27:59] [WARNING]    → Device not responding to ADB (CRITICAL)
[2025-11-20 23:27:59] [WARNING] ⚠️  ap 1-3,10 z4-9: DEVICE HANG detected (critical)
[2025-11-20 23:27:59] [WARNING] 🔄 Attempting device recovery for ap 1-3,10 z4-9
[2025-11-20 23:27:59] [WARNING] 🔄 Attempting device recovery...
[2025-11-20 23:27:59] [WARNING]    → Device not responding to ADB (CRITICAL)
[2025-11-20 23:27:59] [WARNING] ⚠️  ap 1-3,10 z4-9: DEVICE HANG detected (critical)
[2025-11-20 23:27:59] [WARNING] 🔄 Attempting device recovery for ap 1-3,10 z4-9
[2025-11-20 23:27:59] [WARNING] 🔄 Attempting device recovery...
[2025-11-20 23:28:00] [WARNING] ⚠️  zetsto > Roblox Clone zetsto: CRASH detected
[2025-11-20 23:28:00] [WARNING]    Details: Process not found (confidence: 90%)
[2025-11-20 23:28:00] [WARNING] ⚠️  zetsto > Roblox Clone zetsto: CRASH detected
[2025-11-20 23:28:00] [WARNING]    Details: Process not found (confidence: 90%)
[2025-11-20 23:28:01] [WARNING] ⚠️  zetsto > Roblox Clone zetsto: CRASH detected
[2025-11-20 23:28:01] [WARNING]    Details: Process not found (confidence: 90%)
[2025-11-20 23:28:01] [WARNING] ⚠️  zetsto > Roblox Clone zetsto: CRASH detected
[2025-11-20 23:28:01] [WARNING]    Details: Process not found (confidence: 90%)
[2025-11-20 23:28:01] [SUCCESS] ✅ zetsto > Roblox Clone zetsto: Fixed in 1.5s
[2025-11-20 23:28:01] [WARNING] ⚠️  zetsto > Roblox Clone zetsto: CRASH detected
[2025-11-20 23:28:01] [WARNING]    Details: Process not found (confidence: 90%)
[2025-11-20 23:28:02] [SUCCESS] ✅ zetsto > Roblox Clone zetsto: Fixed in 1.9s
[2025-11-20 23:28:03] [WARNING]    → Device not responding to ADB (CRITICAL)
[2025-11-20 23:28:03] [WARNING] ⚠️  ap 1-3,10 z4-9: DEVICE HANG detected (critical)
[2025-11-20 23:28:03] [WARNING] 🔄 Attempting device recovery for ap 1-3,10 z4-9
[2025-11-20 23:28:03] [WARNING] 🔄 Attempting device recovery...
[2025-11-20 23:28:03] [WARNING] ⚠️  zetsto > Roblox Clone zetsto: CRASH detected
[2025-11-20 23:28:03] [WARNING]    Details: Process not found (confidence: 90%)
[2025-11-20 23:28:03] [WARNING]    → Device not responding to ADB (CRITICAL)
[2025-11-20 23:28:03] [WARNING] ⚠️  ap 1-3,10 z4-9: DEVICE HANG detected (critical)
[2025-11-20 23:28:03] [WARNING] 🔄 Attempting device recovery for ap 1-3,10 z4-9
[2025-11-20 23:28:03] [WARNING] 🔄 Attempting device recovery...
[2025-11-20 23:28:03] [SUCCESS] ✅ zetsto > Roblox Clone zetsto: Fixed in 1.9s
[2025-11-20 23:28:03] [SUCCESS] ✅ zetsto > Roblox Clone zetsto: Fixed in 1.7s
[2025-11-20 23:28:03] [SUCCESS] ✅ zetsto > Roblox Clone zetsto: Fixed in 1.8s
[2025-11-20 23:28:04] [WARNING]    → Device not responding to ADB (CRITICAL)
[2025-11-20 23:28:04] [WARNING] ⚠️  ap 1-3,10 z4-9: DEVICE HANG detected (critical)
[2025-11-20 23:28:04] [WARNING] 🔄 Attempting device recovery for ap 1-3,10 z4-9
[2025-11-20 23:28:04] [WARNING] 🔄 Attempting device recovery...
[2025-11-20 23:28:04] [WARNING]    → Device not responding to ADB (CRITICAL)
[2025-11-20 23:28:04] [WARNING] ⚠️  ap 1-3,10 z4-9: DEVICE HANG detected (critical)
[2025-11-20 23:28:04] [WARNING] 🔄 Attempting device recovery for ap 1-3,10 z4-9
[2025-11-20 23:28:04] [WARNING] 🔄 Attempting device recovery...
[2025-11-20 23:28:04] [WARNING]    → Device not responding to ADB (CRITICAL)
[2025-11-20 23:28:04] [WARNING] ⚠️  ap 1-3,10 z4-9: DEVICE HANG detected (critical)
[2025-11-20 23:28:04] [WARNING] 🔄 Attempting device recovery for ap 1-3,10 z4-9
[2025-11-20 23:28:04] [WARNING] 🔄 Attempting device recovery...
[2025-11-20 23:28:05] [WARNING] ⚠️  zetsto > Roblox Clone zetsto: CRASH detected
[2025-11-20 23:28:05] [WARNING]    Details: Process not found (confidence: 90%)
[2025-11-20 23:28:05] [SUCCESS] ✅ zetsto > Roblox Clone zetsto: Fixed in 2.0s
[2025-11-20 23:28:06] [WARNING] ⚠️  zetsto > Roblox Clone zetsto: CRASH detected
[2025-11-20 23:28:06] [WARNING]    Details: Process not found (confidence: 90%)
[2025-11-20 23:28:06] [WARNING]    → Device not responding to ADB (CRITICAL)
[2025-11-20 23:28:06] [WARNING] ⚠️  ap 1-3,10 z4-9: DEVICE HANG detected (critical)
[2025-11-20 23:28:06] [WARNING] 🔄 Attempting device recovery for ap 1-3,10 z4-9
[2025-11-20 23:28:06] [WARNING] 🔄 Attempting device recovery...
[2025-11-20 23:28:06] [SUCCESS] ✅ zetsto > Roblox Clone zetsto: Fixed in 1.6s
[2025-11-20 23:28:07] [WARNING]    → Device not responding to ADB (CRITICAL)
[2025-11-20 23:28:07] [WARNING] ⚠️  ap 1-3,10 z4-9: DEVICE HANG detected (critical)
[2025-11-20 23:28:07] [WARNING] 🔄 Attempting device recovery for ap 1-3,10 z4-9
[2025-11-20 23:28:07] [WARNING] 🔄 Attempting device recovery...
[2025-11-20 23:28:07] [SUCCESS] ✅ Device recovery completed
[2025-11-20 23:28:08] [SUCCESS] ✅ zetsto > Roblox Clone zetsto: Fixed in 2.0s
[2025-11-20 23:28:08] [SUCCESS] ✅ Device recovery completed
[2025-11-20 23:28:09] [WARNING]    → Device not responding to ADB (CRITICAL)
[2025-11-20 23:28:09] [WARNING] ⚠️  ap 1-3,10 z4-9: DEVICE HANG detected (critical)
[2025-11-20 23:28:09] [WARNING] 🔄 Attempting device recovery for ap 1-3,10 z4-9
[2025-11-20 23:28:09] [WARNING] 🔄 Attempting device recovery...
[2025-11-20 23:28:11] [SUCCESS] ✅ Device recovery completed
[2025-11-20 23:28:11] [SUCCESS] ✅ Device recovery completed
[2025-11-20 23:28:12] [SUCCESS] ✅ Device recovery completed
[2025-11-20 23:28:12] [SUCCESS] ✅ Device recovery completed
[2025-11-20 23:28:12] [SUCCESS] ✅ Device recovery completed
[2025-11-20 23:28:13] [SUCCESS] ✅ Device recovery completed
[2025-11-20 23:28:15] [SUCCESS] ✅ Device recovery completed
[2025-11-20 23:28:15] [SUCCESS] ✅ Device recovery completed
[2025-11-20 23:28:26] [WARNING] ⚠️  73-1 > Roblox Clone 73-1: CRASH detected
[2025-11-20 23:28:26] [WARNING]    Details: Process not found (confidence: 90%)
[2025-11-20 23:28:26] [WARNING] ⚠️  73-1 > Roblox Clone 73-1: CRASH detected
[2025-11-20 23:28:26] [WARNING]    Details: Process not found (confidence: 90%)
[2025-11-20 23:28:29] [SUCCESS] ✅ 73-1 > Roblox Clone 73-1: Fixed in 2.6s
[2025-11-20 23:28:29] [SUCCESS] ✅ 73-1 > Roblox Clone 73-1: Fixed in 2.5s
[2025-11-20 23:28:29] [WARNING] ⚠️  73-1 > Roblox Clone 73-1: CRASH detected
[2025-11-20 23:28:29] [WARNING]    Details: Process not found (confidence: 90%)
[2025-11-20 23:28:30] [WARNING] ⚠️  73-1 > Roblox Clone 73-1: CRASH detected
[2025-11-20 23:28:30] [WARNING]    Details: Process not found (confidence: 90%)
[2025-11-20 23:28:31] [SUCCESS] ✅ 73-1 > Roblox Clone 73-1: Fixed in 2.0s
[2025-11-20 23:28:32] [WARNING] ⚠️  73-1 > Roblox Clone 73-1: CRASH detected
[2025-11-20 23:28:32] [WARNING]    Details: Process not found (confidence: 90%)
[2025-11-20 23:28:32] [WARNING] ⚠️  73-1 > Roblox Clone 73-1: CRASH detected
[2025-11-20 23:28:32] [WARNING]    Details: Process not found (confidence: 90%)
[2025-11-20 23:28:32] [SUCCESS] ✅ 73-1 > Roblox Clone 73-1: Fixed in 1.5s
[2025-11-20 23:28:32] [WARNING] ⚠️  73-1 > Roblox Clone 73-1: CRASH detected
[2025-11-20 23:28:32] [WARNING]    Details: Process not found (confidence: 90%)
[2025-11-20 23:28:32] [WARNING] ⚠️  73-1 > Roblox Clone 73-1: CRASH detected
[2025-11-20 23:28:32] [WARNING]    Details: Process not found (confidence: 90%)
[2025-11-20 23:28:33] [SUCCESS] ✅ 73-1 > Roblox Clone 73-1: Fixed in 1.5s
[2025-11-20 23:28:33] [WARNING] DB Error: cannot commit - no transaction is active
[2025-11-20 23:28:33] [SUCCESS] ✅ 73-1 > Roblox Clone 73-1: Fixed in 1.5s
[2025-11-20 23:28:33] [SUCCESS] ✅ 73-1 > Roblox Clone 73-1: Fixed in 1.5s
[2025-11-20 23:28:34] [SUCCESS] ✅ 73-1 > Roblox Clone 73-1: Fixed in 1.5s
[2025-11-20 23:28:34] [WARNING] ⚠️  73-1 > Roblox Clone 73-1: CRASH detected
[2025-11-20 23:28:34] [WARNING]    Details: Process not found (confidence: 90%)
[2025-11-20 23:28:34] [WARNING] ⚠️  73-1 > Roblox Clone 73-1: CRASH detected
[2025-11-20 23:28:34] [WARNING]    Details: Process not found (confidence: 90%)
[2025-11-20 23:28:35] [SUCCESS] ✅ 73-1 > Roblox Clone 73-1: Fixed in 1.5s
[2025-11-20 23:28:36] [SUCCESS] ✅ 73-1 > Roblox Clone 73-1: Fixed in 1.9s
[2025-11-20 23:28:36] [INFO] 
────────────────────────────────────────────────────────────
[2025-11-20 23:28:36] [INFO] ✅ Cycle Complete (139.7s)
[2025-11-20 23:28:36] [INFO]    Healthy: 0
[2025-11-20 23:28:36] [SUCCESS]    Fixed: 60
[2025-11-20 23:28:36] [INFO]    Issues: 60 crash
[2025-11-20 23:28:36] [INFO] 
   Detection Details:
[2025-11-20 23:28:36] [INFO]       • 33 - 2 > Roblox Clone 33-2: crash via process_check (90%)
[2025-11-20 23:28:36] [INFO]       • 33 - 2 > Roblox Clone 33-2: crash via process_check (90%)
[2025-11-20 23:28:36] [INFO]       • 33 - 2 > Roblox Clone 33-2: crash via process_check (90%)
[2025-11-20 23:28:36] [INFO]       • 33 - 2 > Roblox Clone 33-2: crash via process_check (90%)
[2025-11-20 23:28:36] [INFO]       • 33 - 2 > Roblox Clone 33-2: crash via process_check (90%)
[2025-11-20 23:28:36] [INFO] ────────────────────────────────────────────────────────────
[2025-11-20 23:28:36] [INFO] 
💤 Waiting 30s for next cycle...
[2025-11-20 23:29:06] [INFO] 
🔍 Starting check cycle for 80 clones...
[2025-11-20 23:29:13] [WARNING]    → Device not responding to ADB (CRITICAL)
[2025-11-20 23:29:13] [WARNING] ⚠️  33 - 1: DEVICE HANG detected (critical)
[2025-11-20 23:29:13] [WARNING] 🔄 Attempting device recovery for 33 - 1
[2025-11-20 23:29:13] [WARNING] 🔄 Attempting device recovery...
[2025-11-20 23:29:13] [WARNING]    → Device not responding to ADB (CRITICAL)
[2025-11-20 23:29:13] [WARNING] ⚠️  33 - 1: DEVICE HANG detected (critical)
[2025-11-20 23:29:13] [WARNING] 🔄 Attempting device recovery for 33 - 1
[2025-11-20 23:29:13] [WARNING] 🔄 Attempting device recovery...
[2025-11-20 23:29:13] [WARNING]    → Device not responding to ADB (CRITICAL)
[2025-11-20 23:29:13] [WARNING]    → Device not responding to ADB (CRITICAL)
[2025-11-20 23:29:13] [WARNING]    → Device not responding to ADB (CRITICAL)
[2025-11-20 23:29:13] [WARNING] ⚠️  33 - 1: DEVICE HANG detected (critical)
[2025-11-20 23:29:13] [WARNING]    → Device not responding to ADB (CRITICAL)
[2025-11-20 23:29:13] [WARNING] ⚠️  33 - 1: DEVICE HANG detected (critical)
[2025-11-20 23:29:13] [WARNING] ⚠️  33 - 1: DEVICE HANG detected (critical)
[2025-11-20 23:29:13] [WARNING] 🔄 Attempting device recovery for 33 - 1
[2025-11-20 23:29:13] [WARNING] ⚠️  33 - 1: DEVICE HANG detected (critical)
[2025-11-20 23:29:13] [WARNING] 🔄 Attempting device recovery for 33 - 1
[2025-11-20 23:29:13] [WARNING] 🔄 Attempting device recovery for 33 - 1
[2025-11-20 23:29:13] [WARNING]    → Device not responding to ADB (CRITICAL)
[2025-11-20 23:29:13] [WARNING] 🔄 Attempting device recovery...
[2025-11-20 23:29:13] [WARNING] 🔄 Attempting device recovery for 33 - 1
[2025-11-20 23:29:13] [WARNING] 🔄 Attempting device recovery...
[2025-11-20 23:29:13] [WARNING] 🔄 Attempting device recovery...
[2025-11-20 23:29:13] [WARNING] ⚠️  33 - 1: DEVICE HANG detected (critical)
[2025-11-20 23:29:13] [WARNING] 🔄 Attempting device recovery...
[2025-11-20 23:29:13] [WARNING] 🔄 Attempting device recovery for 33 - 1
[2025-11-20 23:29:13] [WARNING] 🔄 Attempting device recovery...
[2025-11-20 23:29:13] [WARNING]    → Device not responding to ADB (CRITICAL)
[2025-11-20 23:29:13] [WARNING] ⚠️  33 - 1: DEVICE HANG detected (critical)
[2025-11-20 23:29:13] [WARNING] 🔄 Attempting device recovery for 33 - 1
[2025-11-20 23:29:13] [WARNING] 🔄 Attempting device recovery...
[2025-11-20 23:29:13] [WARNING]    → Device not responding to ADB (CRITICAL)
[2025-11-20 23:29:13] [WARNING] ⚠️  33 - 1: DEVICE HANG detected (critical)
[2025-11-20 23:29:13] [WARNING] 🔄 Attempting device recovery for 33 - 1
[2025-11-20 23:29:13] [WARNING] 🔄 Attempting device recovery...
[2025-11-20 23:29:13] [WARNING]    → Device not responding to ADB (CRITICAL)
[2025-11-20 23:29:13] [WARNING] ⚠️  33 - 1: DEVICE HANG detected (critical)
[2025-11-20 23:29:13] [WARNING] 🔄 Attempting device recovery for 33 - 1
[2025-11-20 23:29:13] [WARNING] 🔄 Attempting device recovery...
[2025-11-20 23:29:45] [SUCCESS] ✅ Device recovery completed
[2025-11-20 23:29:45] [SUCCESS] ✅ Device recovery completed
[2025-11-20 23:29:45] [SUCCESS] ✅ Device recovery completed
[2025-11-20 23:29:45] [SUCCESS] ✅ Device recovery completed
[2025-11-20 23:29:45] [SUCCESS] ✅ Device recovery completed
[2025-11-20 23:29:45] [SUCCESS] ✅ Device recovery completed
[2025-11-20 23:29:45] [SUCCESS] ✅ Device recovery completed
[2025-11-20 23:29:45] [SUCCESS] ✅ Device recovery completed
[2025-11-20 23:29:45] [SUCCESS] ✅ Device recovery completed
[2025-11-20 23:29:45] [SUCCESS] ✅ Device recovery completed
[2025-11-20 23:30:05] [WARNING] ⚠️  33 - 2 > Roblox Clone 33-2: CRASH detected
[2025-11-20 23:30:05] [WARNING]    Details: Process not found (confidence: 90%)
[2025-11-20 23:30:05] [WARNING] ⚠️  33 - 2 > Roblox Clone 33-2: CRASH detected
[2025-11-20 23:30:05] [WARNING]    Details: Process not found (confidence: 90%)
[2025-11-20 23:30:05] [WARNING] ⚠️  33 - 2 > Roblox Clone 33-2: CRASH detected
[2025-11-20 23:30:05] [WARNING]    Details: Process not found (confidence: 90%)
[2025-11-20 23:30:05] [WARNING] ⚠️  33 - 2 > Roblox Clone 33-2: CRASH detected
[2025-11-20 23:30:05] [WARNING]    Details: Process not found (confidence: 90%)
[2025-11-20 23:30:06] [WARNING] ⚠️  33 - 2 > Roblox Clone 33-2: CRASH detected
[2025-11-20 23:30:06] [WARNING]    Details: Process not found (confidence: 90%)
[2025-11-20 23:30:06] [WARNING] ⚠️  33 - 2 > Roblox Clone 33-2: CRASH detected
[2025-11-20 23:30:06] [WARNING]    Details: Process not found (confidence: 90%)
[2025-11-20 23:30:06] [WARNING] ⚠️  33 - 2 > Roblox Clone 33-2: CRASH detected
[2025-11-20 23:30:06] [WARNING]    Details: Process not found (confidence: 90%)
[2025-11-20 23:30:06] [WARNING] ⚠️  33 - 2 > Roblox Clone 33-2: CRASH detected
[2025-11-20 23:30:06] [WARNING]    Details: Process not found (confidence: 90%)
[2025-11-20 23:30:06] [WARNING] ⚠️  33 - 2 > Roblox Clone 33-2: CRASH detected
[2025-11-20 23:30:06] [WARNING]    Details: Process not found (confidence: 90%)
[2025-11-20 23:30:06] [WARNING] ⚠️  33 - 2 > Roblox Clone 33-2: CRASH detected
[2025-11-20 23:30:06] [WARNING]    Details: Process not found (confidence: 90%)
[2025-11-20 23:30:07] [SUCCESS] ✅ 33 - 2 > Roblox Clone 33-2: Fixed in 1.5s
[2025-11-20 23:30:07] [SUCCESS] ✅ 33 - 2 > Roblox Clone 33-2: Fixed in 1.6s
[2025-11-20 23:30:07] [SUCCESS] ✅ 33 - 2 > Roblox Clone 33-2: Fixed in 1.7s
[2025-11-20 23:30:07] [SUCCESS] ✅ 33 - 2 > Roblox Clone 33-2: Fixed in 1.6s
[2025-11-20 23:30:07] [SUCCESS] ✅ 33 - 2 > Roblox Clone 33-2: Fixed in 1.6s
[2025-11-20 23:30:07] [SUCCESS] ✅ 33 - 2 > Roblox Clone 33-2: Fixed in 1.6s
[2025-11-20 23:30:07] [SUCCESS] ✅ 33 - 2 > Roblox Clone 33-2: Fixed in 1.6s
[2025-11-20 23:30:07] [SUCCESS] ✅ 33 - 2 > Roblox Clone 33-2: Fixed in 1.8s
[2025-11-20 23:30:07] [SUCCESS] ✅ 33 - 2 > Roblox Clone 33-2: Fixed in 1.5s
[2025-11-20 23:30:08] [SUCCESS] ✅ 33 - 2 > Roblox Clone 33-2: Fixed in 2.1s
[2025-11-20 23:30:17] [WARNING] ⚠️  13-2 > Roblox Clone 13-2: CRASH detected
[2025-11-20 23:30:17] [WARNING]    Details: Process not found (confidence: 90%)
[2025-11-20 23:30:17] [WARNING] ⚠️  13-2 > Roblox Clone 13-2: CRASH detected
[2025-11-20 23:30:17] [WARNING]    Details: Process not found (confidence: 90%)
[2025-11-20 23:30:17] [WARNING] ⚠️  13-2 > Roblox Clone 13-2: CRASH detected
[2025-11-20 23:30:17] [WARNING]    Details: Process not found (confidence: 90%)
[2025-11-20 23:30:17] [WARNING] ⚠️  13-2 > Roblox Clone 13-2: CRASH detected
[2025-11-20 23:30:17] [WARNING]    Details: Process not found (confidence: 90%)
[2025-11-20 23:30:17] [WARNING] ⚠️  13-2 > Roblox Clone 13-2: CRASH detected
[2025-11-20 23:30:17] [WARNING]    Details: Process not found (confidence: 90%)
[2025-11-20 23:30:17] [WARNING] ⚠️  13-2 > Roblox Clone 13-2: CRASH detected
[2025-11-20 23:30:17] [WARNING]    Details: Process not found (confidence: 90%)
[2025-11-20 23:30:19] [SUCCESS] ✅ 13-2 > Roblox Clone 13-2: Fixed in 1.9s
[2025-11-20 23:30:19] [WARNING] ⚠️  13-2 > Roblox Clone 13-2: CRASH detected
[2025-11-20 23:30:19] [WARNING]    Details: Process not found (confidence: 90%)
[2025-11-20 23:30:19] [SUCCESS] ✅ 13-2 > Roblox Clone 13-2: Fixed in 1.9s
[2025-11-20 23:30:19] [SUCCESS] ✅ 13-2 > Roblox Clone 13-2: Fixed in 2.0s
[2025-11-20 23:30:19] [SUCCESS] ✅ 13-2 > Roblox Clone 13-2: Fixed in 2.0s
[2025-11-20 23:30:19] [WARNING] ⚠️  13-2 > Roblox Clone 13-2: CRASH detected
[2025-11-20 23:30:19] [WARNING]    Details: Process not found (confidence: 90%)
[2025-11-20 23:30:19] [SUCCESS] ✅ 13-2 > Roblox Clone 13-2: Fixed in 2.0s
[2025-11-20 23:30:19] [SUCCESS] ✅ 13-2 > Roblox Clone 13-2: Fixed in 2.0s
[2025-11-20 23:30:20] [WARNING] ⚠️  13-2 > Roblox Clone 13-2: CRASH detected
[2025-11-20 23:30:20] [WARNING]    Details: Process not found (confidence: 90%)
[2025-11-20 23:30:20] [WARNING] ⚠️  13-2 > Roblox Clone 13-2: CRASH detected
[2025-11-20 23:30:20] [WARNING]    Details: Process not found (confidence: 90%)
[2025-11-20 23:30:20] [SUCCESS] ✅ 13-2 > Roblox Clone 13-2: Fixed in 1.5s
[2025-11-20 23:30:21] [SUCCESS] ✅ 13-2 > Roblox Clone 13-2: Fixed in 1.6s
[2025-11-20 23:30:21] [SUCCESS] ✅ 13-2 > Roblox Clone 13-2: Fixed in 1.5s
[2025-11-20 23:30:21] [SUCCESS] ✅ 13-2 > Roblox Clone 13-2: Fixed in 1.6s
[2025-11-20 23:30:28] [WARNING] ⚠️  kesatu > Roblox Clone kesatu: CRASH detected
[2025-11-20 23:30:28] [WARNING]    Details: Process not found (confidence: 90%)
[2025-11-20 23:30:28] [WARNING] ⚠️  kesatu > Roblox Clone kesatu: CRASH detected
[2025-11-20 23:30:28] [WARNING]    Details: Process not found (confidence: 90%)
[2025-11-20 23:30:28] [WARNING] ⚠️  kesatu > Roblox Clone kesatu: CRASH detected
[2025-11-20 23:30:28] [WARNING]    Details: Process not found (confidence: 90%)
[2025-11-20 23:30:29] [WARNING] ⚠️  kesatu > Roblox Clone kesatu: CRASH detected
[2025-11-20 23:30:29] [WARNING]    Details: Process not found (confidence: 90%)
[2025-11-20 23:30:29] [WARNING] ⚠️  kesatu > Roblox Clone kesatu: CRASH detected
[2025-11-20 23:30:29] [WARNING]    Details: Process not found (confidence: 90%)
[2025-11-20 23:30:29] [WARNING] ⚠️  kesatu > Roblox Clone kesatu: CRASH detected
[2025-11-20 23:30:29] [WARNING]    Details: Process not found (confidence: 90%)
[2025-11-20 23:30:29] [SUCCESS] ✅ kesatu > Roblox Clone kesatu: Fixed in 1.4s
[2025-11-20 23:30:30] [SUCCESS] ✅ kesatu > Roblox Clone kesatu: Fixed in 1.5s
[2025-11-20 23:30:30] [WARNING] ⚠️  kesatu > Roblox Clone kesatu: CRASH detected
[2025-11-20 23:30:30] [WARNING]    Details: Process not found (confidence: 90%)
[2025-11-20 23:30:30] [SUCCESS] ✅ kesatu > Roblox Clone kesatu: Fixed in 1.5s
[2025-11-20 23:30:30] [WARNING] ⚠️  kesatu > Roblox Clone kesatu: CRASH detected
[2025-11-20 23:30:30] [WARNING]    Details: Process not found (confidence: 90%)
[2025-11-20 23:30:30] [SUCCESS] ✅ kesatu > Roblox Clone kesatu: Fixed in 1.5s
[2025-11-20 23:30:30] [SUCCESS] ✅ kesatu > Roblox Clone kesatu: Fixed in 1.5s
[2025-11-20 23:30:30] [WARNING] ⚠️  kesatu > Roblox Clone kesatu: CRASH detected
[2025-11-20 23:30:30] [WARNING]    Details: Process not found (confidence: 90%)
[2025-11-20 23:30:30] [SUCCESS] ✅ kesatu > Roblox Clone kesatu: Fixed in 2.2s
[2025-11-20 23:30:30] [WARNING] ⚠️  kesatu > Roblox Clone kesatu: CRASH detected
[2025-11-20 23:30:30] [WARNING]    Details: Process not found (confidence: 90%)
[2025-11-20 23:30:31] [SUCCESS] ✅ kesatu > Roblox Clone kesatu: Fixed in 1.3s
[2025-11-20 23:30:32] [SUCCESS] ✅ kesatu > Roblox Clone kesatu: Fixed in 1.4s
[2025-11-20 23:30:32] [SUCCESS] ✅ kesatu > Roblox Clone kesatu: Fixed in 1.5s
[2025-11-20 23:30:32] [SUCCESS] ✅ kesatu > Roblox Clone kesatu: Fixed in 1.6s
[2025-11-20 23:30:42] [WARNING] ⚠️  ampunbg > Roblox Clone ampunbg: CRASH detected
[2025-11-20 23:30:42] [WARNING]    Details: Process not found (confidence: 90%)
[2025-11-20 23:30:43] [WARNING] ⚠️  ampunbg > Roblox Clone ampunbg: CRASH detected
[2025-11-20 23:30:43] [WARNING]    Details: Process not found (confidence: 90%)
[2025-11-20 23:30:44] [WARNING] ⚠️  ampunbg > Roblox Clone ampunbg: CRASH detected
[2025-11-20 23:30:44] [WARNING]    Details: Process not found (confidence: 90%)
[2025-11-20 23:30:45] [WARNING] ⚠️  ampunbg > Roblox Clone ampunbg: CRASH detected
[2025-11-20 23:30:45] [WARNING]    Details: Process not found (confidence: 90%)
[2025-11-20 23:30:45] [WARNING] ⚠️  ampunbg > Roblox Clone ampunbg: CRASH detected
[2025-11-20 23:30:45] [WARNING]    Details: Process not found (confidence: 90%)
[2025-11-20 23:30:45] [WARNING] ⚠️  ampunbg > Roblox Clone ampunbg: CRASH detected
[2025-11-20 23:30:45] [WARNING]    Details: Process not found (confidence: 90%)
[2025-11-20 23:30:45] [SUCCESS] ✅ ampunbg > Roblox Clone ampunbg: Fixed in 2.6s
[2025-11-20 23:30:46] [SUCCESS] ✅ ampunbg > Roblox Clone ampunbg: Fixed in 3.2s
[2025-11-20 23:30:46] [WARNING] ⚠️  ampunbg > Roblox Clone ampunbg: CRASH detected
[2025-11-20 23:30:46] [WARNING]    Details: Process not found (confidence: 90%)
[2025-11-20 23:30:46] [SUCCESS] ✅ ampunbg > Roblox Clone ampunbg: Fixed in 2.1s
[2025-11-20 23:30:47] [WARNING] ⚠️  ampunbg > Roblox Clone ampunbg: CRASH detected
[2025-11-20 23:30:47] [WARNING]    Details: Process not found (confidence: 90%)
[2025-11-20 23:30:47] [WARNING] ⚠️  ampunbg > Roblox Clone ampunbg: CRASH detected
[2025-11-20 23:30:47] [WARNING]    Details: Process not found (confidence: 90%)
[2025-11-20 23:30:47] [WARNING] ⚠️  ampunbg > Roblox Clone ampunbg: CRASH detected
[2025-11-20 23:30:47] [WARNING]    Details: Process not found (confidence: 90%)
[2025-11-20 23:30:47] [SUCCESS] ✅ ampunbg > Roblox Clone ampunbg: Fixed in 2.7s
[2025-11-20 23:30:47] [SUCCESS] ✅ ampunbg > Roblox Clone ampunbg: Fixed in 2.6s
[2025-11-20 23:30:47] [SUCCESS] ✅ ampunbg > Roblox Clone ampunbg: Fixed in 1.7s
[2025-11-20 23:30:48] [SUCCESS] ✅ ampunbg > Roblox Clone ampunbg: Fixed in 2.6s
[2025-11-20 23:30:49] [SUCCESS] ✅ ampunbg > Roblox Clone ampunbg: Fixed in 1.8s
[2025-11-20 23:30:49] [SUCCESS] ✅ ampunbg > Roblox Clone ampunbg: Fixed in 2.3s
[2025-11-20 23:30:49] [SUCCESS] ✅ ampunbg > Roblox Clone ampunbg: Fixed in 2.3s
[2025-11-20 23:30:56] [WARNING] ⚠️  zetsto > Roblox Clone zetsto: CRASH detected
[2025-11-20 23:30:56] [WARNING]    Details: Process not found (confidence: 90%)
[2025-11-20 23:30:56] [WARNING] ⚠️  zetsto > Roblox Clone zetsto: CRASH detected
[2025-11-20 23:30:56] [WARNING]    Details: Process not found (confidence: 90%)
[2025-11-20 23:30:57] [WARNING] ⚠️  zetsto > Roblox Clone zetsto: CRASH detected
[2025-11-20 23:30:57] [WARNING]    Details: Process not found (confidence: 90%)
[2025-11-20 23:30:57] [WARNING] ⚠️  zetsto > Roblox Clone zetsto: CRASH detected
[2025-11-20 23:30:57] [WARNING]    Details: Process not found (confidence: 90%)
[2025-11-20 23:30:57] [WARNING] ⚠️  zetsto > Roblox Clone zetsto: CRASH detected
[2025-11-20 23:30:57] [WARNING]    Details: Process not found (confidence: 90%)
[2025-11-20 23:30:58] [WARNING] ⚠️  zetsto > Roblox Clone zetsto: CRASH detected
[2025-11-20 23:30:58] [WARNING]    Details: Process not found (confidence: 90%)
[2025-11-20 23:30:58] [SUCCESS] ✅ zetsto > Roblox Clone zetsto: Fixed in 1.8s
[2025-11-20 23:30:58] [WARNING] ⚠️  zetsto > Roblox Clone zetsto: CRASH detected
[2025-11-20 23:30:58] [WARNING]    Details: Process not found (confidence: 90%)
[2025-11-20 23:30:58] [SUCCESS] ✅ zetsto > Roblox Clone zetsto: Fixed in 1.8s
[2025-11-20 23:30:59] [WARNING]    → Device not responding to ADB (CRITICAL)
[2025-11-20 23:30:59] [WARNING] ⚠️  ap 1-3,10 z4-9: DEVICE HANG detected (critical)
[2025-11-20 23:30:59] [WARNING] 🔄 Attempting device recovery for ap 1-3,10 z4-9
[2025-11-20 23:30:59] [WARNING] 🔄 Attempting device recovery...
[2025-11-20 23:30:59] [WARNING]    → Device not responding to ADB (CRITICAL)
[2025-11-20 23:30:59] [WARNING] ⚠️  ap 1-3,10 z4-9: DEVICE HANG detected (critical)
[2025-11-20 23:30:59] [WARNING] 🔄 Attempting device recovery for ap 1-3,10 z4-9
[2025-11-20 23:30:59] [WARNING] 🔄 Attempting device recovery...
[2025-11-20 23:30:59] [SUCCESS] ✅ zetsto > Roblox Clone zetsto: Fixed in 2.0s
[2025-11-20 23:30:59] [SUCCESS] ✅ zetsto > Roblox Clone zetsto: Fixed in 1.9s
[2025-11-20 23:30:59] [SUCCESS] ✅ zetsto > Roblox Clone zetsto: Fixed in 2.0s
[2025-11-20 23:31:00] [SUCCESS] ✅ zetsto > Roblox Clone zetsto: Fixed in 1.8s
[2025-11-20 23:31:00] [WARNING]    → Device not responding to ADB (CRITICAL)
[2025-11-20 23:31:00] [WARNING] ⚠️  ap 1-3,10 z4-9: DEVICE HANG detected (critical)
[2025-11-20 23:31:00] [WARNING] 🔄 Attempting device recovery for ap 1-3,10 z4-9
[2025-11-20 23:31:00] [WARNING] 🔄 Attempting device recovery...
[2025-11-20 23:31:00] [SUCCESS] ✅ zetsto > Roblox Clone zetsto: Fixed in 2.1s
[2025-11-20 23:31:00] [WARNING]    → Device not responding to ADB (CRITICAL)
[2025-11-20 23:31:00] [WARNING] ⚠️  ap 1-3,10 z4-9: DEVICE HANG detected (critical)
[2025-11-20 23:31:00] [WARNING] 🔄 Attempting device recovery for ap 1-3,10 z4-9
[2025-11-20 23:31:00] [WARNING] 🔄 Attempting device recovery...
[2025-11-20 23:31:00] [WARNING]    → Device not responding to ADB (CRITICAL)
[2025-11-20 23:31:00] [WARNING] ⚠️  ap 1-3,10 z4-9: DEVICE HANG detected (critical)
[2025-11-20 23:31:00] [WARNING] 🔄 Attempting device recovery for ap 1-3,10 z4-9
[2025-11-20 23:31:00] [WARNING] 🔄 Attempting device recovery...
[2025-11-20 23:31:01] [WARNING]    → Device not responding to ADB (CRITICAL)
[2025-11-20 23:31:01] [WARNING] ⚠️  ap 1-3,10 z4-9: DEVICE HANG detected (critical)
[2025-11-20 23:31:01] [WARNING] 🔄 Attempting device recovery for ap 1-3,10 z4-9
[2025-11-20 23:31:01] [WARNING] 🔄 Attempting device recovery...
[2025-11-20 23:31:01] [WARNING]    → Device not responding to ADB (CRITICAL)
[2025-11-20 23:31:01] [WARNING] ⚠️  ap 1-3,10 z4-9: DEVICE HANG detected (critical)
[2025-11-20 23:31:01] [WARNING] 🔄 Attempting device recovery for ap 1-3,10 z4-9
[2025-11-20 23:31:01] [WARNING] 🔄 Attempting device recovery...
[2025-11-20 23:31:01] [WARNING] ⚠️  zetsto > Roblox Clone zetsto: CRASH detected
[2025-11-20 23:31:01] [WARNING]    Details: Process not found (confidence: 90%)
[2025-11-20 23:31:01] [WARNING] ⚠️  zetsto > Roblox Clone zetsto: CRASH detected
[2025-11-20 23:31:01] [WARNING]    Details: Process not found (confidence: 90%)
[2025-11-20 23:31:01] [WARNING] ⚠️  zetsto > Roblox Clone zetsto: CRASH detected
[2025-11-20 23:31:01] [WARNING]    Details: Process not found (confidence: 90%)
[2025-11-20 23:31:03] [SUCCESS] ✅ zetsto > Roblox Clone zetsto: Fixed in 1.6s
[2025-11-20 23:31:03] [SUCCESS] ✅ zetsto > Roblox Clone zetsto: Fixed in 1.8s
[2025-11-20 23:31:03] [SUCCESS] ✅ zetsto > Roblox Clone zetsto: Fixed in 2.0s
[2025-11-20 23:31:03] [WARNING]    → Device not responding to ADB (CRITICAL)
[2025-11-20 23:31:03] [WARNING] ⚠️  ap 1-3,10 z4-9: DEVICE HANG detected (critical)
[2025-11-20 23:31:03] [WARNING] 🔄 Attempting device recovery for ap 1-3,10 z4-9
[2025-11-20 23:31:03] [WARNING] 🔄 Attempting device recovery...
[2025-11-20 23:31:04] [WARNING]    → Device not responding to ADB (CRITICAL)
[2025-11-20 23:31:04] [WARNING] ⚠️  ap 1-3,10 z4-9: DEVICE HANG detected (critical)
[2025-11-20 23:31:04] [WARNING] 🔄 Attempting device recovery for ap 1-3,10 z4-9
[2025-11-20 23:31:04] [WARNING] 🔄 Attempting device recovery...
[2025-11-20 23:31:04] [WARNING]    → Device not responding to ADB (CRITICAL)
[2025-11-20 23:31:04] [WARNING] ⚠️  ap 1-3,10 z4-9: DEVICE HANG detected (critical)
[2025-11-20 23:31:04] [WARNING] 🔄 Attempting device recovery for ap 1-3,10 z4-9
[2025-11-20 23:31:04] [WARNING] 🔄 Attempting device recovery...
[2025-11-20 23:31:07] [SUCCESS] ✅ Device recovery completed
[2025-11-20 23:31:07] [SUCCESS] ✅ Device recovery completed
[2025-11-20 23:31:08] [SUCCESS] ✅ Device recovery completed
[2025-11-20 23:31:08] [SUCCESS] ✅ Device recovery completed
[2025-11-20 23:31:08] [SUCCESS] ✅ Device recovery completed
[2025-11-20 23:31:09] [SUCCESS] ✅ Device recovery completed
[2025-11-20 23:31:09] [SUCCESS] ✅ Device recovery completed
[2025-11-20 23:31:12] [SUCCESS] ✅ Device recovery completed
[2025-11-20 23:31:12] [SUCCESS] ✅ Device recovery completed
[2025-11-20 23:31:12] [SUCCESS] ✅ Device recovery completed
[2025-11-20 23:31:29] [WARNING] ⚠️  73-1 > Roblox Clone 73-1: CRASH detected
[2025-11-20 23:31:29] [WARNING]    Details: Process not found (confidence: 90%)
[2025-11-20 23:31:29] [WARNING] ⚠️  73-1 > Roblox Clone 73-1: CRASH detected
[2025-11-20 23:31:29] [WARNING]    Details: Process not found (confidence: 90%)
[2025-11-20 23:31:29] [WARNING] ⚠️  73-1 > Roblox Clone 73-1: CRASH detected
[2025-11-20 23:31:29] [WARNING]    Details: Process not found (confidence: 90%)
[2025-11-20 23:31:29] [WARNING] ⚠️  73-1 > Roblox Clone 73-1: CRASH detected
[2025-11-20 23:31:29] [WARNING]    Details: Process not found (confidence: 90%)
[2025-11-20 23:31:30] [WARNING] ⚠️  73-1 > Roblox Clone 73-1: CRASH detected
[2025-11-20 23:31:30] [WARNING]    Details: Process not found (confidence: 90%)
[2025-11-20 23:31:31] [WARNING] ⚠️  73-1 > Roblox Clone 73-1: CRASH detected
[2025-11-20 23:31:31] [WARNING]    Details: Process not found (confidence: 90%)
[2025-11-20 23:31:31] [SUCCESS] ✅ 73-1 > Roblox Clone 73-1: Fixed in 1.7s
[2025-11-20 23:31:31] [WARNING] ⚠️  73-1 > Roblox Clone 73-1: CRASH detected
[2025-11-20 23:31:31] [SUCCESS] ✅ 73-1 > Roblox Clone 73-1: Fixed in 2.3s
[2025-11-20 23:31:31] [WARNING]    Details: Process not found (confidence: 90%)
[2025-11-20 23:31:31] [SUCCESS] ✅ 73-1 > Roblox Clone 73-1: Fixed in 2.4s
[2025-11-20 23:31:31] [SUCCESS] ✅ 73-1 > Roblox Clone 73-1: Fixed in 2.4s
[2025-11-20 23:31:32] [SUCCESS] ✅ 73-1 > Roblox Clone 73-1: Fixed in 1.4s
[2025-11-20 23:31:33] [SUCCESS] ✅ 73-1 > Roblox Clone 73-1: Fixed in 1.9s
[2025-11-20 23:31:33] [SUCCESS] ✅ 73-1 > Roblox Clone 73-1: Fixed in 1.8s
[2025-11-20 23:31:33] [WARNING] ⚠️  73-1 > Roblox Clone 73-1: CRASH detected
[2025-11-20 23:31:33] [WARNING]    Details: Process not found (confidence: 90%)
[2025-11-20 23:31:34] [WARNING] ⚠️  73-1 > Roblox Clone 73-1: CRASH detected
[2025-11-20 23:31:34] [WARNING]    Details: Process not found (confidence: 90%)
[2025-11-20 23:31:34] [WARNING] ⚠️  73-1 > Roblox Clone 73-1: CRASH detected
[2025-11-20 23:31:34] [WARNING]    Details: Process not found (confidence: 90%)
[2025-11-20 23:31:35] [SUCCESS] ✅ 73-1 > Roblox Clone 73-1: Fixed in 2.4s
[2025-11-20 23:31:36] [SUCCESS] ✅ 73-1 > Roblox Clone 73-1: Fixed in 2.1s
[2025-11-20 23:31:36] [SUCCESS] ✅ 73-1 > Roblox Clone 73-1: Fixed in 2.1s
[2025-11-20 23:31:36] [INFO] 
────────────────────────────────────────────────────────────
[2025-11-20 23:31:36] [INFO] ✅ Cycle Complete (150.5s)
[2025-11-20 23:31:36] [INFO]    Healthy: 0
[2025-11-20 23:31:36] [SUCCESS]    Fixed: 60
[2025-11-20 23:31:36] [INFO]    Issues: 60 crash
[2025-11-20 23:31:36] [INFO] 
   Detection Details:
[2025-11-20 23:31:36] [INFO]       • 33 - 2 > Roblox Clone 33-2: crash via process_check (90%)
[2025-11-20 23:31:36] [INFO]       • 33 - 2 > Roblox Clone 33-2: crash via process_check (90%)
[2025-11-20 23:31:36] [INFO]       • 33 - 2 > Roblox Clone 33-2: crash via process_check (90%)
[2025-11-20 23:31:36] [INFO]       • 33 - 2 > Roblox Clone 33-2: crash via process_check (90%)
[2025-11-20 23:31:36] [INFO]       • 33 - 2 > Roblox Clone 33-2: crash via process_check (90%)
[2025-11-20 23:31:36] [INFO] ────────────────────────────────────────────────────────────
[2025-11-20 23:31:36] [INFO] 
💤 Waiting 30s for next cycle...
[2025-11-20 23:32:06] [INFO] 
🔍 Starting check cycle for 80 clones...
[2025-11-20 23:32:13] [WARNING]    → Device not responding to ADB (CRITICAL)
[2025-11-20 23:32:13] [WARNING] ⚠️  33 - 1: DEVICE HANG detected (critical)
[2025-11-20 23:32:13] [WARNING] 🔄 Attempting device recovery for 33 - 1
[2025-11-20 23:32:13] [WARNING] 🔄 Attempting device recovery...
[2025-11-20 23:32:13] [WARNING]    → Device not responding to ADB (CRITICAL)
[2025-11-20 23:32:13] [WARNING] ⚠️  33 - 1: DEVICE HANG detected (critical)
[2025-11-20 23:32:13] [WARNING]    → Device not responding to ADB (CRITICAL)
[2025-11-20 23:32:13] [WARNING] ⚠️  33 - 1: DEVICE HANG detected (critical)
[2025-11-20 23:32:13] [WARNING] 🔄 Attempting device recovery for 33 - 1
[2025-11-20 23:32:13] [WARNING]    → Device not responding to ADB (CRITICAL)
[2025-11-20 23:32:13] [WARNING] 🔄 Attempting device recovery for 33 - 1
[2025-11-20 23:32:13] [WARNING]    → Device not responding to ADB (CRITICAL)
[2025-11-20 23:32:13] [WARNING]    → Device not responding to ADB (CRITICAL)
[2025-11-20 23:32:13] [WARNING]    → Device not responding to ADB (CRITICAL)
[2025-11-20 23:32:13] [WARNING] 🔄 Attempting device recovery...
[2025-11-20 23:32:13] [WARNING] ⚠️  33 - 1: DEVICE HANG detected (critical)
[2025-11-20 23:32:13] [WARNING] 🔄 Attempting device recovery...
[2025-11-20 23:32:13] [WARNING] ⚠️  33 - 1: DEVICE HANG detected (critical)
[2025-11-20 23:32:13] [WARNING] ⚠️  33 - 1: DEVICE HANG detected (critical)
[2025-11-20 23:32:13] [WARNING] ⚠️  33 - 1: DEVICE HANG detected (critical)
[2025-11-20 23:32:13] [WARNING] 🔄 Attempting device recovery for 33 - 1
[2025-11-20 23:32:13] [WARNING] 🔄 Attempting device recovery for 33 - 1
[2025-11-20 23:32:13] [WARNING] 🔄 Attempting device recovery for 33 - 1
[2025-11-20 23:32:13] [WARNING] 🔄 Attempting device recovery for 33 - 1
[2025-11-20 23:32:13] [WARNING] 🔄 Attempting device recovery...
[2025-11-20 23:32:13] [WARNING] 🔄 Attempting device recovery...
[2025-11-20 23:32:13] [WARNING] 🔄 Attempting device recovery...
[2025-11-20 23:32:13] [WARNING] 🔄 Attempting device recovery...
[2025-11-20 23:32:13] [WARNING]    → Device not responding to ADB (CRITICAL)
[2025-11-20 23:32:13] [WARNING] ⚠️  33 - 1: DEVICE HANG detected (critical)
[2025-11-20 23:32:13] [WARNING] 🔄 Attempting device recovery for 33 - 1
[2025-11-20 23:32:13] [WARNING] 🔄 Attempting device recovery...
[2025-11-20 23:32:13] [WARNING]    → Device not responding to ADB (CRITICAL)
[2025-11-20 23:32:13] [WARNING] ⚠️  33 - 1: DEVICE HANG detected (critical)
[2025-11-20 23:32:13] [WARNING] 🔄 Attempting device recovery for 33 - 1
[2025-11-20 23:32:13] [WARNING] 🔄 Attempting device recovery...
[2025-11-20 23:32:13] [WARNING]    → Device not responding to ADB (CRITICAL)
[2025-11-20 23:32:13] [WARNING] ⚠️  33 - 1: DEVICE HANG detected (critical)
[2025-11-20 23:32:13] [WARNING] 🔄 Attempting device recovery for 33 - 1
[2025-11-20 23:32:13] [WARNING] 🔄 Attempting device recovery...
[2025-11-20 23:32:45] [SUCCESS] ✅ Device recovery completed
[2025-11-20 23:32:45] [SUCCESS] ✅ Device recovery completed
[2025-11-20 23:32:45] [SUCCESS] ✅ Device recovery completed
[2025-11-20 23:32:45] [SUCCESS] ✅ Device recovery completed
[2025-11-20 23:32:45] [SUCCESS] ✅ Device recovery completed
[2025-11-20 23:32:45] [SUCCESS] ✅ Device recovery completed
[2025-11-20 23:32:45] [SUCCESS] ✅ Device recovery completed
[2025-11-20 23:32:45] [SUCCESS] ✅ Device recovery completed
[2025-11-20 23:32:45] [SUCCESS] ✅ Device recovery completed
[2025-11-20 23:32:45] [SUCCESS] ✅ Device recovery completed
[2025-11-20 23:33:07] [WARNING] ⚠️  33 - 2 > Roblox Clone 33-2: CRASH detected
[2025-11-20 23:33:07] [WARNING]    Details: Process not found (confidence: 90%)
[2025-11-20 23:33:08] [WARNING] ⚠️  33 - 2 > Roblox Clone 33-2: CRASH detected
[2025-11-20 23:33:08] [WARNING]    Details: Process not found (confidence: 90%)
[2025-11-20 23:33:08] [WARNING] ⚠️  33 - 2 > Roblox Clone 33-2: CRASH detected
[2025-11-20 23:33:08] [WARNING]    Details: Process not found (confidence: 90%)
[2025-11-20 23:33:08] [WARNING] ⚠️  33 - 2 > Roblox Clone 33-2: CRASH detected
[2025-11-20 23:33:08] [WARNING]    Details: Process not found (confidence: 90%)
[2025-11-20 23:33:09] [WARNING] ⚠️  33 - 2 > Roblox Clone 33-2: CRASH detected
[2025-11-20 23:33:09] [WARNING]    Details: Process not found (confidence: 90%)
[2025-11-20 23:33:09] [WARNING] ⚠️  33 - 2 > Roblox Clone 33-2: CRASH detected
[2025-11-20 23:33:09] [WARNING]    Details: Process not found (confidence: 90%)
[2025-11-20 23:33:09] [WARNING] ⚠️  33 - 2 > Roblox Clone 33-2: CRASH detected
[2025-11-20 23:33:09] [WARNING]    Details: Process not found (confidence: 90%)
[2025-11-20 23:33:09] [WARNING] ⚠️  33 - 2 > Roblox Clone 33-2: CRASH detected
[2025-11-20 23:33:09] [WARNING]    Details: Process not found (confidence: 90%)
[2025-11-20 23:33:09] [WARNING] ⚠️  33 - 2 > Roblox Clone 33-2: CRASH detected
[2025-11-20 23:33:09] [WARNING]    Details: Process not found (confidence: 90%)
[2025-11-20 23:33:09] [SUCCESS] ✅ 33 - 2 > Roblox Clone 33-2: Fixed in 1.9s
[2025-11-20 23:33:09] [WARNING] ⚠️  33 - 2 > Roblox Clone 33-2: CRASH detected
[2025-11-20 23:33:09] [WARNING]    Details: Process not found (confidence: 90%)
[2025-11-20 23:33:10] [SUCCESS] ✅ 33 - 2 > Roblox Clone 33-2: Fixed in 2.3s
[2025-11-20 23:33:10] [SUCCESS] ✅ 33 - 2 > Roblox Clone 33-2: Fixed in 2.3s
[2025-11-20 23:33:10] [SUCCESS] ✅ 33 - 2 > Roblox Clone 33-2: Fixed in 2.3s
[2025-11-20 23:33:11] [SUCCESS] ✅ 33 - 2 > Roblox Clone 33-2: Fixed in 2.0s
[2025-11-20 23:33:11] [SUCCESS] ✅ 33 - 2 > Roblox Clone 33-2: Fixed in 2.0s
[2025-11-20 23:33:11] [SUCCESS] ✅ 33 - 2 > Roblox Clone 33-2: Fixed in 2.5s
[2025-11-20 23:33:12] [SUCCESS] ✅ 33 - 2 > Roblox Clone 33-2: Fixed in 2.4s
[2025-11-20 23:33:12] [SUCCESS] ✅ 33 - 2 > Roblox Clone 33-2: Fixed in 2.4s
[2025-11-20 23:33:12] [SUCCESS] ✅ 33 - 2 > Roblox Clone 33-2: Fixed in 2.9s
[2025-11-20 23:33:20] [WARNING] ⚠️  13-2 > Roblox Clone 13-2: CRASH detected
[2025-11-20 23:33:20] [WARNING]    Details: Process not found (confidence: 90%)
[2025-11-20 23:33:20] [WARNING] ⚠️  13-2 > Roblox Clone 13-2: CRASH detected
[2025-11-20 23:33:20] [WARNING]    Details: Process not found (confidence: 90%)
[2025-11-20 23:33:20] [WARNING] ⚠️  13-2 > Roblox Clone 13-2: CRASH detected
[2025-11-20 23:33:20] [WARNING]    Details: Process not found (confidence: 90%)
[2025-11-20 23:33:20] [WARNING] ⚠️  13-2 > Roblox Clone 13-2: CRASH detected
[2025-11-20 23:33:20] [WARNING]    Details: Process not found (confidence: 90%)
[2025-11-20 23:33:21] [WARNING] ⚠️  13-2 > Roblox Clone 13-2: CRASH detected
[2025-11-20 23:33:21] [WARNING]    Details: Process not found (confidence: 90%)
[2025-11-20 23:33:21] [WARNING] ⚠️  13-2 > Roblox Clone 13-2: CRASH detected
[2025-11-20 23:33:21] [WARNING]    Details: Process not found (confidence: 90%)
[2025-11-20 23:33:21] [SUCCESS] ✅ 13-2 > Roblox Clone 13-2: Fixed in 1.5s
[2025-11-20 23:33:21] [WARNING] ⚠️  13-2 > Roblox Clone 13-2: CRASH detected
[2025-11-20 23:33:21] [WARNING]    Details: Process not found (confidence: 90%)
[2025-11-20 23:33:21] [WARNING] ⚠️  13-2 > Roblox Clone 13-2: CRASH detected
[2025-11-20 23:33:21] [WARNING]    Details: Process not found (confidence: 90%)
[2025-11-20 23:33:21] [SUCCESS] ✅ 13-2 > Roblox Clone 13-2: Fixed in 1.4s
[2025-11-20 23:33:22] [SUCCESS] ✅ 13-2 > Roblox Clone 13-2: Fixed in 1.4s
[2025-11-20 23:33:22] [SUCCESS] ✅ 13-2 > Roblox Clone 13-2: Fixed in 1.4s
[2025-11-20 23:33:22] [WARNING] ⚠️  13-2 > Roblox Clone 13-2: CRASH detected
[2025-11-20 23:33:22] [WARNING]    Details: Process not found (confidence: 90%)
[2025-11-20 23:33:22] [SUCCESS] ✅ 13-2 > Roblox Clone 13-2: Fixed in 1.5s
[2025-11-20 23:33:22] [WARNING] ⚠️  13-2 > Roblox Clone 13-2: CRASH detected
[2025-11-20 23:33:22] [WARNING]    Details: Process not found (confidence: 90%)
[2025-11-20 23:33:23] [SUCCESS] ✅ 13-2 > Roblox Clone 13-2: Fixed in 1.5s
[2025-11-20 23:33:23] [SUCCESS] ✅ 13-2 > Roblox Clone 13-2: Fixed in 1.6s
[2025-11-20 23:33:23] [SUCCESS] ✅ 13-2 > Roblox Clone 13-2: Fixed in 2.1s
[2025-11-20 23:33:24] [SUCCESS] ✅ 13-2 > Roblox Clone 13-2: Fixed in 1.9s
[2025-11-20 23:33:24] [SUCCESS] ✅ 13-2 > Roblox Clone 13-2: Fixed in 1.5s
[2025-11-20 23:33:31] [WARNING] ⚠️  kesatu > Roblox Clone kesatu: CRASH detected
[2025-11-20 23:33:31] [WARNING]    Details: Process not found (confidence: 90%)
[2025-11-20 23:33:31] [WARNING] ⚠️  kesatu > Roblox Clone kesatu: CRASH detected
[2025-11-20 23:33:31] [WARNING]    Details: Process not found (confidence: 90%)
[2025-11-20 23:33:31] [WARNING] ⚠️  kesatu > Roblox Clone kesatu: CRASH detected
[2025-11-20 23:33:31] [WARNING]    Details: Process not found (confidence: 90%)
[2025-11-20 23:33:31] [WARNING] ⚠️  kesatu > Roblox Clone kesatu: CRASH detected
[2025-11-20 23:33:31] [WARNING]    Details: Process not found (confidence: 90%)
[2025-11-20 23:33:31] [WARNING] ⚠️  kesatu > Roblox Clone kesatu: CRASH detected
[2025-11-20 23:33:31] [WARNING]    Details: Process not found (confidence: 90%)
[2025-11-20 23:33:32] [WARNING] ⚠️  kesatu > Roblox Clone kesatu: CRASH detected
[2025-11-20 23:33:32] [WARNING]    Details: Process not found (confidence: 90%)
[2025-11-20 23:33:32] [SUCCESS] ✅ kesatu > Roblox Clone kesatu: Fixed in 1.6s
[2025-11-20 23:33:32] [WARNING] ⚠️  kesatu > Roblox Clone kesatu: CRASH detected
[2025-11-20 23:33:32] [WARNING]    Details: Process not found (confidence: 90%)
[2025-11-20 23:33:32] [WARNING] ⚠️  kesatu > Roblox Clone kesatu: CRASH detected
[2025-11-20 23:33:32] [WARNING]    Details: Process not found (confidence: 90%)
[2025-11-20 23:33:32] [SUCCESS] ✅ kesatu > Roblox Clone kesatu: Fixed in 1.6s
[2025-11-20 23:33:32] [SUCCESS] ✅ kesatu > Roblox Clone kesatu: Fixed in 1.6s
[2025-11-20 23:33:32] [SUCCESS] ✅ kesatu > Roblox Clone kesatu: Fixed in 1.6s
[2025-11-20 23:33:32] [SUCCESS] ✅ kesatu > Roblox Clone kesatu: Fixed in 1.6s
[2025-11-20 23:33:33] [WARNING] ⚠️  kesatu > Roblox Clone kesatu: CRASH detected
[2025-11-20 23:33:33] [WARNING]    Details: Process not found (confidence: 90%)
[2025-11-20 23:33:33] [WARNING] ⚠️  kesatu > Roblox Clone kesatu: CRASH detected
[2025-11-20 23:33:33] [WARNING]    Details: Process not found (confidence: 90%)
[2025-11-20 23:33:34] [SUCCESS] ✅ kesatu > Roblox Clone kesatu: Fixed in 1.6s
[2025-11-20 23:33:34] [SUCCESS] ✅ kesatu > Roblox Clone kesatu: Fixed in 1.7s
[2025-11-20 23:33:34] [SUCCESS] ✅ kesatu > Roblox Clone kesatu: Fixed in 1.8s
[2025-11-20 23:33:34] [SUCCESS] ✅ kesatu > Roblox Clone kesatu: Fixed in 1.6s
[2025-11-20 23:33:34] [SUCCESS] ✅ kesatu > Roblox Clone kesatu: Fixed in 1.5s
[2025-11-20 23:33:44] [WARNING] ⚠️  ampunbg > Roblox Clone ampunbg: CRASH detected
[2025-11-20 23:33:44] [WARNING]    Details: Process not found (confidence: 90%)
[2025-11-20 23:33:45] [WARNING] ⚠️  ampunbg > Roblox Clone ampunbg: CRASH detected
[2025-11-20 23:33:45] [WARNING]    Details: Process not found (confidence: 90%)
[2025-11-20 23:33:46] [WARNING] ⚠️  ampunbg > Roblox Clone ampunbg: CRASH detected
[2025-11-20 23:33:46] [WARNING]    Details: Process not found (confidence: 90%)
[2025-11-20 23:33:46] [WARNING] ⚠️  ampunbg > Roblox Clone ampunbg: CRASH detected
[2025-11-20 23:33:46] [WARNING]    Details: Process not found (confidence: 90%)
[2025-11-20 23:33:46] [WARNING] ⚠️  ampunbg > Roblox Clone ampunbg: CRASH detected
[2025-11-20 23:33:46] [WARNING]    Details: Process not found (confidence: 90%)
[2025-11-20 23:33:46] [WARNING] ⚠️  ampunbg > Roblox Clone ampunbg: CRASH detected
[2025-11-20 23:33:46] [WARNING]    Details: Process not found (confidence: 90%)
[2025-11-20 23:33:46] [WARNING] ⚠️  ampunbg > Roblox Clone ampunbg: CRASH detected
[2025-11-20 23:33:46] [WARNING]    Details: Process not found (confidence: 90%)
[2025-11-20 23:33:46] [SUCCESS] ✅ ampunbg > Roblox Clone ampunbg: Fixed in 2.3s
[2025-11-20 23:33:47] [WARNING] ⚠️  ampunbg > Roblox Clone ampunbg: CRASH detected
[2025-11-20 23:33:47] [WARNING]    Details: Process not found (confidence: 90%)
[2025-11-20 23:33:47] [SUCCESS] ✅ ampunbg > Roblox Clone ampunbg: Fixed in 1.8s
[2025-11-20 23:33:47] [WARNING] ⚠️  ampunbg > Roblox Clone ampunbg: CRASH detected
[2025-11-20 23:33:47] [WARNING]    Details: Process not found (confidence: 90%)
[2025-11-20 23:33:48] [WARNING] ⚠️  ampunbg > Roblox Clone ampunbg: CRASH detected
[2025-11-20 23:33:48] [WARNING]    Details: Process not found (confidence: 90%)
[2025-11-20 23:33:48] [SUCCESS] ✅ ampunbg > Roblox Clone ampunbg: Fixed in 2.4s
[2025-11-20 23:33:48] [SUCCESS] ✅ ampunbg > Roblox Clone ampunbg: Fixed in 1.8s
[2025-11-20 23:33:48] [SUCCESS] ✅ ampunbg > Roblox Clone ampunbg: Fixed in 2.4s
[2025-11-20 23:33:49] [SUCCESS] ✅ ampunbg > Roblox Clone ampunbg: Fixed in 2.4s
[2025-11-20 23:33:49] [SUCCESS] ✅ ampunbg > Roblox Clone ampunbg: Fixed in 2.4s
[2025-11-20 23:33:49] [SUCCESS] ✅ ampunbg > Roblox Clone ampunbg: Fixed in 2.9s
[2025-11-20 23:33:49] [SUCCESS] ✅ ampunbg > Roblox Clone ampunbg: Fixed in 1.8s
[2025-11-20 23:33:50] [SUCCESS] ✅ ampunbg > Roblox Clone ampunbg: Fixed in 2.0s
[2025-11-20 23:33:56] [WARNING] ⚠️  zetsto > Roblox Clone zetsto: CRASH detected
[2025-11-20 23:33:56] [WARNING]    Details: Process not found (confidence: 90%)
[2025-11-20 23:33:56] [WARNING] ⚠️  zetsto > Roblox Clone zetsto: CRASH detected
[2025-11-20 23:33:56] [WARNING]    Details: Process not found (confidence: 90%)
[2025-11-20 23:33:58] [SUCCESS] ✅ zetsto > Roblox Clone zetsto: Fixed in 2.1s
[2025-11-20 23:33:58] [WARNING] ⚠️  zetsto > Roblox Clone zetsto: CRASH detected
[2025-11-20 23:33:58] [WARNING]    Details: Process not found (confidence: 90%)
[2025-11-20 23:33:58] [SUCCESS] ✅ zetsto > Roblox Clone zetsto: Fixed in 2.0s
[2025-11-20 23:33:58] [WARNING] ⚠️  zetsto > Roblox Clone zetsto: CRASH detected
[2025-11-20 23:33:58] [WARNING]    Details: Process not found (confidence: 90%)
[2025-11-20 23:33:58] [WARNING] ⚠️  zetsto > Roblox Clone zetsto: CRASH detected
[2025-11-20 23:33:58] [WARNING]    Details: Process not found (confidence: 90%)
[2025-11-20 23:33:59] [WARNING]    → Device not responding to ADB (CRITICAL)
[2025-11-20 23:33:59] [WARNING] ⚠️  ap 1-3,10 z4-9: DEVICE HANG detected (critical)
[2025-11-20 23:33:59] [WARNING] 🔄 Attempting device recovery for ap 1-3,10 z4-9
[2025-11-20 23:33:59] [WARNING] 🔄 Attempting device recovery...
[2025-11-20 23:33:59] [WARNING]    → Device not responding to ADB (CRITICAL)
[2025-11-20 23:33:59] [WARNING] ⚠️  ap 1-3,10 z4-9: DEVICE HANG detected (critical)
[2025-11-20 23:33:59] [WARNING] 🔄 Attempting device recovery for ap 1-3,10 z4-9
[2025-11-20 23:33:59] [WARNING] 🔄 Attempting device recovery...
[2025-11-20 23:33:59] [WARNING] ⚠️  zetsto > Roblox Clone zetsto: CRASH detected
[2025-11-20 23:33:59] [WARNING]    Details: Process not found (confidence: 90%)
[2025-11-20 23:34:00] [WARNING] ⚠️  zetsto > Roblox Clone zetsto: CRASH detected
[2025-11-20 23:34:00] [WARNING]    Details: Process not found (confidence: 90%)
[2025-11-20 23:34:00] [WARNING] ⚠️  zetsto > Roblox Clone zetsto: CRASH detected
[2025-11-20 23:34:00] [WARNING]    Details: Process not found (confidence: 90%)
[2025-11-20 23:34:00] [WARNING] ⚠️  zetsto > Roblox Clone zetsto: CRASH detected
[2025-11-20 23:34:00] [WARNING]    Details: Process not found (confidence: 90%)
[2025-11-20 23:34:00] [SUCCESS] ✅ zetsto > Roblox Clone zetsto: Fixed in 2.1s
[2025-11-20 23:34:01] [WARNING] ⚠️  zetsto > Roblox Clone zetsto: CRASH detected
[2025-11-20 23:34:01] [WARNING]    Details: Process not found (confidence: 90%)
[2025-11-20 23:34:01] [SUCCESS] ✅ zetsto > Roblox Clone zetsto: Fixed in 2.6s
[2025-11-20 23:34:01] [SUCCESS] ✅ zetsto > Roblox Clone zetsto: Fixed in 2.5s
[2025-11-20 23:34:01] [WARNING]    → Device not responding to ADB (CRITICAL)
[2025-11-20 23:34:01] [WARNING] ⚠️  ap 1-3,10 z4-9: DEVICE HANG detected (critical)
[2025-11-20 23:34:01] [WARNING] 🔄 Attempting device recovery for ap 1-3,10 z4-9
[2025-11-20 23:34:01] [WARNING] 🔄 Attempting device recovery...
[2025-11-20 23:34:01] [SUCCESS] ✅ zetsto > Roblox Clone zetsto: Fixed in 1.7s
[2025-11-20 23:34:01] [SUCCESS] ✅ zetsto > Roblox Clone zetsto: Fixed in 1.3s
[2025-11-20 23:34:02] [WARNING]    → Device not responding to ADB (CRITICAL)
[2025-11-20 23:34:02] [WARNING] ⚠️  ap 1-3,10 z4-9: DEVICE HANG detected (critical)
[2025-11-20 23:34:02] [WARNING] 🔄 Attempting device recovery for ap 1-3,10 z4-9
[2025-11-20 23:34:02] [WARNING] 🔄 Attempting device recovery...
[2025-11-20 23:34:02] [WARNING]    → Device not responding to ADB (CRITICAL)
[2025-11-20 23:34:02] [WARNING] ⚠️  ap 1-3,10 z4-9: DEVICE HANG detected (critical)
[2025-11-20 23:34:02] [WARNING] 🔄 Attempting device recovery for ap 1-3,10 z4-9
[2025-11-20 23:34:02] [WARNING] 🔄 Attempting device recovery...
[2025-11-20 23:34:02] [SUCCESS] ✅ zetsto > Roblox Clone zetsto: Fixed in 1.9s
[2025-11-20 23:34:02] [WARNING]    → Device not responding to ADB (CRITICAL)
[2025-11-20 23:34:02] [WARNING] ⚠️  ap 1-3,10 z4-9: DEVICE HANG detected (critical)
[2025-11-20 23:34:02] [WARNING] 🔄 Attempting device recovery for ap 1-3,10 z4-9
[2025-11-20 23:34:02] [WARNING] 🔄 Attempting device recovery...
[2025-11-20 23:34:02] [SUCCESS] ✅ zetsto > Roblox Clone zetsto: Fixed in 1.9s
[2025-11-20 23:34:02] [SUCCESS] ✅ zetsto > Roblox Clone zetsto: Fixed in 1.4s
[2025-11-20 23:34:02] [WARNING]    → Device not responding to ADB (CRITICAL)
[2025-11-20 23:34:02] [WARNING] ⚠️  ap 1-3,10 z4-9: DEVICE HANG detected (critical)
[2025-11-20 23:34:02] [WARNING] 🔄 Attempting device recovery for ap 1-3,10 z4-9
[2025-11-20 23:34:02] [WARNING] 🔄 Attempting device recovery...
[2025-11-20 23:34:03] [WARNING]    → Device not responding to ADB (CRITICAL)
[2025-11-20 23:34:03] [WARNING] ⚠️  ap 1-3,10 z4-9: DEVICE HANG detected (critical)
[2025-11-20 23:34:03] [WARNING] 🔄 Attempting device recovery for ap 1-3,10 z4-9
[2025-11-20 23:34:03] [WARNING] 🔄 Attempting device recovery...
[2025-11-20 23:34:03] [WARNING]    → Device not responding to ADB (CRITICAL)
[2025-11-20 23:34:03] [WARNING] ⚠️  ap 1-3,10 z4-9: DEVICE HANG detected (critical)
[2025-11-20 23:34:03] [WARNING] 🔄 Attempting device recovery for ap 1-3,10 z4-9
[2025-11-20 23:34:03] [WARNING] 🔄 Attempting device recovery...
[2025-11-20 23:34:03] [WARNING]    → Device not responding to ADB (CRITICAL)
[2025-11-20 23:34:03] [WARNING] ⚠️  ap 1-3,10 z4-9: DEVICE HANG detected (critical)
[2025-11-20 23:34:03] [WARNING] 🔄 Attempting device recovery for ap 1-3,10 z4-9
[2025-11-20 23:34:03] [WARNING] 🔄 Attempting device recovery...
[2025-11-20 23:34:07] [SUCCESS] ✅ Device recovery completed
[2025-11-20 23:34:07] [SUCCESS] ✅ Device recovery completed
[2025-11-20 23:34:09] [SUCCESS] ✅ Device recovery completed
[2025-11-20 23:34:10] [SUCCESS] ✅ Device recovery completed
[2025-11-20 23:34:10] [SUCCESS] ✅ Device recovery completed
[2025-11-20 23:34:10] [SUCCESS] ✅ Device recovery completed
[2025-11-20 23:34:10] [SUCCESS] ✅ Device recovery completed
[2025-11-20 23:34:11] [SUCCESS] ✅ Device recovery completed
[2025-11-20 23:34:11] [SUCCESS] ✅ Device recovery completed
[2025-11-20 23:34:11] [SUCCESS] ✅ Device recovery completed
[2025-11-20 23:34:28] [WARNING] ⚠️  73-1 > Roblox Clone 73-1: CRASH detected
[2025-11-20 23:34:28] [WARNING]    Details: Process not found (confidence: 90%)
[2025-11-20 23:34:28] [WARNING] ⚠️  73-1 > Roblox Clone 73-1: CRASH detected
[2025-11-20 23:34:28] [WARNING]    Details: Process not found (confidence: 90%)
[2025-11-20 23:34:31] [SUCCESS] ✅ 73-1 > Roblox Clone 73-1: Fixed in 2.4s
[2025-11-20 23:34:31] [WARNING] ⚠️  73-1 > Roblox Clone 73-1: CRASH detected
[2025-11-20 23:34:31] [WARNING]    Details: Process not found (confidence: 90%)
[2025-11-20 23:34:31] [WARNING] ⚠️  73-1 > Roblox Clone 73-1: CRASH detected
[2025-11-20 23:34:31] [WARNING]    Details: Process not found (confidence: 90%)
[2025-11-20 23:34:31] [SUCCESS] ✅ 73-1 > Roblox Clone 73-1: Fixed in 3.0s
[2025-11-20 23:34:33] [WARNING] ⚠️  73-1 > Roblox Clone 73-1: CRASH detected
[2025-11-20 23:34:33] [WARNING]    Details: Process not found (confidence: 90%)
[2025-11-20 23:34:33] [SUCCESS] ✅ 73-1 > Roblox Clone 73-1: Fixed in 2.0s
[2025-11-20 23:34:33] [WARNING] ⚠️  73-1 > Roblox Clone 73-1: CRASH detected
[2025-11-20 23:34:33] [WARNING]    Details: Process not found (confidence: 90%)
[2025-11-20 23:34:33] [WARNING] ⚠️  73-1 > Roblox Clone 73-1: CRASH detected
[2025-11-20 23:34:33] [WARNING]    Details: Process not found (confidence: 90%)
[2025-11-20 23:34:33] [SUCCESS] ✅ 73-1 > Roblox Clone 73-1: Fixed in 2.5s
[2025-11-20 23:34:34] [WARNING] ⚠️  73-1 > Roblox Clone 73-1: CRASH detected
[2025-11-20 23:34:34] [WARNING]    Details: Process not found (confidence: 90%)
[2025-11-20 23:34:34] [WARNING] ⚠️  73-1 > Roblox Clone 73-1: CRASH detected
[2025-11-20 23:34:34] [WARNING]    Details: Process not found (confidence: 90%)
[2025-11-20 23:34:34] [WARNING] ⚠️  73-1 > Roblox Clone 73-1: CRASH detected
[2025-11-20 23:34:34] [WARNING]    Details: Process not found (confidence: 90%)
[2025-11-20 23:34:34] [SUCCESS] ✅ 73-1 > Roblox Clone 73-1: Fixed in 1.9s
[2025-11-20 23:34:35] [SUCCESS] ✅ 73-1 > Roblox Clone 73-1: Fixed in 1.9s
[2025-11-20 23:34:35] [SUCCESS] ✅ 73-1 > Roblox Clone 73-1: Fixed in 1.7s
[2025-11-20 23:34:36] [SUCCESS] ✅ 73-1 > Roblox Clone 73-1: Fixed in 1.8s
[2025-11-20 23:34:36] [SUCCESS] ✅ 73-1 > Roblox Clone 73-1: Fixed in 1.8s
[2025-11-20 23:34:36] [SUCCESS] ✅ 73-1 > Roblox Clone 73-1: Fixed in 1.8s
[2025-11-20 23:34:36] [INFO] 
────────────────────────────────────────────────────────────
[2025-11-20 23:34:36] [INFO] ✅ Cycle Complete (149.7s)
[2025-11-20 23:34:36] [INFO]    Healthy: 0
[2025-11-20 23:34:36] [SUCCESS]    Fixed: 60
[2025-11-20 23:34:36] [INFO]    Issues: 60 crash
[2025-11-20 23:34:36] [INFO] 
   Detection Details:
[2025-11-20 23:34:36] [INFO]       • 33 - 2 > Roblox Clone 33-2: crash via process_check (90%)
[2025-11-20 23:34:36] [INFO]       • 33 - 2 > Roblox Clone 33-2: crash via process_check (90%)
[2025-11-20 23:34:36] [INFO]       • 33 - 2 > Roblox Clone 33-2: crash via process_check (90%)
[2025-11-20 23:34:36] [INFO]       • 33 - 2 > Roblox Clone 33-2: crash via process_check (90%)
[2025-11-20 23:34:36] [INFO]       • 33 - 2 > Roblox Clone 33-2: crash via process_check (90%)
[2025-11-20 23:34:36] [INFO] ────────────────────────────────────────────────────────────
[2025-11-20 23:34:36] [INFO] 
💤 Waiting 30s for next cycle...
[2025-11-20 23:35:06] [INFO] 
🔍 Starting check cycle for 80 clones...
[2025-11-20 23:35:13] [WARNING]    → Device not responding to ADB (CRITICAL)
[2025-11-20 23:35:13] [WARNING]    → Device not responding to ADB (CRITICAL)
[2025-11-20 23:35:13] [WARNING]    → Device not responding to ADB (CRITICAL)
[2025-11-20 23:35:13] [WARNING] ⚠️  33 - 1: DEVICE HANG detected (critical)
[2025-11-20 23:35:13] [WARNING] ⚠️  33 - 1: DEVICE HANG detected (critical)
[2025-11-20 23:35:13] [WARNING] ⚠️  33 - 1: DEVICE HANG detected (critical)
[2025-11-20 23:35:13] [WARNING] 🔄 Attempting device recovery for 33 - 1
[2025-11-20 23:35:13] [WARNING] 🔄 Attempting device recovery for 33 - 1
[2025-11-20 23:35:13] [WARNING] 🔄 Attempting device recovery for 33 - 1
[2025-11-20 23:35:13] [WARNING] 🔄 Attempting device recovery...
[2025-11-20 23:35:13] [WARNING]    → Device not responding to ADB (CRITICAL)
[2025-11-20 23:35:13] [WARNING] 🔄 Attempting device recovery...
[2025-11-20 23:35:13] [WARNING] 🔄 Attempting device recovery...
[2025-11-20 23:35:13] [WARNING] ⚠️  33 - 1: DEVICE HANG detected (critical)
[2025-11-20 23:35:13] [WARNING] 🔄 Attempting device recovery for 33 - 1
[2025-11-20 23:35:13] [WARNING] 🔄 Attempting device recovery...
[2025-11-20 23:35:13] [WARNING]    → Device not responding to ADB (CRITICAL)
[2025-11-20 23:35:13] [WARNING] ⚠️  33 - 1: DEVICE HANG detected (critical)
[2025-11-20 23:35:13] [WARNING] 🔄 Attempting device recovery for 33 - 1
[2025-11-20 23:35:13] [WARNING] 🔄 Attempting device recovery...
[2025-11-20 23:35:13] [WARNING]    → Device not responding to ADB (CRITICAL)
[2025-11-20 23:35:13] [WARNING]    → Device not responding to ADB (CRITICAL)
[2025-11-20 23:35:13] [WARNING] ⚠️  33 - 1: DEVICE HANG detected (critical)
[2025-11-20 23:35:13] [WARNING] ⚠️  33 - 1: DEVICE HANG detected (critical)
[2025-11-20 23:35:13] [WARNING] 🔄 Attempting device recovery for 33 - 1
[2025-11-20 23:35:13] [WARNING] 🔄 Attempting device recovery for 33 - 1
[2025-11-20 23:35:13] [WARNING] 🔄 Attempting device recovery...
[2025-11-20 23:35:13] [WARNING] 🔄 Attempting device recovery...
[2025-11-20 23:35:13] [WARNING]    → Device not responding to ADB (CRITICAL)
[2025-11-20 23:35:13] [WARNING] ⚠️  33 - 1: DEVICE HANG detected (critical)
[2025-11-20 23:35:13] [WARNING] 🔄 Attempting device recovery for 33 - 1
[2025-11-20 23:35:13] [WARNING] 🔄 Attempting device recovery...
[2025-11-20 23:35:13] [WARNING]    → Device not responding to ADB (CRITICAL)
[2025-11-20 23:35:13] [WARNING] ⚠️  33 - 1: DEVICE HANG detected (critical)
[2025-11-20 23:35:13] [WARNING] 🔄 Attempting device recovery for 33 - 1
[2025-11-20 23:35:13] [WARNING] 🔄 Attempting device recovery...
[2025-11-20 23:35:14] [WARNING]    → Device not responding to ADB (CRITICAL)
[2025-11-20 23:35:14] [WARNING] ⚠️  33 - 1: DEVICE HANG detected (critical)
[2025-11-20 23:35:14] [WARNING] 🔄 Attempting device recovery for 33 - 1
[2025-11-20 23:35:14] [WARNING] 🔄 Attempting device recovery...
[2025-11-20 23:35:43] [SUCCESS] ✅ Device recovery completed
[2025-11-20 23:35:43] [SUCCESS] ✅ Device recovery completed
[2025-11-20 23:35:44] [SUCCESS] ✅ Device recovery completed
[2025-11-20 23:35:44] [SUCCESS] ✅ Device recovery completed
[2025-11-20 23:35:44] [SUCCESS] ✅ Device recovery completed
[2025-11-20 23:35:44] [SUCCESS] ✅ Device recovery completed
[2025-11-20 23:35:44] [SUCCESS] ✅ Device recovery completed
[2025-11-20 23:35:45] [SUCCESS] ✅ Device recovery completed
[2025-11-20 23:35:45] [SUCCESS] ✅ Device recovery completed
[2025-11-20 23:35:45] [SUCCESS] ✅ Device recovery completed
[2025-11-20 23:36:03] [WARNING] ⚠️  33 - 2 > Roblox Clone 33-2: CRASH detected
[2025-11-20 23:36:03] [WARNING]    Details: Process not found (confidence: 90%)
[2025-11-20 23:36:03] [WARNING] ⚠️  33 - 2 > Roblox Clone 33-2: CRASH detected
[2025-11-20 23:36:03] [WARNING]    Details: Process not found (confidence: 90%)
[2025-11-20 23:36:03] [WARNING] ⚠️  33 - 2 > Roblox Clone 33-2: CRASH detected
[2025-11-20 23:36:03] [WARNING]    Details: Process not found (confidence: 90%)
[2025-11-20 23:36:03] [WARNING] ⚠️  33 - 2 > Roblox Clone 33-2: CRASH detected
[2025-11-20 23:36:03] [WARNING]    Details: Process not found (confidence: 90%)
[2025-11-20 23:36:03] [WARNING] ⚠️  33 - 2 > Roblox Clone 33-2: CRASH detected
[2025-11-20 23:36:03] [WARNING]    Details: Process not found (confidence: 90%)
[2025-11-20 23:36:04] [WARNING] ⚠️  33 - 2 > Roblox Clone 33-2: CRASH detected
[2025-11-20 23:36:04] [WARNING]    Details: Process not found (confidence: 90%)
[2025-11-20 23:36:04] [WARNING] ⚠️  33 - 2 > Roblox Clone 33-2: CRASH detected
[2025-11-20 23:36:04] [WARNING]    Details: Process not found (confidence: 90%)
[2025-11-20 23:36:04] [WARNING] ⚠️  33 - 2 > Roblox Clone 33-2: CRASH detected
[2025-11-20 23:36:04] [WARNING]    Details: Process not found (confidence: 90%)
[2025-11-20 23:36:04] [WARNING] ⚠️  33 - 2 > Roblox Clone 33-2: CRASH detected
[2025-11-20 23:36:04] [WARNING]    Details: Process not found (confidence: 90%)
[2025-11-20 23:36:04] [SUCCESS] ✅ 33 - 2 > Roblox Clone 33-2: Fixed in 1.6s
[2025-11-20 23:36:04] [SUCCESS] ✅ 33 - 2 > Roblox Clone 33-2: Fixed in 1.5s
[2025-11-20 23:36:04] [WARNING] ⚠️  33 - 2 > Roblox Clone 33-2: CRASH detected
[2025-11-20 23:36:04] [WARNING]    Details: Process not found (confidence: 90%)
[2025-11-20 23:36:04] [SUCCESS] ✅ 33 - 2 > Roblox Clone 33-2: Fixed in 1.8s
[2025-11-20 23:36:05] [SUCCESS] ✅ 33 - 2 > Roblox Clone 33-2: Fixed in 1.9s
[2025-11-20 23:36:05] [SUCCESS] ✅ 33 - 2 > Roblox Clone 33-2: Fixed in 1.9s
[2025-11-20 23:36:05] [SUCCESS] ✅ 33 - 2 > Roblox Clone 33-2: Fixed in 1.4s
[2025-11-20 23:36:05] [SUCCESS] ✅ 33 - 2 > Roblox Clone 33-2: Fixed in 1.4s
[2025-11-20 23:36:05] [SUCCESS] ✅ 33 - 2 > Roblox Clone 33-2: Fixed in 1.4s
[2025-11-20 23:36:06] [SUCCESS] ✅ 33 - 2 > Roblox Clone 33-2: Fixed in 1.5s
[2025-11-20 23:36:06] [SUCCESS] ✅ 33 - 2 > Roblox Clone 33-2: Fixed in 1.5s
[2025-11-20 23:36:14] [WARNING] ⚠️  13-2 > Roblox Clone 13-2: CRASH detected
[2025-11-20 23:36:14] [WARNING]    Details: Process not found (confidence: 90%)
[2025-11-20 23:36:14] [WARNING] ⚠️  13-2 > Roblox Clone 13-2: CRASH detected
[2025-11-20 23:36:14] [WARNING]    Details: Process not found (confidence: 90%)
[2025-11-20 23:36:14] [WARNING] ⚠️  13-2 > Roblox Clone 13-2: CRASH detected
[2025-11-20 23:36:14] [WARNING]    Details: Process not found (confidence: 90%)
[2025-11-20 23:36:15] [WARNING] ⚠️  13-2 > Roblox Clone 13-2: CRASH detected
[2025-11-20 23:36:15] [WARNING]    Details: Process not found (confidence: 90%)
[2025-11-20 23:36:15] [SUCCESS] ✅ 13-2 > Roblox Clone 13-2: Fixed in 1.4s
[2025-11-20 23:36:16] [WARNING] ⚠️  13-2 > Roblox Clone 13-2: CRASH detected
[2025-11-20 23:36:16] [WARNING]    Details: Process not found (confidence: 90%)
[2025-11-20 23:36:16] [WARNING] ⚠️  13-2 > Roblox Clone 13-2: CRASH detected
[2025-11-20 23:36:16] [WARNING]    Details: Process not found (confidence: 90%)
[2025-11-20 23:36:16] [WARNING] ⚠️  13-2 > Roblox Clone 13-2: CRASH detected
[2025-11-20 23:36:16] [WARNING]    Details: Process not found (confidence: 90%)
[2025-11-20 23:36:16] [WARNING] ⚠️  13-2 > Roblox Clone 13-2: CRASH detected
[2025-11-20 23:36:16] [WARNING]    Details: Process not found (confidence: 90%)
[2025-11-20 23:36:17] [SUCCESS] ✅ 13-2 > Roblox Clone 13-2: Fixed in 2.1s
[2025-11-20 23:36:17] [WARNING] ⚠️  13-2 > Roblox Clone 13-2: CRASH detected
[2025-11-20 23:36:17] [WARNING]    Details: Process not found (confidence: 90%)
[2025-11-20 23:36:17] [SUCCESS] ✅ 13-2 > Roblox Clone 13-2: Fixed in 2.2s
[2025-11-20 23:36:17] [WARNING] ⚠️  13-2 > Roblox Clone 13-2: CRASH detected
[2025-11-20 23:36:17] [WARNING]    Details: Process not found (confidence: 90%)
[2025-11-20 23:36:17] [SUCCESS] ✅ 13-2 > Roblox Clone 13-2: Fixed in 2.0s
[2025-11-20 23:36:17] [SUCCESS] ✅ 13-2 > Roblox Clone 13-2: Fixed in 1.3s
[2025-11-20 23:36:17] [SUCCESS] ✅ 13-2 > Roblox Clone 13-2: Fixed in 1.3s
[2025-11-20 23:36:17] [SUCCESS] ✅ 13-2 > Roblox Clone 13-2: Fixed in 1.3s
[2025-11-20 23:36:17] [SUCCESS] ✅ 13-2 > Roblox Clone 13-2: Fixed in 1.4s
[2025-11-20 23:36:18] [SUCCESS] ✅ 13-2 > Roblox Clone 13-2: Fixed in 1.6s
[2025-11-20 23:36:18] [SUCCESS] ✅ 13-2 > Roblox Clone 13-2: Fixed in 1.6s
[2025-11-20 23:36:23] [WARNING] ⚠️  kesatu > Roblox Clone kesatu: CRASH detected
[2025-11-20 23:36:23] [WARNING]    Details: Process not found (confidence: 90%)
[2025-11-20 23:36:25] [SUCCESS] ✅ kesatu > Roblox Clone kesatu: Fixed in 1.6s
[2025-11-20 23:36:25] [WARNING] ⚠️  kesatu > Roblox Clone kesatu: CRASH detected
[2025-11-20 23:36:25] [WARNING]    Details: Process not found (confidence: 90%)
[2025-11-20 23:36:26] [WARNING] ⚠️  kesatu > Roblox Clone kesatu: CRASH detected
[2025-11-20 23:36:26] [WARNING]    Details: Process not found (confidence: 90%)
[2025-11-20 23:36:26] [WARNING] ⚠️  kesatu > Roblox Clone kesatu: CRASH detected
[2025-11-20 23:36:26] [WARNING]    Details: Process not found (confidence: 90%)
[2025-11-20 23:36:27] [WARNING] ⚠️  kesatu > Roblox Clone kesatu: CRASH detected
[2025-11-20 23:36:27] [WARNING]    Details: Process not found (confidence: 90%)
[2025-11-20 23:36:27] [WARNING] ⚠️  kesatu > Roblox Clone kesatu: CRASH detected
[2025-11-20 23:36:27] [WARNING]    Details: Process not found (confidence: 90%)
[2025-11-20 23:36:27] [WARNING] ⚠️  kesatu > Roblox Clone kesatu: CRASH detected
[2025-11-20 23:36:27] [WARNING]    Details: Process not found (confidence: 90%)
[2025-11-20 23:36:27] [WARNING] ⚠️  kesatu > Roblox Clone kesatu: CRASH detected
[2025-11-20 23:36:27] [WARNING]    Details: Process not found (confidence: 90%)
[2025-11-20 23:36:27] [WARNING] ⚠️  kesatu > Roblox Clone kesatu: CRASH detected
[2025-11-20 23:36:27] [WARNING]    Details: Process not found (confidence: 90%)
[2025-11-20 23:36:27] [SUCCESS] ✅ kesatu > Roblox Clone kesatu: Fixed in 1.6s
[2025-11-20 23:36:27] [WARNING] ⚠️  kesatu > Roblox Clone kesatu: CRASH detected
[2025-11-20 23:36:27] [WARNING]    Details: Process not found (confidence: 90%)
[2025-11-20 23:36:28] [SUCCESS] ✅ kesatu > Roblox Clone kesatu: Fixed in 1.4s
[2025-11-20 23:36:28] [SUCCESS] ✅ kesatu > Roblox Clone kesatu: Fixed in 1.5s
[2025-11-20 23:36:28] [SUCCESS] ✅ kesatu > Roblox Clone kesatu: Fixed in 1.6s
[2025-11-20 23:36:28] [SUCCESS] ✅ kesatu > Roblox Clone kesatu: Fixed in 1.6s
[2025-11-20 23:36:28] [SUCCESS] ✅ kesatu > Roblox Clone kesatu: Fixed in 1.6s
[2025-11-20 23:36:28] [SUCCESS] ✅ kesatu > Roblox Clone kesatu: Fixed in 1.6s
[2025-11-20 23:36:28] [SUCCESS] ✅ kesatu > Roblox Clone kesatu: Fixed in 1.6s
[2025-11-20 23:36:29] [SUCCESS] ✅ kesatu > Roblox Clone kesatu: Fixed in 1.3s
[2025-11-20 23:36:38] [WARNING] ⚠️  ampunbg > Roblox Clone ampunbg: CRASH detected
[2025-11-20 23:36:38] [WARNING]    Details: Process not found (confidence: 90%)
[2025-11-20 23:36:39] [WARNING] ⚠️  ampunbg > Roblox Clone ampunbg: CRASH detected
[2025-11-20 23:36:39] [WARNING]    Details: Process not found (confidence: 90%)
[2025-11-20 23:36:39] [WARNING] ⚠️  ampunbg > Roblox Clone ampunbg: CRASH detected
[2025-11-20 23:36:39] [WARNING]    Details: Process not found (confidence: 90%)
[2025-11-20 23:36:39] [SUCCESS] ✅ ampunbg > Roblox Clone ampunbg: Fixed in 1.8s
[2025-11-20 23:36:39] [WARNING] ⚠️  ampunbg > Roblox Clone ampunbg: CRASH detected
[2025-11-20 23:36:39] [WARNING]    Details: Process not found (confidence: 90%)
[2025-11-20 23:36:39] [WARNING] ⚠️  ampunbg > Roblox Clone ampunbg: CRASH detected
[2025-11-20 23:36:39] [WARNING]    Details: Process not found (confidence: 90%)
[2025-11-20 23:36:40] [WARNING] ⚠️  ampunbg > Roblox Clone ampunbg: CRASH detected
[2025-11-20 23:36:40] [WARNING]    Details: Process not found (confidence: 90%)
[2025-11-20 23:36:40] [WARNING] ⚠️  ampunbg > Roblox Clone ampunbg: CRASH detected
[2025-11-20 23:36:40] [WARNING]    Details: Process not found (confidence: 90%)
[2025-11-20 23:36:40] [WARNING] ⚠️  ampunbg > Roblox Clone ampunbg: CRASH detected
[2025-11-20 23:36:40] [WARNING]    Details: Process not found (confidence: 90%)
[2025-11-20 23:36:40] [WARNING] ⚠️  ampunbg > Roblox Clone ampunbg: CRASH detected
[2025-11-20 23:36:40] [WARNING]    Details: Process not found (confidence: 90%)
[2025-11-20 23:36:40] [WARNING] ⚠️  ampunbg > Roblox Clone ampunbg: CRASH detected
[2025-11-20 23:36:40] [WARNING]    Details: Process not found (confidence: 90%)
[2025-11-20 23:36:41] [SUCCESS] ✅ ampunbg > Roblox Clone ampunbg: Fixed in 1.9s
[2025-11-20 23:36:41] [SUCCESS] ✅ ampunbg > Roblox Clone ampunbg: Fixed in 1.4s
[2025-11-20 23:36:41] [SUCCESS] ✅ ampunbg > Roblox Clone ampunbg: Fixed in 1.9s
[2025-11-20 23:36:41] [SUCCESS] ✅ ampunbg > Roblox Clone ampunbg: Fixed in 1.9s
[2025-11-20 23:36:41] [SUCCESS] ✅ ampunbg > Roblox Clone ampunbg: Fixed in 1.3s
[2025-11-20 23:36:42] [SUCCESS] ✅ ampunbg > Roblox Clone ampunbg: Fixed in 1.9s
[2025-11-20 23:36:42] [SUCCESS] ✅ ampunbg > Roblox Clone ampunbg: Fixed in 2.0s
[2025-11-20 23:36:42] [SUCCESS] ✅ ampunbg > Roblox Clone ampunbg: Fixed in 2.0s
[2025-11-20 23:36:42] [SUCCESS] ✅ ampunbg > Roblox Clone ampunbg: Fixed in 2.0s
[2025-11-20 23:36:49] [WARNING] ⚠️  zetsto > Roblox Clone zetsto: CRASH detected
[2025-11-20 23:36:49] [WARNING]    Details: Process not found (confidence: 90%)
[2025-11-20 23:36:51] [WARNING] ⚠️  zetsto > Roblox Clone zetsto: CRASH detected
[2025-11-20 23:36:51] [WARNING]    Details: Process not found (confidence: 90%)
[2025-11-20 23:36:51] [WARNING] ⚠️  zetsto > Roblox Clone zetsto: CRASH detected
[2025-11-20 23:36:51] [WARNING]    Details: Process not found (confidence: 90%)
[2025-11-20 23:36:51] [SUCCESS] ✅ zetsto > Roblox Clone zetsto: Fixed in 2.0s
[2025-11-20 23:36:51] [WARNING] ⚠️  zetsto > Roblox Clone zetsto: CRASH detected
[2025-11-20 23:36:51] [WARNING]    Details: Process not found (confidence: 90%)
[2025-11-20 23:36:51] [WARNING] ⚠️  zetsto > Roblox Clone zetsto: CRASH detected
[2025-11-20 23:36:51] [WARNING]    Details: Process not found (confidence: 90%)
[2025-11-20 23:36:51] [WARNING] ⚠️  zetsto > Roblox Clone zetsto: CRASH detected
[2025-11-20 23:36:51] [WARNING]    Details: Process not found (confidence: 90%)
[2025-11-20 23:36:52] [WARNING] ⚠️  zetsto > Roblox Clone zetsto: CRASH detected
[2025-11-20 23:36:52] [WARNING]    Details: Process not found (confidence: 90%)
[2025-11-20 23:36:52] [WARNING]    → Device not responding to ADB (CRITICAL)
[2025-11-20 23:36:52] [WARNING] ⚠️  ap 1-3,10 z4-9: DEVICE HANG detected (critical)
[2025-11-20 23:36:52] [WARNING] 🔄 Attempting device recovery for ap 1-3,10 z4-9
[2025-11-20 23:36:52] [WARNING] 🔄 Attempting device recovery...
[2025-11-20 23:36:53] [SUCCESS] ✅ zetsto > Roblox Clone zetsto: Fixed in 2.2s
[2025-11-20 23:36:53] [WARNING] ⚠️  zetsto > Roblox Clone zetsto: CRASH detected
[2025-11-20 23:36:53] [WARNING]    Details: Process not found (confidence: 90%)
[2025-11-20 23:36:53] [WARNING] ⚠️  zetsto > Roblox Clone zetsto: CRASH detected
[2025-11-20 23:36:53] [WARNING]    Details: Process not found (confidence: 90%)
[2025-11-20 23:36:53] [SUCCESS] ✅ zetsto > Roblox Clone zetsto: Fixed in 2.3s
[2025-11-20 23:36:54] [SUCCESS] ✅ zetsto > Roblox Clone zetsto: Fixed in 2.7s
[2025-11-20 23:36:54] [WARNING]    → Device not responding to ADB (CRITICAL)
[2025-11-20 23:36:54] [WARNING]    → Device not responding to ADB (CRITICAL)
[2025-11-20 23:36:54] [WARNING] ⚠️  ap 1-3,10 z4-9: DEVICE HANG detected (critical)
[2025-11-20 23:36:54] [SUCCESS] ✅ zetsto > Roblox Clone zetsto: Fixed in 2.7s
[2025-11-20 23:36:54] [WARNING] ⚠️  ap 1-3,10 z4-9: DEVICE HANG detected (critical)
[2025-11-20 23:36:54] [WARNING] 🔄 Attempting device recovery for ap 1-3,10 z4-9
[2025-11-20 23:36:54] [WARNING] 🔄 Attempting device recovery for ap 1-3,10 z4-9
[2025-11-20 23:36:54] [SUCCESS] ✅ zetsto > Roblox Clone zetsto: Fixed in 2.8s
[2025-11-20 23:36:54] [WARNING] 🔄 Attempting device recovery...
[2025-11-20 23:36:54] [WARNING] 🔄 Attempting device recovery...
[2025-11-20 23:36:54] [WARNING] ⚠️  zetsto > Roblox Clone zetsto: CRASH detected
[2025-11-20 23:36:54] [WARNING]    Details: Process not found (confidence: 90%)
[2025-11-20 23:36:55] [SUCCESS] ✅ zetsto > Roblox Clone zetsto: Fixed in 3.4s
[2025-11-20 23:36:55] [WARNING]    → Device not responding to ADB (CRITICAL)
[2025-11-20 23:36:55] [WARNING] ⚠️  ap 1-3,10 z4-9: DEVICE HANG detected (critical)
[2025-11-20 23:36:55] [WARNING] 🔄 Attempting device recovery for ap 1-3,10 z4-9
[2025-11-20 23:36:55] [WARNING] 🔄 Attempting device recovery...
[2025-11-20 23:36:55] [WARNING]    → Device not responding to ADB (CRITICAL)
[2025-11-20 23:36:55] [WARNING] ⚠️  ap 1-3,10 z4-9: DEVICE HANG detected (critical)
[2025-11-20 23:36:55] [WARNING] 🔄 Attempting device recovery for ap 1-3,10 z4-9
[2025-11-20 23:36:55] [WARNING] 🔄 Attempting device recovery...
[2025-11-20 23:36:55] [WARNING]    → Device not responding to ADB (CRITICAL)
[2025-11-20 23:36:55] [WARNING] ⚠️  ap 1-3,10 z4-9: DEVICE HANG detected (critical)
[2025-11-20 23:36:55] [WARNING] 🔄 Attempting device recovery for ap 1-3,10 z4-9
[2025-11-20 23:36:55] [WARNING] 🔄 Attempting device recovery...
[2025-11-20 23:36:55] [SUCCESS] ✅ zetsto > Roblox Clone zetsto: Fixed in 1.9s
[2025-11-20 23:36:55] [SUCCESS] ✅ zetsto > Roblox Clone zetsto: Fixed in 2.0s
[2025-11-20 23:36:56] [WARNING]    → Device not responding to ADB (CRITICAL)
[2025-11-20 23:36:56] [WARNING] ⚠️  ap 1-3,10 z4-9: DEVICE HANG detected (critical)
[2025-11-20 23:36:56] [WARNING] 🔄 Attempting device recovery for ap 1-3,10 z4-9
[2025-11-20 23:36:56] [WARNING] 🔄 Attempting device recovery...
[2025-11-20 23:36:56] [WARNING]    → Device not responding to ADB (CRITICAL)
[2025-11-20 23:36:56] [WARNING] ⚠️  ap 1-3,10 z4-9: DEVICE HANG detected (critical)
[2025-11-20 23:36:56] [WARNING] 🔄 Attempting device recovery for ap 1-3,10 z4-9
[2025-11-20 23:36:56] [WARNING] 🔄 Attempting device recovery...
[2025-11-20 23:36:56] [WARNING]    → Device not responding to ADB (CRITICAL)
[2025-11-20 23:36:56] [WARNING] ⚠️  ap 1-3,10 z4-9: DEVICE HANG detected (critical)
[2025-11-20 23:36:56] [WARNING] 🔄 Attempting device recovery for ap 1-3,10 z4-9
[2025-11-20 23:36:56] [WARNING] 🔄 Attempting device recovery...
[2025-11-20 23:36:56] [SUCCESS] ✅ zetsto > Roblox Clone zetsto: Fixed in 2.0s
[2025-11-20 23:36:57] [WARNING]    → Device not responding to ADB (CRITICAL)
[2025-11-20 23:36:57] [WARNING] ⚠️  ap 1-3,10 z4-9: DEVICE HANG detected (critical)
[2025-11-20 23:36:57] [WARNING] 🔄 Attempting device recovery for ap 1-3,10 z4-9
[2025-11-20 23:36:57] [WARNING] 🔄 Attempting device recovery...
[2025-11-20 23:37:00] [SUCCESS] ✅ Device recovery completed
[2025-11-20 23:37:02] [SUCCESS] ✅ Device recovery completed
[2025-11-20 23:37:03] [SUCCESS] ✅ Device recovery completed
[2025-11-20 23:37:04] [SUCCESS] ✅ Device recovery completed
[2025-11-20 23:37:04] [SUCCESS] ✅ Device recovery completed
[2025-11-20 23:37:04] [SUCCESS] ✅ Device recovery completed
[2025-11-20 23:37:04] [SUCCESS] ✅ Device recovery completed
[2025-11-20 23:37:04] [SUCCESS] ✅ Device recovery completed
[2025-11-20 23:37:04] [SUCCESS] ✅ Device recovery completed
[2025-11-20 23:37:05] [SUCCESS] ✅ Device recovery completed
[2025-11-20 23:37:21] [WARNING] ⚠️  73-1 > Roblox Clone 73-1: CRASH detected
[2025-11-20 23:37:21] [WARNING]    Details: Process not found (confidence: 90%)
[2025-11-20 23:37:23] [SUCCESS] ✅ 73-1 > Roblox Clone 73-1: Fixed in 2.2s
[2025-11-20 23:37:26] [WARNING] ⚠️  73-1 > Roblox Clone 73-1: CRASH detected
[2025-11-20 23:37:26] [WARNING]    Details: Process not found (confidence: 90%)
[2025-11-20 23:37:26] [WARNING] ⚠️  73-1 > Roblox Clone 73-1: CRASH detected
[2025-11-20 23:37:26] [WARNING]    Details: Process not found (confidence: 90%)
[2025-11-20 23:37:26] [WARNING] ⚠️  73-1 > Roblox Clone 73-1: CRASH detected
[2025-11-20 23:37:26] [WARNING]    Details: Process not found (confidence: 90%)
[2025-11-20 23:37:26] [WARNING] ⚠️  73-1 > Roblox Clone 73-1: CRASH detected
[2025-11-20 23:37:26] [WARNING]    Details: Process not found (confidence: 90%)
[2025-11-20 23:37:27] [WARNING] ⚠️  73-1 > Roblox Clone 73-1: CRASH detected
[2025-11-20 23:37:27] [WARNING]    Details: Process not found (confidence: 90%)
[2025-11-20 23:37:27] [WARNING] ⚠️  73-1 > Roblox Clone 73-1: CRASH detected
[2025-11-20 23:37:27] [WARNING]    Details: Process not found (confidence: 90%)
[2025-11-20 23:37:27] [WARNING] ⚠️  73-1 > Roblox Clone 73-1: CRASH detected
[2025-11-20 23:37:27] [WARNING]    Details: Process not found (confidence: 90%)
[2025-11-20 23:37:27] [WARNING] ⚠️  73-1 > Roblox Clone 73-1: CRASH detected
[2025-11-20 23:37:27] [WARNING]    Details: Process not found (confidence: 90%)
[2025-11-20 23:37:27] [WARNING] ⚠️  73-1 > Roblox Clone 73-1: CRASH detected
[2025-11-20 23:37:27] [WARNING]    Details: Process not found (confidence: 90%)
[2025-11-20 23:37:28] [SUCCESS] ✅ 73-1 > Roblox Clone 73-1: Fixed in 1.9s
[2025-11-20 23:37:28] [SUCCESS] ✅ 73-1 > Roblox Clone 73-1: Fixed in 1.9s
[2025-11-20 23:37:28] [SUCCESS] ✅ 73-1 > Roblox Clone 73-1: Fixed in 1.9s
[2025-11-20 23:37:28] [SUCCESS] ✅ 73-1 > Roblox Clone 73-1: Fixed in 1.9s
[2025-11-20 23:37:28] [SUCCESS] ✅ 73-1 > Roblox Clone 73-1: Fixed in 1.8s
[2025-11-20 23:37:29] [SUCCESS] ✅ 73-1 > Roblox Clone 73-1: Fixed in 1.9s
[2025-11-20 23:37:29] [SUCCESS] ✅ 73-1 > Roblox Clone 73-1: Fixed in 1.9s
[2025-11-20 23:37:29] [SUCCESS] ✅ 73-1 > Roblox Clone 73-1: Fixed in 1.9s
[2025-11-20 23:37:29] [SUCCESS] ✅ 73-1 > Roblox Clone 73-1: Fixed in 1.9s
[2025-11-20 23:37:29] [INFO] 
────────────────────────────────────────────────────────────
[2025-11-20 23:37:29] [INFO] ✅ Cycle Complete (143.3s)
[2025-11-20 23:37:29] [INFO]    Healthy: 0
[2025-11-20 23:37:29] [SUCCESS]    Fixed: 60
[2025-11-20 23:37:29] [INFO]    Issues: 60 crash
[2025-11-20 23:37:29] [INFO] 
   Detection Details:
[2025-11-20 23:37:29] [INFO]       • 33 - 2 > Roblox Clone 33-2: crash via process_check (90%)
[2025-11-20 23:37:29] [INFO]       • 33 - 2 > Roblox Clone 33-2: crash via process_check (90%)
[2025-11-20 23:37:29] [INFO]       • 33 - 2 > Roblox Clone 33-2: crash via process_check (90%)
[2025-11-20 23:37:29] [INFO]       • 33 - 2 > Roblox Clone 33-2: crash via process_check (90%)
[2025-11-20 23:37:29] [INFO]       • 33 - 2 > Roblox Clone 33-2: crash via process_check (90%)
[2025-11-20 23:37:29] [INFO] ────────────────────────────────────────────────────────────
[2025-11-20 23:37:29] [INFO] 
💤 Waiting 30s for next cycle...
[2025-11-20 23:37:59] [INFO] 
🔍 Starting check cycle for 80 clones...
[2025-11-20 23:38:06] [WARNING]    → Device not responding to ADB (CRITICAL)
[2025-11-20 23:38:06] [WARNING]    → Device not responding to ADB (CRITICAL)
[2025-11-20 23:38:06] [WARNING]    → Device not responding to ADB (CRITICAL)
[2025-11-20 23:38:06] [WARNING]    → Device not responding to ADB (CRITICAL)
[2025-11-20 23:38:06] [WARNING] ⚠️  33 - 1: DEVICE HANG detected (critical)
[2025-11-20 23:38:06] [WARNING]    → Device not responding to ADB (CRITICAL)
[2025-11-20 23:38:06] [WARNING]    → Device not responding to ADB (CRITICAL)
[2025-11-20 23:38:06] [WARNING]    → Device not responding to ADB (CRITICAL)
[2025-11-20 23:38:06] [WARNING] ⚠️  33 - 1: DEVICE HANG detected (critical)
[2025-11-20 23:38:06] [WARNING]    → Device not responding to ADB (CRITICAL)
[2025-11-20 23:38:06] [WARNING] ⚠️  33 - 1: DEVICE HANG detected (critical)
[2025-11-20 23:38:06] [WARNING] ⚠️  33 - 1: DEVICE HANG detected (critical)
[2025-11-20 23:38:06] [WARNING] 🔄 Attempting device recovery for 33 - 1
[2025-11-20 23:38:06] [WARNING] ⚠️  33 - 1: DEVICE HANG detected (critical)
[2025-11-20 23:38:06] [WARNING] ⚠️  33 - 1: DEVICE HANG detected (critical)
[2025-11-20 23:38:06] [WARNING] ⚠️  33 - 1: DEVICE HANG detected (critical)
[2025-11-20 23:38:06] [WARNING] 🔄 Attempting device recovery for 33 - 1
[2025-11-20 23:38:06] [WARNING] ⚠️  33 - 1: DEVICE HANG detected (critical)
[2025-11-20 23:38:06] [WARNING] 🔄 Attempting device recovery for 33 - 1
[2025-11-20 23:38:06] [WARNING] 🔄 Attempting device recovery for 33 - 1
[2025-11-20 23:38:06] [WARNING] 🔄 Attempting device recovery...
[2025-11-20 23:38:06] [WARNING] 🔄 Attempting device recovery for 33 - 1
[2025-11-20 23:38:06] [WARNING] 🔄 Attempting device recovery for 33 - 1
[2025-11-20 23:38:06] [WARNING] 🔄 Attempting device recovery for 33 - 1
[2025-11-20 23:38:06] [WARNING] 🔄 Attempting device recovery...
[2025-11-20 23:38:06] [WARNING] 🔄 Attempting device recovery for 33 - 1
[2025-11-20 23:38:06] [WARNING] 🔄 Attempting device recovery...
[2025-11-20 23:38:06] [WARNING] 🔄 Attempting device recovery...
[2025-11-20 23:38:06] [WARNING] 🔄 Attempting device recovery...
[2025-11-20 23:38:06] [WARNING] 🔄 Attempting device recovery...
[2025-11-20 23:38:06] [WARNING] 🔄 Attempting device recovery...
[2025-11-20 23:38:06] [WARNING] 🔄 Attempting device recovery...
[2025-11-20 23:38:06] [WARNING]    → Device not responding to ADB (CRITICAL)
[2025-11-20 23:38:06] [WARNING] ⚠️  33 - 1: DEVICE HANG detected (critical)
[2025-11-20 23:38:06] [WARNING] 🔄 Attempting device recovery for 33 - 1
[2025-11-20 23:38:06] [WARNING] 🔄 Attempting device recovery...
[2025-11-20 23:38:06] [WARNING]    → Device not responding to ADB (CRITICAL)
[2025-11-20 23:38:06] [WARNING] ⚠️  33 - 1: DEVICE HANG detected (critical)
[2025-11-20 23:38:06] [WARNING] 🔄 Attempting device recovery for 33 - 1
[2025-11-20 23:38:06] [WARNING] 🔄 Attempting device recovery...
[2025-11-20 23:38:37] [SUCCESS] ✅ Device recovery completed
[2025-11-20 23:38:37] [SUCCESS] ✅ Device recovery completed
[2025-11-20 23:38:37] [SUCCESS] ✅ Device recovery completed
[2025-11-20 23:38:37] [SUCCESS] ✅ Device recovery completed
[2025-11-20 23:38:37] [SUCCESS] ✅ Device recovery completed
[2025-11-20 23:38:37] [SUCCESS] ✅ Device recovery completed
[2025-11-20 23:38:37] [SUCCESS] ✅ Device recovery completed
[2025-11-20 23:38:37] [SUCCESS] ✅ Device recovery completed
[2025-11-20 23:38:37] [SUCCESS] ✅ Device recovery completed
[2025-11-20 23:38:37] [SUCCESS] ✅ Device recovery completed
[2025-11-20 23:39:00] [WARNING] ⚠️  33 - 2 > Roblox Clone 33-2: CRASH detected
[2025-11-20 23:39:00] [WARNING]    Details: Process not found (confidence: 90%)
[2025-11-20 23:39:00] [WARNING] ⚠️  33 - 2 > Roblox Clone 33-2: CRASH detected
[2025-11-20 23:39:00] [WARNING]    Details: Process not found (confidence: 90%)
[2025-11-20 23:39:01] [WARNING] ⚠️  33 - 2 > Roblox Clone 33-2: CRASH detected
[2025-11-20 23:39:01] [WARNING]    Details: Process not found (confidence: 90%)
[2025-11-20 23:39:01] [WARNING] ⚠️  33 - 2 > Roblox Clone 33-2: CRASH detected
[2025-11-20 23:39:01] [WARNING]    Details: Process not found (confidence: 90%)
[2025-11-20 23:39:01] [WARNING] ⚠️  33 - 2 > Roblox Clone 33-2: CRASH detected
[2025-11-20 23:39:01] [WARNING]    Details: Process not found (confidence: 90%)
[2025-11-20 23:39:02] [WARNING] ⚠️  33 - 2 > Roblox Clone 33-2: CRASH detected
[2025-11-20 23:39:02] [WARNING]    Details: Process not found (confidence: 90%)
[2025-11-20 23:39:02] [WARNING] ⚠️  33 - 2 > Roblox Clone 33-2: CRASH detected
[2025-11-20 23:39:02] [WARNING]    Details: Process not found (confidence: 90%)
[2025-11-20 23:39:02] [WARNING] ⚠️  33 - 2 > Roblox Clone 33-2: CRASH detected
[2025-11-20 23:39:02] [WARNING]    Details: Process not found (confidence: 90%)
[2025-11-20 23:39:03] [WARNING] ⚠️  33 - 2 > Roblox Clone 33-2: CRASH detected
[2025-11-20 23:39:03] [WARNING]    Details: Process not found (confidence: 90%)
[2025-11-20 23:39:03] [WARNING] ⚠️  33 - 2 > Roblox Clone 33-2: CRASH detected
[2025-11-20 23:39:03] [WARNING]    Details: Process not found (confidence: 90%)
[2025-11-20 23:39:03] [SUCCESS] ✅ 33 - 2 > Roblox Clone 33-2: Fixed in 2.7s
[2025-11-20 23:39:03] [SUCCESS] ✅ 33 - 2 > Roblox Clone 33-2: Fixed in 2.5s
[2025-11-20 23:39:03] [SUCCESS] ✅ 33 - 2 > Roblox Clone 33-2: Fixed in 2.0s
[2025-11-20 23:39:03] [SUCCESS] ✅ 33 - 2 > Roblox Clone 33-2: Fixed in 1.9s
[2025-11-20 23:39:03] [SUCCESS] ✅ 33 - 2 > Roblox Clone 33-2: Fixed in 1.9s
[2025-11-20 23:39:04] [SUCCESS] ✅ 33 - 2 > Roblox Clone 33-2: Fixed in 1.9s
[2025-11-20 23:39:05] [SUCCESS] ✅ 33 - 2 > Roblox Clone 33-2: Fixed in 2.5s
[2025-11-20 23:39:05] [WARNING] DB Error: bad parameter or other API misuse
[2025-11-20 23:39:05] [SUCCESS] ✅ 33 - 2 > Roblox Clone 33-2: Fixed in 2.5s
[2025-11-20 23:39:05] [SUCCESS] ✅ 33 - 2 > Roblox Clone 33-2: Fixed in 2.4s
[2025-11-20 23:39:05] [SUCCESS] ✅ 33 - 2 > Roblox Clone 33-2: Fixed in 2.6s
[2025-11-20 23:39:11] [WARNING] ⚠️  13-2 > Roblox Clone 13-2: CRASH detected
[2025-11-20 23:39:11] [WARNING]    Details: Process not found (confidence: 90%)
[2025-11-20 23:39:12] [WARNING] ⚠️  13-2 > Roblox Clone 13-2: CRASH detected
[2025-11-20 23:39:12] [WARNING]    Details: Process not found (confidence: 90%)
[2025-11-20 23:39:13] [WARNING] ⚠️  13-2 > Roblox Clone 13-2: CRASH detected
[2025-11-20 23:39:13] [WARNING]    Details: Process not found (confidence: 90%)
[2025-11-20 23:39:13] [WARNING] ⚠️  13-2 > Roblox Clone 13-2: CRASH detected
[2025-11-20 23:39:13] [WARNING]    Details: Process not found (confidence: 90%)
[2025-11-20 23:39:13] [WARNING] ⚠️  13-2 > Roblox Clone 13-2: CRASH detected
[2025-11-20 23:39:13] [WARNING]    Details: Process not found (confidence: 90%)
[2025-11-20 23:39:13] [WARNING] ⚠️  13-2 > Roblox Clone 13-2: CRASH detected
[2025-11-20 23:39:13] [WARNING]    Details: Process not found (confidence: 90%)
[2025-11-20 23:39:13] [SUCCESS] ✅ 13-2 > Roblox Clone 13-2: Fixed in 1.5s
[2025-11-20 23:39:14] [WARNING] ⚠️  13-2 > Roblox Clone 13-2: CRASH detected
[2025-11-20 23:39:14] [WARNING]    Details: Process not found (confidence: 90%)
[2025-11-20 23:39:14] [SUCCESS] ✅ 13-2 > Roblox Clone 13-2: Fixed in 1.5s
[2025-11-20 23:39:14] [WARNING] ⚠️  13-2 > Roblox Clone 13-2: CRASH detected
[2025-11-20 23:39:14] [WARNING]    Details: Process not found (confidence: 90%)
[2025-11-20 23:39:14] [WARNING] ⚠️  13-2 > Roblox Clone 13-2: CRASH detected
[2025-11-20 23:39:14] [WARNING]    Details: Process not found (confidence: 90%)
[2025-11-20 23:39:14] [WARNING] ⚠️  13-2 > Roblox Clone 13-2: CRASH detected
[2025-11-20 23:39:14] [WARNING]    Details: Process not found (confidence: 90%)
[2025-11-20 23:39:14] [SUCCESS] ✅ 13-2 > Roblox Clone 13-2: Fixed in 1.5s
[2025-11-20 23:39:14] [SUCCESS] ✅ 13-2 > Roblox Clone 13-2: Fixed in 1.5s
[2025-11-20 23:39:14] [SUCCESS] ✅ 13-2 > Roblox Clone 13-2: Fixed in 1.4s
[2025-11-20 23:39:15] [SUCCESS] ✅ 13-2 > Roblox Clone 13-2: Fixed in 2.0s
[2025-11-20 23:39:18] [SUCCESS] ✅ 13-2 > Roblox Clone 13-2: Fixed in 4.3s
[2025-11-20 23:39:18] [SUCCESS] ✅ 13-2 > Roblox Clone 13-2: Fixed in 4.4s
[2025-11-20 23:39:20] [SUCCESS] ✅ 13-2 > Roblox Clone 13-2: Fixed in 5.9s
[2025-11-20 23:39:20] [SUCCESS] ✅ 13-2 > Roblox Clone 13-2: Fixed in 5.8s
[2025-11-20 23:39:22] [WARNING] ⚠️  kesatu > Roblox Clone kesatu: CRASH detected
[2025-11-20 23:39:22] [WARNING]    Details: Process not found (confidence: 90%)
[2025-11-20 23:39:22] [WARNING] ⚠️  kesatu > Roblox Clone kesatu: CRASH detected
[2025-11-20 23:39:22] [WARNING]    Details: Process not found (confidence: 90%)
[2025-11-20 23:39:23] [WARNING] ⚠️  kesatu > Roblox Clone kesatu: CRASH detected
[2025-11-20 23:39:23] [WARNING]    Details: Process not found (confidence: 90%)
[2025-11-20 23:39:23] [WARNING] ⚠️  kesatu > Roblox Clone kesatu: CRASH detected
[2025-11-20 23:39:23] [WARNING]    Details: Process not found (confidence: 90%)
[2025-11-20 23:39:23] [WARNING] ⚠️  kesatu > Roblox Clone kesatu: CRASH detected
[2025-11-20 23:39:23] [WARNING]    Details: Process not found (confidence: 90%)
[2025-11-20 23:39:23] [SUCCESS] ✅ kesatu > Roblox Clone kesatu: Fixed in 1.5s
[2025-11-20 23:39:23] [WARNING] ⚠️  kesatu > Roblox Clone kesatu: CRASH detected
[2025-11-20 23:39:23] [WARNING]    Details: Process not found (confidence: 90%)
[2025-11-20 23:39:24] [SUCCESS] ✅ kesatu > Roblox Clone kesatu: Fixed in 1.4s
[2025-11-20 23:39:24] [SUCCESS] ✅ kesatu > Roblox Clone kesatu: Fixed in 1.5s
[2025-11-20 23:39:25] [SUCCESS] ✅ kesatu > Roblox Clone kesatu: Fixed in 1.5s
[2025-11-20 23:39:25] [SUCCESS] ✅ kesatu > Roblox Clone kesatu: Fixed in 1.5s
[2025-11-20 23:39:25] [WARNING] DB Error: cannot commit - no transaction is active
[2025-11-20 23:39:25] [SUCCESS] ✅ kesatu > Roblox Clone kesatu: Fixed in 1.6s
[2025-11-20 23:39:26] [WARNING] ⚠️  kesatu > Roblox Clone kesatu: CRASH detected
[2025-11-20 23:39:26] [WARNING]    Details: Process not found (confidence: 90%)
[2025-11-20 23:39:27] [WARNING] ⚠️  kesatu > Roblox Clone kesatu: CRASH detected
[2025-11-20 23:39:27] [WARNING]    Details: Process not found (confidence: 90%)
[2025-11-20 23:39:28] [SUCCESS] ✅ kesatu > Roblox Clone kesatu: Fixed in 1.4s
[2025-11-20 23:39:29] [WARNING] ⚠️  kesatu > Roblox Clone kesatu: CRASH detected
[2025-11-20 23:39:29] [WARNING]    Details: Process not found (confidence: 90%)
[2025-11-20 23:39:29] [WARNING] ⚠️  kesatu > Roblox Clone kesatu: CRASH detected
[2025-11-20 23:39:29] [WARNING]    Details: Process not found (confidence: 90%)
[2025-11-20 23:39:29] [SUCCESS] ✅ kesatu > Roblox Clone kesatu: Fixed in 1.6s
[2025-11-20 23:39:30] [SUCCESS] ✅ kesatu > Roblox Clone kesatu: Fixed in 1.5s
[2025-11-20 23:39:30] [SUCCESS] ✅ kesatu > Roblox Clone kesatu: Fixed in 1.5s
[2025-11-20 23:39:35] [WARNING] ⚠️  ampunbg > Roblox Clone ampunbg: CRASH detected
[2025-11-20 23:39:35] [WARNING]    Details: Process not found (confidence: 90%)
[2025-11-20 23:39:36] [WARNING] ⚠️  ampunbg > Roblox Clone ampunbg: CRASH detected
[2025-11-20 23:39:36] [WARNING]    Details: Process not found (confidence: 90%)
[2025-11-20 23:39:37] [SUCCESS] ✅ ampunbg > Roblox Clone ampunbg: Fixed in 1.5s
[2025-11-20 23:39:38] [WARNING] ⚠️  ampunbg > Roblox Clone ampunbg: CRASH detected
[2025-11-20 23:39:38] [WARNING]    Details: Process not found (confidence: 90%)
[2025-11-20 23:39:38] [WARNING] ⚠️  ampunbg > Roblox Clone ampunbg: CRASH detected
[2025-11-20 23:39:38] [WARNING]    Details: Process not found (confidence: 90%)
[2025-11-20 23:39:38] [WARNING] ⚠️  ampunbg > Roblox Clone ampunbg: CRASH detected
[2025-11-20 23:39:38] [WARNING]    Details: Process not found (confidence: 90%)
[2025-11-20 23:39:39] [SUCCESS] ✅ ampunbg > Roblox Clone ampunbg: Fixed in 3.1s
[2025-11-20 23:39:39] [WARNING] ⚠️  ampunbg > Roblox Clone ampunbg: CRASH detected
[2025-11-20 23:39:39] [WARNING]    Details: Process not found (confidence: 90%)
[2025-11-20 23:39:40] [SUCCESS] ✅ ampunbg > Roblox Clone ampunbg: Fixed in 1.8s
[2025-11-20 23:39:40] [WARNING] DB Error: cannot commit - no transaction is active
[2025-11-20 23:39:40] [SUCCESS] ✅ ampunbg > Roblox Clone ampunbg: Fixed in 1.4s
[2025-11-20 23:39:40] [SUCCESS] ✅ ampunbg > Roblox Clone ampunbg: Fixed in 1.9s
[2025-11-20 23:39:41] [WARNING] ⚠️  ampunbg > Roblox Clone ampunbg: CRASH detected
[2025-11-20 23:39:41] [WARNING]    Details: Process not found (confidence: 90%)
[2025-11-20 23:39:41] [WARNING] ⚠️  ampunbg > Roblox Clone ampunbg: CRASH detected
[2025-11-20 23:39:41] [WARNING]    Details: Process not found (confidence: 90%)
[2025-11-20 23:39:41] [SUCCESS] ✅ ampunbg > Roblox Clone ampunbg: Fixed in 1.9s
[2025-11-20 23:39:43] [WARNING] ⚠️  ampunbg > Roblox Clone ampunbg: CRASH detected
[2025-11-20 23:39:43] [WARNING]    Details: Process not found (confidence: 90%)
[2025-11-20 23:39:43] [SUCCESS] ✅ ampunbg > Roblox Clone ampunbg: Fixed in 2.1s
[2025-11-20 23:39:43] [SUCCESS] ✅ ampunbg > Roblox Clone ampunbg: Fixed in 2.1s
[2025-11-20 23:39:43] [WARNING] ⚠️  ampunbg > Roblox Clone ampunbg: CRASH detected
[2025-11-20 23:39:43] [WARNING]    Details: Process not found (confidence: 90%)
[2025-11-20 23:39:45] [SUCCESS] ✅ ampunbg > Roblox Clone ampunbg: Fixed in 2.2s
[2025-11-20 23:39:45] [SUCCESS] ✅ ampunbg > Roblox Clone ampunbg: Fixed in 2.2s
[2025-11-20 23:39:45] [WARNING] ⚠️  zetsto > Roblox Clone zetsto: CRASH detected
[2025-11-20 23:39:45] [WARNING]    Details: Process not found (confidence: 90%)
[2025-11-20 23:39:47] [SUCCESS] ✅ zetsto > Roblox Clone zetsto: Fixed in 1.3s
[2025-11-20 23:39:48] [WARNING]    → Device not responding to ADB (CRITICAL)
[2025-11-20 23:39:48] [WARNING] ⚠️  ap 1-3,10 z4-9: DEVICE HANG detected (critical)
[2025-11-20 23:39:48] [WARNING] 🔄 Attempting device recovery for ap 1-3,10 z4-9
[2025-11-20 23:39:48] [WARNING] ⚠️  zetsto > Roblox Clone zetsto: CRASH detected
[2025-11-20 23:39:48] [WARNING]    Details: Process not found (confidence: 90%)
[2025-11-20 23:39:48] [WARNING] 🔄 Attempting device recovery...
[2025-11-20 23:39:49] [WARNING] ⚠️  zetsto > Roblox Clone zetsto: CRASH detected
[2025-11-20 23:39:49] [WARNING]    Details: Process not found (confidence: 90%)
[2025-11-20 23:39:50] [SUCCESS] ✅ zetsto > Roblox Clone zetsto: Fixed in 1.7s
[2025-11-20 23:39:50] [WARNING] ⚠️  zetsto > Roblox Clone zetsto: CRASH detected
[2025-11-20 23:39:50] [WARNING]    Details: Process not found (confidence: 90%)
[2025-11-20 23:39:50] [WARNING] ⚠️  zetsto > Roblox Clone zetsto: CRASH detected
[2025-11-20 23:39:50] [WARNING]    Details: Process not found (confidence: 90%)
[2025-11-20 23:39:50] [WARNING] ⚠️  zetsto > Roblox Clone zetsto: CRASH detected
[2025-11-20 23:39:50] [WARNING]    Details: Process not found (confidence: 90%)
[2025-11-20 23:39:50] [WARNING]    → Device not responding to ADB (CRITICAL)
[2025-11-20 23:39:50] [WARNING] ⚠️  ap 1-3,10 z4-9: DEVICE HANG detected (critical)
[2025-11-20 23:39:50] [WARNING] 🔄 Attempting device recovery for ap 1-3,10 z4-9
[2025-11-20 23:39:50] [WARNING] 🔄 Attempting device recovery...
[2025-11-20 23:39:51] [SUCCESS] ✅ zetsto > Roblox Clone zetsto: Fixed in 1.3s
[2025-11-20 23:39:52] [WARNING]    → Device not responding to ADB (CRITICAL)
[2025-11-20 23:39:52] [WARNING] ⚠️  ap 1-3,10 z4-9: DEVICE HANG detected (critical)
[2025-11-20 23:39:52] [WARNING] 🔄 Attempting device recovery for ap 1-3,10 z4-9
[2025-11-20 23:39:52] [WARNING] 🔄 Attempting device recovery...
[2025-11-20 23:39:52] [SUCCESS] ✅ zetsto > Roblox Clone zetsto: Fixed in 1.8s
[2025-11-20 23:39:52] [SUCCESS] ✅ zetsto > Roblox Clone zetsto: Fixed in 1.8s
[2025-11-20 23:39:52] [SUCCESS] ✅ zetsto > Roblox Clone zetsto: Fixed in 2.2s
[2025-11-20 23:39:52] [WARNING] ⚠️  zetsto > Roblox Clone zetsto: CRASH detected
[2025-11-20 23:39:52] [WARNING]    Details: Process not found (confidence: 90%)
[2025-11-20 23:39:53] [WARNING]    → Device not responding to ADB (CRITICAL)
[2025-11-20 23:39:53] [WARNING] ⚠️  ap 1-3,10 z4-9: DEVICE HANG detected (critical)
[2025-11-20 23:39:53] [WARNING] 🔄 Attempting device recovery for ap 1-3,10 z4-9
[2025-11-20 23:39:53] [WARNING] 🔄 Attempting device recovery...
[2025-11-20 23:39:53] [WARNING]    → Device not responding to ADB (CRITICAL)
[2025-11-20 23:39:53] [WARNING] ⚠️  ap 1-3,10 z4-9: DEVICE HANG detected (critical)
[2025-11-20 23:39:53] [WARNING] 🔄 Attempting device recovery for ap 1-3,10 z4-9
[2025-11-20 23:39:53] [WARNING] 🔄 Attempting device recovery...
[2025-11-20 23:39:53] [WARNING]    → Device not responding to ADB (CRITICAL)
[2025-11-20 23:39:53] [WARNING] ⚠️  ap 1-3,10 z4-9: DEVICE HANG detected (critical)
[2025-11-20 23:39:53] [WARNING] 🔄 Attempting device recovery for ap 1-3,10 z4-9
[2025-11-20 23:39:53] [WARNING] 🔄 Attempting device recovery...
[2025-11-20 23:39:54] [SUCCESS] ✅ zetsto > Roblox Clone zetsto: Fixed in 1.6s
[2025-11-20 23:39:55] [WARNING] ⚠️  zetsto > Roblox Clone zetsto: CRASH detected
[2025-11-20 23:39:55] [WARNING]    Details: Process not found (confidence: 90%)
[2025-11-20 23:39:55] [WARNING]    → Device not responding to ADB (CRITICAL)
[2025-11-20 23:39:55] [WARNING] ⚠️  ap 1-3,10 z4-9: DEVICE HANG detected (critical)
[2025-11-20 23:39:55] [WARNING] 🔄 Attempting device recovery for ap 1-3,10 z4-9
[2025-11-20 23:39:55] [WARNING] 🔄 Attempting device recovery...
[2025-11-20 23:39:55] [WARNING] ⚠️  zetsto > Roblox Clone zetsto: CRASH detected
[2025-11-20 23:39:55] [WARNING]    Details: Process not found (confidence: 90%)
[2025-11-20 23:39:56] [WARNING] ⚠️  zetsto > Roblox Clone zetsto: CRASH detected
[2025-11-20 23:39:56] [WARNING]    Details: Process not found (confidence: 90%)
[2025-11-20 23:39:56] [SUCCESS] ✅ zetsto > Roblox Clone zetsto: Fixed in 1.4s
[2025-11-20 23:39:57] [SUCCESS] ✅ Device recovery completed
[2025-11-20 23:39:57] [SUCCESS] ✅ zetsto > Roblox Clone zetsto: Fixed in 1.5s
[2025-11-20 23:39:57] [WARNING]    → Device not responding to ADB (CRITICAL)
[2025-11-20 23:39:57] [WARNING] ⚠️  ap 1-3,10 z4-9: DEVICE HANG detected (critical)
[2025-11-20 23:39:57] [WARNING] 🔄 Attempting device recovery for ap 1-3,10 z4-9
[2025-11-20 23:39:57] [WARNING] 🔄 Attempting device recovery...
[2025-11-20 23:39:58] [SUCCESS] ✅ zetsto > Roblox Clone zetsto: Fixed in 1.6s
[2025-11-20 23:39:58] [WARNING]    → Device not responding to ADB (CRITICAL)
[2025-11-20 23:39:58] [WARNING] ⚠️  ap 1-3,10 z4-9: DEVICE HANG detected (critical)
[2025-11-20 23:39:58] [WARNING] 🔄 Attempting device recovery for ap 1-3,10 z4-9
[2025-11-20 23:39:58] [WARNING] 🔄 Attempting device recovery...
[2025-11-20 23:39:58] [WARNING]    → Device not responding to ADB (CRITICAL)
[2025-11-20 23:39:58] [WARNING] ⚠️  ap 1-3,10 z4-9: DEVICE HANG detected (critical)
[2025-11-20 23:39:58] [WARNING] 🔄 Attempting device recovery for ap 1-3,10 z4-9
[2025-11-20 23:39:58] [WARNING] 🔄 Attempting device recovery...
[2025-11-20 23:39:59] [SUCCESS] ✅ Device recovery completed
[2025-11-20 23:40:00] [SUCCESS] ✅ Device recovery completed
[2025-11-20 23:40:01] [SUCCESS] ✅ Device recovery completed
[2025-11-20 23:40:01] [SUCCESS] ✅ Device recovery completed
[2025-11-20 23:40:02] [SUCCESS] ✅ Device recovery completed
[2025-11-20 23:40:03] [SUCCESS] ✅ Device recovery completed
[2025-11-20 23:40:05] [SUCCESS] ✅ Device recovery completed
[2025-11-20 23:40:06] [SUCCESS] ✅ Device recovery completed
[2025-11-20 23:40:06] [SUCCESS] ✅ Device recovery completed
[2025-11-20 23:40:17] [WARNING] ⚠️  73-1 > Roblox Clone 73-1: CRASH detected
[2025-11-20 23:40:17] [WARNING]    Details: Process not found (confidence: 90%)
[2025-11-20 23:40:19] [SUCCESS] ✅ 73-1 > Roblox Clone 73-1: Fixed in 1.9s
[2025-11-20 23:40:20] [WARNING] ⚠️  73-1 > Roblox Clone 73-1: CRASH detected
[2025-11-20 23:40:20] [WARNING]    Details: Process not found (confidence: 90%)
[2025-11-20 23:40:22] [WARNING] ⚠️  73-1 > Roblox Clone 73-1: CRASH detected
[2025-11-20 23:40:22] [WARNING]    Details: Process not found (confidence: 90%)
[2025-11-20 23:40:22] [SUCCESS] ✅ 73-1 > Roblox Clone 73-1: Fixed in 2.3s
[2025-11-20 23:40:23] [WARNING] ⚠️  73-1 > Roblox Clone 73-1: CRASH detected
[2025-11-20 23:40:23] [WARNING]    Details: Process not found (confidence: 90%)
[2025-11-20 23:40:23] [WARNING] ⚠️  73-1 > Roblox Clone 73-1: CRASH detected
[2025-11-20 23:40:23] [WARNING]    Details: Process not found (confidence: 90%)
[2025-11-20 23:40:23] [WARNING] ⚠️  73-1 > Roblox Clone 73-1: CRASH detected
[2025-11-20 23:40:23] [WARNING]    Details: Process not found (confidence: 90%)
[2025-11-20 23:40:23] [SUCCESS] ✅ 73-1 > Roblox Clone 73-1: Fixed in 1.8s
[2025-11-20 23:40:24] [WARNING] ⚠️  73-1 > Roblox Clone 73-1: CRASH detected
[2025-11-20 23:40:24] [WARNING]    Details: Process not found (confidence: 90%)
[2025-11-20 23:40:25] [SUCCESS] ✅ 73-1 > Roblox Clone 73-1: Fixed in 2.0s
[2025-11-20 23:40:25] [SUCCESS] ✅ 73-1 > Roblox Clone 73-1: Fixed in 2.3s
[2025-11-20 23:40:25] [SUCCESS] ✅ 73-1 > Roblox Clone 73-1: Fixed in 2.0s
[2025-11-20 23:40:25] [WARNING] ⚠️  73-1 > Roblox Clone 73-1: CRASH detected
[2025-11-20 23:40:25] [WARNING]    Details: Process not found (confidence: 90%)
[2025-11-20 23:40:26] [SUCCESS] ✅ 73-1 > Roblox Clone 73-1: Fixed in 1.9s
[2025-11-20 23:40:26] [WARNING] ⚠️  73-1 > Roblox Clone 73-1: CRASH detected
[2025-11-20 23:40:26] [WARNING]    Details: Process not found (confidence: 90%)
[2025-11-20 23:40:27] [WARNING] ⚠️  73-1 > Roblox Clone 73-1: CRASH detected
[2025-11-20 23:40:27] [WARNING]    Details: Process not found (confidence: 90%)
[2025-11-20 23:40:27] [SUCCESS] ✅ 73-1 > Roblox Clone 73-1: Fixed in 1.9s
[2025-11-20 23:40:28] [SUCCESS] ✅ 73-1 > Roblox Clone 73-1: Fixed in 1.8s
[2025-11-20 23:40:29] [SUCCESS] ✅ 73-1 > Roblox Clone 73-1: Fixed in 1.9s
[2025-11-20 23:40:29] [INFO] 
────────────────────────────────────────────────────────────
[2025-11-20 23:40:29] [INFO] ✅ Cycle Complete (149.6s)
[2025-11-20 23:40:29] [INFO]    Healthy: 0
[2025-11-20 23:40:29] [SUCCESS]    Fixed: 60
[2025-11-20 23:40:29] [INFO]    Issues: 60 crash
[2025-11-20 23:40:29] [INFO] 
   Detection Details:
[2025-11-20 23:40:29] [INFO]       • 33 - 2 > Roblox Clone 33-2: crash via process_check (90%)
[2025-11-20 23:40:29] [INFO]       • 33 - 2 > Roblox Clone 33-2: crash via process_check (90%)
[2025-11-20 23:40:29] [INFO]       • 33 - 2 > Roblox Clone 33-2: crash via process_check (90%)
[2025-11-20 23:40:29] [INFO]       • 33 - 2 > Roblox Clone 33-2: crash via process_check (90%)
[2025-11-20 23:40:29] [INFO]       • 33 - 2 > Roblox Clone 33-2: crash via process_check (90%)
[2025-11-20 23:40:29] [INFO] ────────────────────────────────────────────────────────────
[2025-11-20 23:40:29] [INFO] 
💤 Waiting 30s for next cycle...
[2025-11-20 23:40:59] [INFO] 
🔍 Starting check cycle for 80 clones...
[2025-11-20 23:41:06] [WARNING]    → Device not responding to ADB (CRITICAL)
[2025-11-20 23:41:06] [WARNING] ⚠️  33 - 1: DEVICE HANG detected (critical)
[2025-11-20 23:41:06] [WARNING]    → Device not responding to ADB (CRITICAL)
[2025-11-20 23:41:06] [WARNING]    → Device not responding to ADB (CRITICAL)
[2025-11-20 23:41:06] [WARNING]    → Device not responding to ADB (CRITICAL)
[2025-11-20 23:41:06] [WARNING]    → Device not responding to ADB (CRITICAL)
[2025-11-20 23:41:06] [WARNING] 🔄 Attempting device recovery for 33 - 1
[2025-11-20 23:41:06] [WARNING]    → Device not responding to ADB (CRITICAL)
[2025-11-20 23:41:06] [WARNING]    → Device not responding to ADB (CRITICAL)
[2025-11-20 23:41:06] [WARNING]    → Device not responding to ADB (CRITICAL)
[2025-11-20 23:41:06] [WARNING] ⚠️  33 - 1: DEVICE HANG detected (critical)
[2025-11-20 23:41:06] [WARNING] ⚠️  33 - 1: DEVICE HANG detected (critical)
[2025-11-20 23:41:06] [WARNING] ⚠️  33 - 1: DEVICE HANG detected (critical)
[2025-11-20 23:41:06] [WARNING] ⚠️  33 - 1: DEVICE HANG detected (critical)
[2025-11-20 23:41:06] [WARNING] 🔄 Attempting device recovery...
[2025-11-20 23:41:06] [WARNING] ⚠️  33 - 1: DEVICE HANG detected (critical)
[2025-11-20 23:41:06] [WARNING] ⚠️  33 - 1: DEVICE HANG detected (critical)
[2025-11-20 23:41:06] [WARNING] ⚠️  33 - 1: DEVICE HANG detected (critical)
[2025-11-20 23:41:06] [WARNING] 🔄 Attempting device recovery for 33 - 1
[2025-11-20 23:41:06] [WARNING] 🔄 Attempting device recovery for 33 - 1
[2025-11-20 23:41:06] [WARNING] 🔄 Attempting device recovery for 33 - 1
[2025-11-20 23:41:06] [WARNING] 🔄 Attempting device recovery for 33 - 1
[2025-11-20 23:41:06] [WARNING] 🔄 Attempting device recovery for 33 - 1
[2025-11-20 23:41:06] [WARNING] 🔄 Attempting device recovery for 33 - 1
[2025-11-20 23:41:06] [WARNING] 🔄 Attempting device recovery for 33 - 1
[2025-11-20 23:41:06] [WARNING] 🔄 Attempting device recovery...
[2025-11-20 23:41:06] [WARNING] 🔄 Attempting device recovery...
[2025-11-20 23:41:06] [WARNING] 🔄 Attempting device recovery...
[2025-11-20 23:41:06] [WARNING] 🔄 Attempting device recovery...
[2025-11-20 23:41:06] [WARNING] 🔄 Attempting device recovery...
[2025-11-20 23:41:06] [WARNING] 🔄 Attempting device recovery...
[2025-11-20 23:41:06] [WARNING] 🔄 Attempting device recovery...
[2025-11-20 23:41:06] [WARNING]    → Device not responding to ADB (CRITICAL)
[2025-11-20 23:41:06] [WARNING] ⚠️  33 - 1: DEVICE HANG detected (critical)
[2025-11-20 23:41:06] [WARNING] 🔄 Attempting device recovery for 33 - 1
[2025-11-20 23:41:06] [WARNING] 🔄 Attempting device recovery...
[2025-11-20 23:41:06] [WARNING]    → Device not responding to ADB (CRITICAL)
[2025-11-20 23:41:06] [WARNING] ⚠️  33 - 1: DEVICE HANG detected (critical)
[2025-11-20 23:41:06] [WARNING] 🔄 Attempting device recovery for 33 - 1
[2025-11-20 23:41:06] [WARNING] 🔄 Attempting device recovery...
[2025-11-20 23:41:38] [SUCCESS] ✅ Device recovery completed
[2025-11-20 23:41:38] [SUCCESS] ✅ Device recovery completed
[2025-11-20 23:41:38] [SUCCESS] ✅ Device recovery completed
[2025-11-20 23:41:38] [SUCCESS] ✅ Device recovery completed
[2025-11-20 23:41:38] [SUCCESS] ✅ Device recovery completed
[2025-11-20 23:41:38] [SUCCESS] ✅ Device recovery completed
[2025-11-20 23:41:38] [SUCCESS] ✅ Device recovery completed
[2025-11-20 23:41:38] [SUCCESS] ✅ Device recovery completed
[2025-11-20 23:41:38] [SUCCESS] ✅ Device recovery completed
[2025-11-20 23:41:38] [SUCCESS] ✅ Device recovery completed
[2025-11-20 23:41:59] [WARNING] ⚠️  33 - 2 > Roblox Clone 33-2: CRASH detected
[2025-11-20 23:41:59] [WARNING]    Details: Process not found (confidence: 90%)
[2025-11-20 23:41:59] [WARNING] ⚠️  33 - 2 > Roblox Clone 33-2: CRASH detected
[2025-11-20 23:41:59] [WARNING]    Details: Process not found (confidence: 90%)
[2025-11-20 23:41:59] [WARNING] ⚠️  33 - 2 > Roblox Clone 33-2: CRASH detected
[2025-11-20 23:41:59] [WARNING]    Details: Process not found (confidence: 90%)
[2025-11-20 23:41:59] [WARNING] ⚠️  33 - 2 > Roblox Clone 33-2: CRASH detected
[2025-11-20 23:41:59] [WARNING]    Details: Process not found (confidence: 90%)
[2025-11-20 23:41:59] [WARNING] ⚠️  33 - 2 > Roblox Clone 33-2: CRASH detected
[2025-11-20 23:41:59] [WARNING]    Details: Process not found (confidence: 90%)
[2025-11-20 23:41:59] [WARNING] ⚠️  33 - 2 > Roblox Clone 33-2: CRASH detected
[2025-11-20 23:41:59] [WARNING]    Details: Process not found (confidence: 90%)
[2025-11-20 23:41:59] [WARNING] ⚠️  33 - 2 > Roblox Clone 33-2: CRASH detected
[2025-11-20 23:41:59] [WARNING]    Details: Process not found (confidence: 90%)
[2025-11-20 23:41:59] [WARNING] ⚠️  33 - 2 > Roblox Clone 33-2: CRASH detected
[2025-11-20 23:41:59] [WARNING]    Details: Process not found (confidence: 90%)
[2025-11-20 23:42:00] [WARNING] ⚠️  33 - 2 > Roblox Clone 33-2: CRASH detected
[2025-11-20 23:42:00] [WARNING]    Details: Process not found (confidence: 90%)
[2025-11-20 23:42:00] [WARNING] ⚠️  33 - 2 > Roblox Clone 33-2: CRASH detected
[2025-11-20 23:42:00] [WARNING]    Details: Process not found (confidence: 90%)
[2025-11-20 23:42:01] [SUCCESS] ✅ 33 - 2 > Roblox Clone 33-2: Fixed in 1.8s
[2025-11-20 23:42:01] [SUCCESS] ✅ 33 - 2 > Roblox Clone 33-2: Fixed in 1.8s
[2025-11-20 23:42:01] [SUCCESS] ✅ 33 - 2 > Roblox Clone 33-2: Fixed in 1.8s
[2025-11-20 23:42:01] [SUCCESS] ✅ 33 - 2 > Roblox Clone 33-2: Fixed in 2.0s
[2025-11-20 23:42:01] [SUCCESS] ✅ 33 - 2 > Roblox Clone 33-2: Fixed in 2.0s
[2025-11-20 23:42:02] [SUCCESS] ✅ 33 - 2 > Roblox Clone 33-2: Fixed in 2.4s
[2025-11-20 23:42:02] [SUCCESS] ✅ 33 - 2 > Roblox Clone 33-2: Fixed in 2.4s
[2025-11-20 23:42:02] [SUCCESS] ✅ 33 - 2 > Roblox Clone 33-2: Fixed in 2.3s
[2025-11-20 23:42:02] [SUCCESS] ✅ 33 - 2 > Roblox Clone 33-2: Fixed in 2.4s
[2025-11-20 23:42:02] [SUCCESS] ✅ 33 - 2 > Roblox Clone 33-2: Fixed in 2.7s
[2025-11-20 23:42:11] [WARNING] ⚠️  13-2 > Roblox Clone 13-2: CRASH detected
[2025-11-20 23:42:11] [WARNING]    Details: Process not found (confidence: 90%)
[2025-11-20 23:42:11] [WARNING] ⚠️  13-2 > Roblox Clone 13-2: CRASH detected
[2025-11-20 23:42:11] [WARNING]    Details: Process not found (confidence: 90%)
[2025-11-20 23:42:11] [WARNING] ⚠️  13-2 > Roblox Clone 13-2: CRASH detected
[2025-11-20 23:42:11] [WARNING]    Details: Process not found (confidence: 90%)
[2025-11-20 23:42:11] [WARNING] ⚠️  13-2 > Roblox Clone 13-2: CRASH detected
[2025-11-20 23:42:11] [WARNING]    Details: Process not found (confidence: 90%)
[2025-11-20 23:42:11] [WARNING] ⚠️  13-2 > Roblox Clone 13-2: CRASH detected
[2025-11-20 23:42:11] [WARNING]    Details: Process not found (confidence: 90%)
[2025-11-20 23:42:11] [WARNING] ⚠️  13-2 > Roblox Clone 13-2: CRASH detected
[2025-11-20 23:42:11] [WARNING]    Details: Process not found (confidence: 90%)
[2025-11-20 23:42:11] [WARNING] ⚠️  13-2 > Roblox Clone 13-2: CRASH detected
[2025-11-20 23:42:11] [WARNING]    Details: Process not found (confidence: 90%)
[2025-11-20 23:42:11] [WARNING] ⚠️  13-2 > Roblox Clone 13-2: CRASH detected
[2025-11-20 23:42:11] [WARNING]    Details: Process not found (confidence: 90%)
[2025-11-20 23:42:11] [WARNING] ⚠️  13-2 > Roblox Clone 13-2: CRASH detected
[2025-11-20 23:42:11] [WARNING]    Details: Process not found (confidence: 90%)
[2025-11-20 23:42:12] [WARNING] ⚠️  13-2 > Roblox Clone 13-2: CRASH detected
[2025-11-20 23:42:12] [WARNING]    Details: Process not found (confidence: 90%)
[2025-11-20 23:42:12] [SUCCESS] ✅ 13-2 > Roblox Clone 13-2: Fixed in 1.4s
[2025-11-20 23:42:13] [SUCCESS] ✅ 13-2 > Roblox Clone 13-2: Fixed in 1.7s
[2025-11-20 23:42:13] [SUCCESS] ✅ 13-2 > Roblox Clone 13-2: Fixed in 1.8s
[2025-11-20 23:42:13] [SUCCESS] ✅ 13-2 > Roblox Clone 13-2: Fixed in 1.7s
[2025-11-20 23:42:13] [SUCCESS] ✅ 13-2 > Roblox Clone 13-2: Fixed in 1.7s
[2025-11-20 23:42:13] [WARNING] DB Error: bad parameter or other API misuse
[2025-11-20 23:42:13] [SUCCESS] ✅ 13-2 > Roblox Clone 13-2: Fixed in 1.7s
[2025-11-20 23:42:13] [SUCCESS] ✅ 13-2 > Roblox Clone 13-2: Fixed in 1.7s
[2025-11-20 23:42:13] [SUCCESS] ✅ 13-2 > Roblox Clone 13-2: Fixed in 1.8s
[2025-11-20 23:42:13] [SUCCESS] ✅ 13-2 > Roblox Clone 13-2: Fixed in 1.5s
[2025-11-20 23:42:14] [SUCCESS] ✅ 13-2 > Roblox Clone 13-2: Fixed in 2.3s
[2025-11-20 23:42:22] [WARNING] ⚠️  kesatu > Roblox Clone kesatu: CRASH detected
[2025-11-20 23:42:22] [WARNING]    Details: Process not found (confidence: 90%)
[2025-11-20 23:42:24] [WARNING] ⚠️  kesatu > Roblox Clone kesatu: CRASH detected
[2025-11-20 23:42:24] [WARNING]    Details: Process not found (confidence: 90%)
[2025-11-20 23:42:24] [WARNING] ⚠️  kesatu > Roblox Clone kesatu: CRASH detected
[2025-11-20 23:42:24] [WARNING]    Details: Process not found (confidence: 90%)
[2025-11-20 23:42:24] [WARNING] ⚠️  kesatu > Roblox Clone kesatu: CRASH detected
[2025-11-20 23:42:24] [WARNING]    Details: Process not found (confidence: 90%)
[2025-11-20 23:42:24] [WARNING] ⚠️  kesatu > Roblox Clone kesatu: CRASH detected
[2025-11-20 23:42:24] [WARNING]    Details: Process not found (confidence: 90%)
[2025-11-20 23:42:24] [WARNING] ⚠️  kesatu > Roblox Clone kesatu: CRASH detected
[2025-11-20 23:42:24] [WARNING]    Details: Process not found (confidence: 90%)
[2025-11-20 23:42:24] [WARNING] ⚠️  kesatu > Roblox Clone kesatu: CRASH detected
[2025-11-20 23:42:24] [WARNING]    Details: Process not found (confidence: 90%)
[2025-11-20 23:42:24] [WARNING] ⚠️  kesatu > Roblox Clone kesatu: CRASH detected
[2025-11-20 23:42:24] [WARNING]    Details: Process not found (confidence: 90%)
[2025-11-20 23:42:24] [WARNING] ⚠️  kesatu > Roblox Clone kesatu: CRASH detected
[2025-11-20 23:42:24] [WARNING]    Details: Process not found (confidence: 90%)
[2025-11-20 23:42:24] [SUCCESS] ✅ kesatu > Roblox Clone kesatu: Fixed in 1.9s
[2025-11-20 23:42:24] [WARNING] ⚠️  kesatu > Roblox Clone kesatu: CRASH detected
[2025-11-20 23:42:24] [WARNING]    Details: Process not found (confidence: 90%)
[2025-11-20 23:42:26] [SUCCESS] ✅ kesatu > Roblox Clone kesatu: Fixed in 1.8s
[2025-11-20 23:42:26] [SUCCESS] ✅ kesatu > Roblox Clone kesatu: Fixed in 1.8s
[2025-11-20 23:42:26] [SUCCESS] ✅ kesatu > Roblox Clone kesatu: Fixed in 1.9s
[2025-11-20 23:42:26] [SUCCESS] ✅ kesatu > Roblox Clone kesatu: Fixed in 1.9s
[2025-11-20 23:42:26] [SUCCESS] ✅ kesatu > Roblox Clone kesatu: Fixed in 1.9s
[2025-11-20 23:42:26] [SUCCESS] ✅ kesatu > Roblox Clone kesatu: Fixed in 1.9s
[2025-11-20 23:42:26] [SUCCESS] ✅ kesatu > Roblox Clone kesatu: Fixed in 1.9s
[2025-11-20 23:42:26] [SUCCESS] ✅ kesatu > Roblox Clone kesatu: Fixed in 1.8s
[2025-11-20 23:42:26] [SUCCESS] ✅ kesatu > Roblox Clone kesatu: Fixed in 1.9s
[2025-11-20 23:42:37] [WARNING] ⚠️  ampunbg > Roblox Clone ampunbg: CRASH detected
[2025-11-20 23:42:37] [WARNING]    Details: Process not found (confidence: 90%)
[2025-11-20 23:42:39] [WARNING] ⚠️  ampunbg > Roblox Clone ampunbg: CRASH detected
[2025-11-20 23:42:39] [WARNING]    Details: Process not found (confidence: 90%)
[2025-11-20 23:42:39] [WARNING] ⚠️  ampunbg > Roblox Clone ampunbg: CRASH detected
[2025-11-20 23:42:39] [WARNING]    Details: Process not found (confidence: 90%)
[2025-11-20 23:42:39] [WARNING] ⚠️  ampunbg > Roblox Clone ampunbg: CRASH detected
[2025-11-20 23:42:39] [WARNING]    Details: Process not found (confidence: 90%)
[2025-11-20 23:42:39] [WARNING] ⚠️  ampunbg > Roblox Clone ampunbg: CRASH detected
[2025-11-20 23:42:39] [WARNING]    Details: Process not found (confidence: 90%)
[2025-11-20 23:42:39] [WARNING] ⚠️  ampunbg > Roblox Clone ampunbg: CRASH detected
[2025-11-20 23:42:39] [WARNING]    Details: Process not found (confidence: 90%)
[2025-11-20 23:42:39] [WARNING] ⚠️  ampunbg > Roblox Clone ampunbg: CRASH detected
[2025-11-20 23:42:39] [WARNING]    Details: Process not found (confidence: 90%)
[2025-11-20 23:42:39] [SUCCESS] ✅ ampunbg > Roblox Clone ampunbg: Fixed in 1.9s
[2025-11-20 23:42:40] [WARNING] ⚠️  ampunbg > Roblox Clone ampunbg: CRASH detected
[2025-11-20 23:42:40] [WARNING]    Details: Process not found (confidence: 90%)
[2025-11-20 23:42:40] [WARNING] ⚠️  ampunbg > Roblox Clone ampunbg: CRASH detected
[2025-11-20 23:42:40] [WARNING]    Details: Process not found (confidence: 90%)
[2025-11-20 23:42:40] [WARNING] ⚠️  ampunbg > Roblox Clone ampunbg: CRASH detected
[2025-11-20 23:42:40] [WARNING]    Details: Process not found (confidence: 90%)
[2025-11-20 23:42:41] [SUCCESS] ✅ ampunbg > Roblox Clone ampunbg: Fixed in 2.0s
[2025-11-20 23:42:41] [SUCCESS] ✅ ampunbg > Roblox Clone ampunbg: Fixed in 2.0s
[2025-11-20 23:42:41] [SUCCESS] ✅ ampunbg > Roblox Clone ampunbg: Fixed in 2.5s
[2025-11-20 23:42:42] [SUCCESS] ✅ ampunbg > Roblox Clone ampunbg: Fixed in 2.4s
[2025-11-20 23:42:42] [SUCCESS] ✅ ampunbg > Roblox Clone ampunbg: Fixed in 1.8s
[2025-11-20 23:42:42] [SUCCESS] ✅ ampunbg > Roblox Clone ampunbg: Fixed in 3.1s
[2025-11-20 23:42:42] [SUCCESS] ✅ ampunbg > Roblox Clone ampunbg: Fixed in 2.4s
[2025-11-20 23:42:42] [SUCCESS] ✅ ampunbg > Roblox Clone ampunbg: Fixed in 2.3s
[2025-11-20 23:42:42] [SUCCESS] ✅ ampunbg > Roblox Clone ampunbg: Fixed in 2.9s
[2025-11-20 23:42:49] [WARNING] ⚠️  zetsto > Roblox Clone zetsto: CRASH detected
[2025-11-20 23:42:49] [WARNING]    Details: Process not found (confidence: 90%)
[2025-11-20 23:42:50] [WARNING] ⚠️  zetsto > Roblox Clone zetsto: CRASH detected
[2025-11-20 23:42:50] [WARNING]    Details: Process not found (confidence: 90%)
[2025-11-20 23:42:51] [WARNING] ⚠️  zetsto > Roblox Clone zetsto: CRASH detected
[2025-11-20 23:42:51] [WARNING]    Details: Process not found (confidence: 90%)
[2025-11-20 23:42:51] [SUCCESS] ✅ zetsto > Roblox Clone zetsto: Fixed in 1.7s
[2025-11-20 23:42:51] [WARNING] ⚠️  zetsto > Roblox Clone zetsto: CRASH detected
[2025-11-20 23:42:51] [WARNING]    Details: Process not found (confidence: 90%)
[2025-11-20 23:42:52] [WARNING]    → Device not responding to ADB (CRITICAL)
[2025-11-20 23:42:52] [WARNING] ⚠️  ap 1-3,10 z4-9: DEVICE HANG detected (critical)
[2025-11-20 23:42:52] [WARNING] 🔄 Attempting device recovery for ap 1-3,10 z4-9
[2025-11-20 23:42:52] [WARNING] 🔄 Attempting device recovery...
[2025-11-20 23:42:52] [WARNING] ⚠️  zetsto > Roblox Clone zetsto: CRASH detected
[2025-11-20 23:42:52] [WARNING]    Details: Process not found (confidence: 90%)
[2025-11-20 23:42:52] [WARNING] ⚠️  zetsto > Roblox Clone zetsto: CRASH detected
[2025-11-20 23:42:52] [WARNING]    Details: Process not found (confidence: 90%)
[2025-11-20 23:42:52] [WARNING] ⚠️  zetsto > Roblox Clone zetsto: CRASH detected
[2025-11-20 23:42:52] [WARNING]    Details: Process not found (confidence: 90%)
[2025-11-20 23:42:52] [SUCCESS] ✅ zetsto > Roblox Clone zetsto: Fixed in 2.0s
[2025-11-20 23:42:52] [SUCCESS] ✅ zetsto > Roblox Clone zetsto: Fixed in 1.6s
[2025-11-20 23:42:53] [SUCCESS] ✅ zetsto > Roblox Clone zetsto: Fixed in 1.6s
[2025-11-20 23:42:53] [WARNING]    → Device not responding to ADB (CRITICAL)
[2025-11-20 23:42:53] [WARNING] ⚠️  ap 1-3,10 z4-9: DEVICE HANG detected (critical)
[2025-11-20 23:42:53] [WARNING] 🔄 Attempting device recovery for ap 1-3,10 z4-9
[2025-11-20 23:42:53] [WARNING] 🔄 Attempting device recovery...
[2025-11-20 23:42:53] [WARNING]    → Device not responding to ADB (CRITICAL)
[2025-11-20 23:42:53] [WARNING] ⚠️  ap 1-3,10 z4-9: DEVICE HANG detected (critical)
[2025-11-20 23:42:53] [WARNING] 🔄 Attempting device recovery for ap 1-3,10 z4-9
[2025-11-20 23:42:53] [WARNING] 🔄 Attempting device recovery...
[2025-11-20 23:42:54] [WARNING]    → Device not responding to ADB (CRITICAL)
[2025-11-20 23:42:54] [WARNING] ⚠️  ap 1-3,10 z4-9: DEVICE HANG detected (critical)
[2025-11-20 23:42:54] [WARNING] 🔄 Attempting device recovery for ap 1-3,10 z4-9
[2025-11-20 23:42:54] [WARNING] 🔄 Attempting device recovery...
[2025-11-20 23:42:54] [SUCCESS] ✅ zetsto > Roblox Clone zetsto: Fixed in 2.2s
[2025-11-20 23:42:54] [WARNING] ⚠️  zetsto > Roblox Clone zetsto: CRASH detected
[2025-11-20 23:42:54] [WARNING]    Details: Process not found (confidence: 90%)
[2025-11-20 23:42:54] [WARNING] ⚠️  zetsto > Roblox Clone zetsto: CRASH detected
[2025-11-20 23:42:54] [WARNING]    Details: Process not found (confidence: 90%)
[2025-11-20 23:42:54] [WARNING] ⚠️  zetsto > Roblox Clone zetsto: CRASH detected
[2025-11-20 23:42:54] [WARNING]    Details: Process not found (confidence: 90%)
[2025-11-20 23:42:54] [SUCCESS] ✅ zetsto > Roblox Clone zetsto: Fixed in 2.2s
[2025-11-20 23:42:54] [SUCCESS] ✅ zetsto > Roblox Clone zetsto: Fixed in 2.2s
[2025-11-20 23:42:54] [WARNING]    → Device not responding to ADB (CRITICAL)
[2025-11-20 23:42:54] [WARNING] ⚠️  ap 1-3,10 z4-9: DEVICE HANG detected (critical)
[2025-11-20 23:42:54] [WARNING] 🔄 Attempting device recovery for ap 1-3,10 z4-9
[2025-11-20 23:42:54] [WARNING] 🔄 Attempting device recovery...
[2025-11-20 23:42:55] [WARNING]    → Device not responding to ADB (CRITICAL)
[2025-11-20 23:42:55] [WARNING] ⚠️  ap 1-3,10 z4-9: DEVICE HANG detected (critical)
[2025-11-20 23:42:55] [WARNING] 🔄 Attempting device recovery for ap 1-3,10 z4-9
[2025-11-20 23:42:55] [WARNING] 🔄 Attempting device recovery...
[2025-11-20 23:42:55] [WARNING]    → Device not responding to ADB (CRITICAL)
[2025-11-20 23:42:55] [WARNING] ⚠️  ap 1-3,10 z4-9: DEVICE HANG detected (critical)
[2025-11-20 23:42:55] [WARNING] 🔄 Attempting device recovery for ap 1-3,10 z4-9
[2025-11-20 23:42:55] [WARNING] 🔄 Attempting device recovery...
[2025-11-20 23:42:56] [SUCCESS] ✅ zetsto > Roblox Clone zetsto: Fixed in 1.7s
[2025-11-20 23:42:56] [SUCCESS] ✅ zetsto > Roblox Clone zetsto: Fixed in 1.7s
[2025-11-20 23:42:56] [SUCCESS] ✅ zetsto > Roblox Clone zetsto: Fixed in 1.7s
[2025-11-20 23:42:56] [WARNING]    → Device not responding to ADB (CRITICAL)
[2025-11-20 23:42:56] [WARNING] ⚠️  ap 1-3,10 z4-9: DEVICE HANG detected (critical)
[2025-11-20 23:42:56] [WARNING] 🔄 Attempting device recovery for ap 1-3,10 z4-9
[2025-11-20 23:42:56] [WARNING] 🔄 Attempting device recovery...
[2025-11-20 23:42:56] [WARNING]    → Device not responding to ADB (CRITICAL)
[2025-11-20 23:42:56] [WARNING] ⚠️  ap 1-3,10 z4-9: DEVICE HANG detected (critical)
[2025-11-20 23:42:56] [WARNING] 🔄 Attempting device recovery for ap 1-3,10 z4-9
[2025-11-20 23:42:56] [WARNING] 🔄 Attempting device recovery...
[2025-11-20 23:42:56] [WARNING]    → Device not responding to ADB (CRITICAL)
[2025-11-20 23:42:56] [WARNING] ⚠️  ap 1-3,10 z4-9: DEVICE HANG detected (critical)
[2025-11-20 23:42:56] [WARNING] 🔄 Attempting device recovery for ap 1-3,10 z4-9
[2025-11-20 23:42:56] [WARNING] 🔄 Attempting device recovery...
[2025-11-20 23:42:59] [SUCCESS] ✅ Device recovery completed
[2025-11-20 23:43:00] [SUCCESS] ✅ Device recovery completed
[2025-11-20 23:43:00] [SUCCESS] ✅ Device recovery completed
[2025-11-20 23:43:00] [SUCCESS] ✅ Device recovery completed
[2025-11-20 23:43:01] [SUCCESS] ✅ Device recovery completed
[2025-11-20 23:43:01] [SUCCESS] ✅ Device recovery completed
[2025-11-20 23:43:01] [SUCCESS] ✅ Device recovery completed
[2025-11-20 23:43:03] [SUCCESS] ✅ Device recovery completed
[2025-11-20 23:43:03] [SUCCESS] ✅ Device recovery completed
[2025-11-20 23:43:03] [SUCCESS] ✅ Device recovery completed
[2025-11-20 23:43:19] [WARNING] ⚠️  73-1 > Roblox Clone 73-1: CRASH detected
[2025-11-20 23:43:19] [WARNING]    Details: Process not found (confidence: 90%)
[2025-11-20 23:43:19] [WARNING] ⚠️  73-1 > Roblox Clone 73-1: CRASH detected
[2025-11-20 23:43:19] [WARNING]    Details: Process not found (confidence: 90%)
[2025-11-20 23:43:19] [WARNING] ⚠️  73-1 > Roblox Clone 73-1: CRASH detected
[2025-11-20 23:43:19] [WARNING]    Details: Process not found (confidence: 90%)
[2025-11-20 23:43:19] [WARNING] ⚠️  73-1 > Roblox Clone 73-1: CRASH detected
[2025-11-20 23:43:19] [WARNING]    Details: Process not found (confidence: 90%)
[2025-11-20 23:43:20] [WARNING] ⚠️  73-1 > Roblox Clone 73-1: CRASH detected
[2025-11-20 23:43:20] [WARNING]    Details: Process not found (confidence: 90%)
[2025-11-20 23:43:21] [WARNING] ⚠️  73-1 > Roblox Clone 73-1: CRASH detected
[2025-11-20 23:43:21] [WARNING]    Details: Process not found (confidence: 90%)
[2025-11-20 23:43:21] [SUCCESS] ✅ 73-1 > Roblox Clone 73-1: Fixed in 2.6s
[2025-11-20 23:43:21] [WARNING] ⚠️  73-1 > Roblox Clone 73-1: CRASH detected
[2025-11-20 23:43:21] [WARNING]    Details: Process not found (confidence: 90%)
[2025-11-20 23:43:21] [SUCCESS] ✅ 73-1 > Roblox Clone 73-1: Fixed in 2.0s
[2025-11-20 23:43:21] [SUCCESS] ✅ 73-1 > Roblox Clone 73-1: Fixed in 2.5s
[2025-11-20 23:43:22] [SUCCESS] ✅ 73-1 > Roblox Clone 73-1: Fixed in 2.5s
[2025-11-20 23:43:22] [SUCCESS] ✅ 73-1 > Roblox Clone 73-1: Fixed in 2.0s
[2025-11-20 23:43:23] [SUCCESS] ✅ 73-1 > Roblox Clone 73-1: Fixed in 1.5s
[2025-11-20 23:43:23] [SUCCESS] ✅ 73-1 > Roblox Clone 73-1: Fixed in 1.5s
[2025-11-20 23:43:23] [WARNING] ⚠️  73-1 > Roblox Clone 73-1: CRASH detected
[2025-11-20 23:43:23] [WARNING]    Details: Process not found (confidence: 90%)
[2025-11-20 23:43:23] [WARNING] ⚠️  73-1 > Roblox Clone 73-1: CRASH detected
[2025-11-20 23:43:23] [WARNING]    Details: Process not found (confidence: 90%)
[2025-11-20 23:43:24] [WARNING] ⚠️  73-1 > Roblox Clone 73-1: CRASH detected
[2025-11-20 23:43:24] [WARNING]    Details: Process not found (confidence: 90%)
[2025-11-20 23:43:24] [SUCCESS] ✅ 73-1 > Roblox Clone 73-1: Fixed in 1.0s
[2025-11-20 23:43:25] [SUCCESS] ✅ 73-1 > Roblox Clone 73-1: Fixed in 1.0s
[2025-11-20 23:43:25] [SUCCESS] ✅ 73-1 > Roblox Clone 73-1: Fixed in 1.5s
[2025-11-20 23:43:25] [INFO] 
────────────────────────────────────────────────────────────
[2025-11-20 23:43:25] [INFO] ✅ Cycle Complete (145.9s)
[2025-11-20 23:43:25] [INFO]    Healthy: 0
[2025-11-20 23:43:25] [SUCCESS]    Fixed: 60
[2025-11-20 23:43:25] [INFO]    Issues: 60 crash
[2025-11-20 23:43:25] [INFO] 
   Detection Details:
[2025-11-20 23:43:25] [INFO]       • 33 - 2 > Roblox Clone 33-2: crash via process_check (90%)
[2025-11-20 23:43:25] [INFO]       • 33 - 2 > Roblox Clone 33-2: crash via process_check (90%)
[2025-11-20 23:43:25] [INFO]       • 33 - 2 > Roblox Clone 33-2: crash via process_check (90%)
[2025-11-20 23:43:25] [INFO]       • 33 - 2 > Roblox Clone 33-2: crash via process_check (90%)
[2025-11-20 23:43:25] [INFO]       • 33 - 2 > Roblox Clone 33-2: crash via process_check (90%)
[2025-11-20 23:43:25] [INFO] ────────────────────────────────────────────────────────────
[2025-11-20 23:43:25] [INFO] 
💤 Waiting 30s for next cycle...
[2025-11-20 23:43:55] [INFO] 
🔍 Starting check cycle for 80 clones...
[2025-11-20 23:44:02] [WARNING]    → Device not responding to ADB (CRITICAL)
[2025-11-20 23:44:02] [WARNING] ⚠️  33 - 1: DEVICE HANG detected (critical)
[2025-11-20 23:44:02] [WARNING] 🔄 Attempting device recovery for 33 - 1
[2025-11-20 23:44:02] [WARNING] 🔄 Attempting device recovery...
[2025-11-20 23:44:02] [WARNING]    → Device not responding to ADB (CRITICAL)
[2025-11-20 23:44:02] [WARNING] ⚠️  33 - 1: DEVICE HANG detected (critical)
[2025-11-20 23:44:02] [WARNING] 🔄 Attempting device recovery for 33 - 1
[2025-11-20 23:44:02] [WARNING] 🔄 Attempting device recovery...
[2025-11-20 23:44:02] [WARNING]    → Device not responding to ADB (CRITICAL)
[2025-11-20 23:44:02] [WARNING] ⚠️  33 - 1: DEVICE HANG detected (critical)
[2025-11-20 23:44:02] [WARNING] 🔄 Attempting device recovery for 33 - 1
[2025-11-20 23:44:02] [WARNING] 🔄 Attempting device recovery...
[2025-11-20 23:44:02] [WARNING]    → Device not responding to ADB (CRITICAL)
[2025-11-20 23:44:02] [WARNING] ⚠️  33 - 1: DEVICE HANG detected (critical)
[2025-11-20 23:44:02] [WARNING] 🔄 Attempting device recovery for 33 - 1
[2025-11-20 23:44:02] [WARNING] 🔄 Attempting device recovery...
[2025-11-20 23:44:02] [WARNING]    → Device not responding to ADB (CRITICAL)
[2025-11-20 23:44:02] [WARNING] ⚠️  33 - 1: DEVICE HANG detected (critical)
[2025-11-20 23:44:02] [WARNING] 🔄 Attempting device recovery for 33 - 1
[2025-11-20 23:44:02] [WARNING] 🔄 Attempting device recovery...
[2025-11-20 23:44:02] [WARNING]    → Device not responding to ADB (CRITICAL)
[2025-11-20 23:44:02] [WARNING] ⚠️  33 - 1: DEVICE HANG detected (critical)
[2025-11-20 23:44:02] [WARNING] 🔄 Attempting device recovery for 33 - 1
[2025-11-20 23:44:02] [WARNING] 🔄 Attempting device recovery...
[2025-11-20 23:44:02] [WARNING]    → Device not responding to ADB (CRITICAL)
[2025-11-20 23:44:02] [WARNING]    → Device not responding to ADB (CRITICAL)
[2025-11-20 23:44:02] [WARNING] ⚠️  33 - 1: DEVICE HANG detected (critical)
[2025-11-20 23:44:02] [WARNING] ⚠️  33 - 1: DEVICE HANG detected (critical)
[2025-11-20 23:44:02] [WARNING]    → Device not responding to ADB (CRITICAL)
[2025-11-20 23:44:02] [WARNING] 🔄 Attempting device recovery for 33 - 1
[2025-11-20 23:44:02] [WARNING] 🔄 Attempting device recovery for 33 - 1
[2025-11-20 23:44:02] [WARNING] ⚠️  33 - 1: DEVICE HANG detected (critical)
[2025-11-20 23:44:02] [WARNING] 🔄 Attempting device recovery...
[2025-11-20 23:44:02] [WARNING] 🔄 Attempting device recovery...
[2025-11-20 23:44:02] [WARNING] 🔄 Attempting device recovery for 33 - 1
[2025-11-20 23:44:02] [WARNING] 🔄 Attempting device recovery...
[2025-11-20 23:44:02] [WARNING]    → Device not responding to ADB (CRITICAL)
[2025-11-20 23:44:02] [WARNING] ⚠️  33 - 1: DEVICE HANG detected (critical)
[2025-11-20 23:44:02] [WARNING] 🔄 Attempting device recovery for 33 - 1
[2025-11-20 23:44:02] [WARNING] 🔄 Attempting device recovery...
[2025-11-20 23:44:33] [SUCCESS] ✅ Device recovery completed
[2025-11-20 23:44:33] [SUCCESS] ✅ Device recovery completed
[2025-11-20 23:44:33] [SUCCESS] ✅ Device recovery completed
[2025-11-20 23:44:33] [SUCCESS] ✅ Device recovery completed
[2025-11-20 23:44:34] [SUCCESS] ✅ Device recovery completed
[2025-11-20 23:44:34] [SUCCESS] ✅ Device recovery completed
[2025-11-20 23:44:34] [SUCCESS] ✅ Device recovery completed
[2025-11-20 23:44:34] [SUCCESS] ✅ Device recovery completed
[2025-11-20 23:44:34] [SUCCESS] ✅ Device recovery completed
[2025-11-20 23:44:34] [SUCCESS] ✅ Device recovery completed
[2025-11-20 23:44:56] [WARNING] ⚠️  33 - 2 > Roblox Clone 33-2: CRASH detected
[2025-11-20 23:44:57] [WARNING]    Details: Process not found (confidence: 90%)
[2025-11-20 23:44:57] [WARNING] ⚠️  33 - 2 > Roblox Clone 33-2: CRASH detected
[2025-11-20 23:44:57] [WARNING]    Details: Process not found (confidence: 90%)
[2025-11-20 23:44:58] [WARNING] ⚠️  33 - 2 > Roblox Clone 33-2: CRASH detected
[2025-11-20 23:44:58] [WARNING]    Details: Process not found (confidence: 90%)
[2025-11-20 23:44:58] [WARNING] ⚠️  33 - 2 > Roblox Clone 33-2: CRASH detected
[2025-11-20 23:44:58] [WARNING]    Details: Process not found (confidence: 90%)
[2025-11-20 23:44:58] [WARNING] ⚠️  33 - 2 > Roblox Clone 33-2: CRASH detected
[2025-11-20 23:44:58] [WARNING]    Details: Process not found (confidence: 90%)
[2025-11-20 23:44:58] [WARNING] ⚠️  33 - 2 > Roblox Clone 33-2: CRASH detected
[2025-11-20 23:44:58] [WARNING]    Details: Process not found (confidence: 90%)
[2025-11-20 23:44:58] [WARNING] ⚠️  33 - 2 > Roblox Clone 33-2: CRASH detected
[2025-11-20 23:44:58] [WARNING]    Details: Process not found (confidence: 90%)
[2025-11-20 23:44:58] [WARNING] ⚠️  33 - 2 > Roblox Clone 33-2: CRASH detected
[2025-11-20 23:44:58] [WARNING]    Details: Process not found (confidence: 90%)
[2025-11-20 23:44:58] [WARNING] ⚠️  33 - 2 > Roblox Clone 33-2: CRASH detected
[2025-11-20 23:44:58] [WARNING]    Details: Process not found (confidence: 90%)
[2025-11-20 23:44:58] [WARNING] ⚠️  33 - 2 > Roblox Clone 33-2: CRASH detected
[2025-11-20 23:44:58] [WARNING]    Details: Process not found (confidence: 90%)
[2025-11-20 23:45:00] [SUCCESS] ✅ 33 - 2 > Roblox Clone 33-2: Fixed in 1.9s
[2025-11-20 23:45:00] [SUCCESS] ✅ 33 - 2 > Roblox Clone 33-2: Fixed in 3.1s
[2025-11-20 23:45:00] [SUCCESS] ✅ 33 - 2 > Roblox Clone 33-2: Fixed in 2.0s
[2025-11-20 23:45:00] [SUCCESS] ✅ 33 - 2 > Roblox Clone 33-2: Fixed in 2.9s
[2025-11-20 23:45:00] [SUCCESS] ✅ 33 - 2 > Roblox Clone 33-2: Fixed in 2.0s
[2025-11-20 23:45:01] [SUCCESS] ✅ 33 - 2 > Roblox Clone 33-2: Fixed in 2.5s
[2025-11-20 23:45:01] [SUCCESS] ✅ 33 - 2 > Roblox Clone 33-2: Fixed in 2.5s
[2025-11-20 23:45:01] [SUCCESS] ✅ 33 - 2 > Roblox Clone 33-2: Fixed in 2.5s
[2025-11-20 23:45:01] [SUCCESS] ✅ 33 - 2 > Roblox Clone 33-2: Fixed in 3.0s
[2025-11-20 23:45:02] [SUCCESS] ✅ 33 - 2 > Roblox Clone 33-2: Fixed in 3.2s
[2025-11-20 23:45:08] [WARNING] ⚠️  13-2 > Roblox Clone 13-2: CRASH detected
[2025-11-20 23:45:08] [WARNING]    Details: Process not found (confidence: 90%)
[2025-11-20 23:45:08] [WARNING] ⚠️  13-2 > Roblox Clone 13-2: CRASH detected
[2025-11-20 23:45:08] [WARNING]    Details: Process not found (confidence: 90%)
[2025-11-20 23:45:09] [WARNING] ⚠️  13-2 > Roblox Clone 13-2: CRASH detected
[2025-11-20 23:45:09] [WARNING]    Details: Process not found (confidence: 90%)
[2025-11-20 23:45:09] [WARNING] ⚠️  13-2 > Roblox Clone 13-2: CRASH detected
[2025-11-20 23:45:09] [WARNING]    Details: Process not found (confidence: 90%)
[2025-11-20 23:45:09] [WARNING] ⚠️  13-2 > Roblox Clone 13-2: CRASH detected
[2025-11-20 23:45:09] [WARNING]    Details: Process not found (confidence: 90%)
[2025-11-20 23:45:09] [WARNING] ⚠️  13-2 > Roblox Clone 13-2: CRASH detected
[2025-11-20 23:45:09] [WARNING]    Details: Process not found (confidence: 90%)
[2025-11-20 23:45:09] [WARNING] ⚠️  13-2 > Roblox Clone 13-2: CRASH detected
[2025-11-20 23:45:09] [WARNING]    Details: Process not found (confidence: 90%)
[2025-11-20 23:45:09] [WARNING] ⚠️  13-2 > Roblox Clone 13-2: CRASH detected
[2025-11-20 23:45:09] [WARNING]    Details: Process not found (confidence: 90%)
[2025-11-20 23:45:10] [SUCCESS] ✅ 13-2 > Roblox Clone 13-2: Fixed in 1.2s
[2025-11-20 23:45:10] [SUCCESS] ✅ 13-2 > Roblox Clone 13-2: Fixed in 1.2s
[2025-11-20 23:45:10] [SUCCESS] ✅ 13-2 > Roblox Clone 13-2: Fixed in 1.2s
[2025-11-20 23:45:10] [WARNING] ⚠️  13-2 > Roblox Clone 13-2: CRASH detected
[2025-11-20 23:45:10] [WARNING]    Details: Process not found (confidence: 90%)
[2025-11-20 23:45:10] [SUCCESS] ✅ 13-2 > Roblox Clone 13-2: Fixed in 1.4s
[2025-11-20 23:45:10] [WARNING] ⚠️  13-2 > Roblox Clone 13-2: CRASH detected
[2025-11-20 23:45:10] [WARNING]    Details: Process not found (confidence: 90%)
[2025-11-20 23:45:10] [SUCCESS] ✅ 13-2 > Roblox Clone 13-2: Fixed in 1.4s
[2025-11-20 23:45:11] [SUCCESS] ✅ 13-2 > Roblox Clone 13-2: Fixed in 1.4s
[2025-11-20 23:45:11] [SUCCESS] ✅ 13-2 > Roblox Clone 13-2: Fixed in 1.4s
[2025-11-20 23:45:11] [SUCCESS] ✅ 13-2 > Roblox Clone 13-2: Fixed in 1.5s
[2025-11-20 23:45:12] [SUCCESS] ✅ 13-2 > Roblox Clone 13-2: Fixed in 1.5s
[2025-11-20 23:45:12] [SUCCESS] ✅ 13-2 > Roblox Clone 13-2: Fixed in 1.4s
[2025-11-20 23:45:17] [WARNING] ⚠️  kesatu > Roblox Clone kesatu: CRASH detected
[2025-11-20 23:45:17] [WARNING]    Details: Process not found (confidence: 90%)
[2025-11-20 23:45:17] [WARNING] ⚠️  kesatu > Roblox Clone kesatu: CRASH detected
[2025-11-20 23:45:17] [WARNING]    Details: Process not found (confidence: 90%)
[2025-11-20 23:45:18] [WARNING] ⚠️  kesatu > Roblox Clone kesatu: CRASH detected
[2025-11-20 23:45:18] [WARNING]    Details: Process not found (confidence: 90%)
[2025-11-20 23:45:18] [WARNING] ⚠️  kesatu > Roblox Clone kesatu: CRASH detected
[2025-11-20 23:45:18] [WARNING]    Details: Process not found (confidence: 90%)
[2025-11-20 23:45:18] [SUCCESS] ✅ kesatu > Roblox Clone kesatu: Fixed in 1.2s
[2025-11-20 23:45:18] [SUCCESS] ✅ kesatu > Roblox Clone kesatu: Fixed in 1.2s
[2025-11-20 23:45:19] [WARNING] ⚠️  kesatu > Roblox Clone kesatu: CRASH detected
[2025-11-20 23:45:19] [WARNING]    Details: Process not found (confidence: 90%)
[2025-11-20 23:45:19] [WARNING] ⚠️  kesatu > Roblox Clone kesatu: CRASH detected
[2025-11-20 23:45:19] [WARNING]    Details: Process not found (confidence: 90%)
[2025-11-20 23:45:19] [WARNING] ⚠️  kesatu > Roblox Clone kesatu: CRASH detected
[2025-11-20 23:45:19] [WARNING]    Details: Process not found (confidence: 90%)
[2025-11-20 23:45:19] [WARNING] ⚠️  kesatu > Roblox Clone kesatu: CRASH detected
[2025-11-20 23:45:19] [WARNING]    Details: Process not found (confidence: 90%)
[2025-11-20 23:45:19] [WARNING] ⚠️  kesatu > Roblox Clone kesatu: CRASH detected
[2025-11-20 23:45:19] [WARNING]    Details: Process not found (confidence: 90%)
[2025-11-20 23:45:19] [SUCCESS] ✅ kesatu > Roblox Clone kesatu: Fixed in 1.2s
[2025-11-20 23:45:19] [INFO] Received termination signal
[2025-11-20 23:45:19] [WARNING] ⚠️  kesatu > Roblox Clone kesatu: CRASH detected
[2025-11-20 23:45:19] [WARNING]    Details: Process not found (confidence: 90%)
[2025-11-20 23:45:19] [SUCCESS] ✅ kesatu > Roblox Clone kesatu: Fixed in 1.2s
[2025-11-20 23:45:20] [SUCCESS] ✅ kesatu > Roblox Clone kesatu: Fixed in 1.2s
[2025-11-20 23:45:20] [SUCCESS] ✅ kesatu > Roblox Clone kesatu: Fixed in 1.2s
[2025-11-20 23:45:20] [SUCCESS] ✅ kesatu > Roblox Clone kesatu: Fixed in 1.2s
[2025-11-20 23:45:20] [SUCCESS] ✅ kesatu > Roblox Clone kesatu: Fixed in 1.1s
[2025-11-20 23:45:21] [SUCCESS] ✅ kesatu > Roblox Clone kesatu: Fixed in 1.2s
[2025-11-20 23:45:21] [SUCCESS] ✅ kesatu > Roblox Clone kesatu: Fixed in 1.3s
[2025-11-20 23:45:28] [WARNING] ⚠️  ampunbg > Roblox Clone ampunbg: CRASH detected
[2025-11-20 23:45:28] [WARNING]    Details: Process not found (confidence: 90%)
[2025-11-20 23:45:29] [WARNING] ⚠️  ampunbg > Roblox Clone ampunbg: CRASH detected
[2025-11-20 23:45:29] [WARNING]    Details: Process not found (confidence: 90%)
[2025-11-20 23:45:29] [WARNING] ⚠️  ampunbg > Roblox Clone ampunbg: CRASH detected
[2025-11-20 23:45:29] [WARNING]    Details: Process not found (confidence: 90%)
[2025-11-20 23:45:29] [WARNING] ⚠️  ampunbg > Roblox Clone ampunbg: CRASH detected
[2025-11-20 23:45:29] [WARNING]    Details: Process not found (confidence: 90%)
[2025-11-20 23:45:30] [WARNING] ⚠️  ampunbg > Roblox Clone ampunbg: CRASH detected
[2025-11-20 23:45:30] [WARNING]    Details: Process not found (confidence: 90%)
[2025-11-20 23:45:30] [WARNING] ⚠️  ampunbg > Roblox Clone ampunbg: CRASH detected
[2025-11-20 23:45:30] [WARNING]    Details: Process not found (confidence: 90%)
[2025-11-20 23:45:30] [SUCCESS] ✅ ampunbg > Roblox Clone ampunbg: Fixed in 1.5s
[2025-11-20 23:45:30] [SUCCESS] ✅ ampunbg > Roblox Clone ampunbg: Fixed in 2.0s
[2025-11-20 23:45:31] [WARNING] ⚠️  ampunbg > Roblox Clone ampunbg: CRASH detected
[2025-11-20 23:45:31] [WARNING]    Details: Process not found (confidence: 90%)
[2025-11-20 23:45:31] [WARNING] ⚠️  ampunbg > Roblox Clone ampunbg: CRASH detected
[2025-11-20 23:45:31] [WARNING]    Details: Process not found (confidence: 90%)
[2025-11-20 23:45:31] [SUCCESS] ✅ ampunbg > Roblox Clone ampunbg: Fixed in 2.0s
[2025-11-20 23:45:31] [SUCCESS] ✅ ampunbg > Roblox Clone ampunbg: Fixed in 1.5s
[2025-11-20 23:45:31] [SUCCESS] ✅ ampunbg > Roblox Clone ampunbg: Fixed in 1.5s
[2025-11-20 23:45:31] [WARNING] ⚠️  ampunbg > Roblox Clone ampunbg: CRASH detected
[2025-11-20 23:45:31] [WARNING]    Details: Process not found (confidence: 90%)
[2025-11-20 23:45:31] [SUCCESS] ✅ ampunbg > Roblox Clone ampunbg: Fixed in 2.1s
[2025-11-20 23:45:31] [WARNING] ⚠️  ampunbg > Roblox Clone ampunbg: CRASH detected
[2025-11-20 23:45:31] [WARNING]    Details: Process not found (confidence: 90%)
[2025-11-20 23:45:32] [SUCCESS] ✅ ampunbg > Roblox Clone ampunbg: Fixed in 1.2s
[2025-11-20 23:45:32] [SUCCESS] ✅ ampunbg > Roblox Clone ampunbg: Fixed in 1.6s
[2025-11-20 23:45:33] [SUCCESS] ✅ ampunbg > Roblox Clone ampunbg: Fixed in 1.7s
[2025-11-20 23:45:34] [SUCCESS] ✅ ampunbg > Roblox Clone ampunbg: Fixed in 2.3s
[2025-11-20 23:45:38] [WARNING] ⚠️  zetsto > Roblox Clone zetsto: CRASH detected
[2025-11-20 23:45:38] [WARNING]    Details: Process not found (confidence: 90%)
[2025-11-20 23:45:38] [WARNING] ⚠️  zetsto > Roblox Clone zetsto: CRASH detected
[2025-11-20 23:45:38] [WARNING]    Details: Process not found (confidence: 90%)
[2025-11-20 23:45:38] [WARNING] ⚠️  zetsto > Roblox Clone zetsto: CRASH detected
[2025-11-20 23:45:38] [WARNING]    Details: Process not found (confidence: 90%)
[2025-11-20 23:45:38] [WARNING] ⚠️  zetsto > Roblox Clone zetsto: CRASH detected
[2025-11-20 23:45:38] [WARNING]    Details: Process not found (confidence: 90%)
[2025-11-20 23:45:38] [WARNING] ⚠️  zetsto > Roblox Clone zetsto: CRASH detected
[2025-11-20 23:45:38] [WARNING]    Details: Process not found (confidence: 90%)
[2025-11-20 23:45:39] [SUCCESS] ✅ zetsto > Roblox Clone zetsto: Fixed in 1.0s
[2025-11-20 23:45:39] [WARNING] ⚠️  zetsto > Roblox Clone zetsto: CRASH detected
[2025-11-20 23:45:39] [WARNING]    Details: Process not found (confidence: 90%)
[2025-11-20 23:45:39] [WARNING]    → Device not responding to ADB (CRITICAL)
[2025-11-20 23:45:39] [WARNING] ⚠️  ap 1-3,10 z4-9: DEVICE HANG detected (critical)
[2025-11-20 23:45:39] [WARNING] 🔄 Attempting device recovery for ap 1-3,10 z4-9
[2025-11-20 23:45:39] [WARNING] 🔄 Attempting device recovery...
[2025-11-20 23:45:39] [SUCCESS] ✅ zetsto > Roblox Clone zetsto: Fixed in 1.1s
[2025-11-20 23:45:39] [SUCCESS] ✅ zetsto > Roblox Clone zetsto: Fixed in 1.1s
[2025-11-20 23:45:39] [WARNING] ⚠️  zetsto > Roblox Clone zetsto: CRASH detected
[2025-11-20 23:45:39] [WARNING]    Details: Process not found (confidence: 90%)
[2025-11-20 23:45:39] [SUCCESS] ✅ zetsto > Roblox Clone zetsto: Fixed in 1.1s
[2025-11-20 23:45:40] [SUCCESS] ✅ zetsto > Roblox Clone zetsto: Fixed in 1.1s
[2025-11-20 23:45:40] [WARNING] ⚠️  zetsto > Roblox Clone zetsto: CRASH detected
[2025-11-20 23:45:40] [WARNING]    Details: Process not found (confidence: 90%)
[2025-11-20 23:45:40] [WARNING]    → Device not responding to ADB (CRITICAL)
[2025-11-20 23:45:40] [WARNING] ⚠️  ap 1-3,10 z4-9: DEVICE HANG detected (critical)
[2025-11-20 23:45:40] [WARNING] 🔄 Attempting device recovery for ap 1-3,10 z4-9
[2025-11-20 23:45:40] [WARNING] ⚠️  zetsto > Roblox Clone zetsto: CRASH detected
[2025-11-20 23:45:40] [WARNING]    Details: Process not found (confidence: 90%)
[2025-11-20 23:45:40] [WARNING] 🔄 Attempting device recovery...
[2025-11-20 23:45:40] [WARNING]    → Device not responding to ADB (CRITICAL)
[2025-11-20 23:45:40] [WARNING] ⚠️  ap 1-3,10 z4-9: DEVICE HANG detected (critical)
[2025-11-20 23:45:40] [WARNING] 🔄 Attempting device recovery for ap 1-3,10 z4-9
[2025-11-20 23:45:40] [WARNING] 🔄 Attempting device recovery...
[2025-11-20 23:45:40] [WARNING]    → Device not responding to ADB (CRITICAL)
[2025-11-20 23:45:40] [WARNING] ⚠️  ap 1-3,10 z4-9: DEVICE HANG detected (critical)
[2025-11-20 23:45:40] [WARNING] 🔄 Attempting device recovery for ap 1-3,10 z4-9
[2025-11-20 23:45:40] [WARNING] 🔄 Attempting device recovery...
[2025-11-20 23:45:40] [WARNING]    → Device not responding to ADB (CRITICAL)
[2025-11-20 23:45:40] [WARNING] ⚠️  ap 1-3,10 z4-9: DEVICE HANG detected (critical)
[2025-11-20 23:45:40] [WARNING] 🔄 Attempting device recovery for ap 1-3,10 z4-9
[2025-11-20 23:45:40] [WARNING] 🔄 Attempting device recovery...
[2025-11-20 23:45:40] [SUCCESS] ✅ zetsto > Roblox Clone zetsto: Fixed in 1.2s
[2025-11-20 23:45:40] [SUCCESS] ✅ zetsto > Roblox Clone zetsto: Fixed in 1.3s
[2025-11-20 23:45:41] [WARNING] ⚠️  zetsto > Roblox Clone zetsto: CRASH detected
[2025-11-20 23:45:41] [WARNING]    Details: Process not found (confidence: 90%)
[2025-11-20 23:45:41] [WARNING]    → Device not responding to ADB (CRITICAL)
[2025-11-20 23:45:41] [WARNING] ⚠️  ap 1-3,10 z4-9: DEVICE HANG detected (critical)
[2025-11-20 23:45:41] [WARNING] 🔄 Attempting device recovery for ap 1-3,10 z4-9
[2025-11-20 23:45:41] [WARNING] 🔄 Attempting device recovery...
[2025-11-20 23:45:41] [WARNING]    → Device not responding to ADB (CRITICAL)
[2025-11-20 23:45:41] [WARNING] ⚠️  ap 1-3,10 z4-9: DEVICE HANG detected (critical)
[2025-11-20 23:45:41] [WARNING] 🔄 Attempting device recovery for ap 1-3,10 z4-9
[2025-11-20 23:45:41] [WARNING] 🔄 Attempting device recovery...
[2025-11-20 23:45:41] [SUCCESS] ✅ zetsto > Roblox Clone zetsto: Fixed in 1.3s
[2025-11-20 23:45:41] [SUCCESS] ✅ zetsto > Roblox Clone zetsto: Fixed in 1.7s
[2025-11-20 23:45:41] [WARNING]    → Device not responding to ADB (CRITICAL)
[2025-11-20 23:45:41] [WARNING] ⚠️  ap 1-3,10 z4-9: DEVICE HANG detected (critical)
[2025-11-20 23:45:41] [WARNING] 🔄 Attempting device recovery for ap 1-3,10 z4-9
[2025-11-20 23:45:41] [WARNING] 🔄 Attempting device recovery...
[2025-11-20 23:45:42] [SUCCESS] ✅ zetsto > Roblox Clone zetsto: Fixed in 1.1s
[2025-11-20 23:45:42] [WARNING]    → Device not responding to ADB (CRITICAL)
[2025-11-20 23:45:42] [WARNING] ⚠️  ap 1-3,10 z4-9: DEVICE HANG detected (critical)
[2025-11-20 23:45:42] [WARNING] 🔄 Attempting device recovery for ap 1-3,10 z4-9
[2025-11-20 23:45:42] [WARNING] 🔄 Attempting device recovery...
[2025-11-20 23:45:42] [WARNING]    → Device not responding to ADB (CRITICAL)
[2025-11-20 23:45:42] [WARNING] ⚠️  ap 1-3,10 z4-9: DEVICE HANG detected (critical)
[2025-11-20 23:45:42] [WARNING] 🔄 Attempting device recovery for ap 1-3,10 z4-9
[2025-11-20 23:45:42] [WARNING] 🔄 Attempting device recovery...
[2025-11-20 23:45:46] [SUCCESS] ✅ Device recovery completed
[2025-11-20 23:45:47] [SUCCESS] ✅ Device recovery completed
[2025-11-20 23:45:47] [SUCCESS] ✅ Device recovery completed
[2025-11-20 23:45:47] [SUCCESS] ✅ Device recovery completed
[2025-11-20 23:45:47] [SUCCESS] ✅ Device recovery completed
[2025-11-20 23:45:47] [SUCCESS] ✅ Device recovery completed
[2025-11-20 23:45:48] [SUCCESS] ✅ Device recovery completed
[2025-11-20 23:45:48] [SUCCESS] ✅ Device recovery completed
[2025-11-20 23:45:48] [SUCCESS] ✅ Device recovery completed
[2025-11-20 23:45:49] [SUCCESS] ✅ Device recovery completed
[2025-11-20 23:46:06] [WARNING] ⚠️  73-1 > Roblox Clone 73-1: CRASH detected
[2025-11-20 23:46:06] [WARNING]    Details: Process not found (confidence: 90%)
[2025-11-20 23:46:06] [WARNING] ⚠️  73-1 > Roblox Clone 73-1: CRASH detected
[2025-11-20 23:46:06] [WARNING]    Details: Process not found (confidence: 90%)
[2025-11-20 23:46:08] [WARNING] ⚠️  73-1 > Roblox Clone 73-1: CRASH detected
[2025-11-20 23:46:08] [WARNING]    Details: Process not found (confidence: 90%)
[2025-11-20 23:46:08] [SUCCESS] ✅ 73-1 > Roblox Clone 73-1: Fixed in 2.1s
[2025-11-20 23:46:08] [SUCCESS] ✅ 73-1 > Roblox Clone 73-1: Fixed in 2.2s
[2025-11-20 23:46:08] [WARNING] ⚠️  73-1 > Roblox Clone 73-1: CRASH detected
[2025-11-20 23:46:08] [WARNING]    Details: Process not found (confidence: 90%)
[2025-11-20 23:46:08] [WARNING] ⚠️  73-1 > Roblox Clone 73-1: CRASH detected
[2025-11-20 23:46:08] [WARNING]    Details: Process not found (confidence: 90%)
[2025-11-20 23:46:09] [WARNING] ⚠️  73-1 > Roblox Clone 73-1: CRASH detected
[2025-11-20 23:46:09] [WARNING]    Details: Process not found (confidence: 90%)
[2025-11-20 23:46:09] [WARNING] ⚠️  73-1 > Roblox Clone 73-1: CRASH detected
[2025-11-20 23:46:09] [WARNING]    Details: Process not found (confidence: 90%)
[2025-11-20 23:46:10] [SUCCESS] ✅ 73-1 > Roblox Clone 73-1: Fixed in 1.5s
[2025-11-20 23:46:10] [WARNING] ⚠️  73-1 > Roblox Clone 73-1: CRASH detected
[2025-11-20 23:46:10] [WARNING]    Details: Process not found (confidence: 90%)
[2025-11-20 23:46:10] [SUCCESS] ✅ 73-1 > Roblox Clone 73-1: Fixed in 2.0s
[2025-11-20 23:46:10] [WARNING] ⚠️  73-1 > Roblox Clone 73-1: CRASH detected
[2025-11-20 23:46:10] [WARNING]    Details: Process not found (confidence: 90%)
[2025-11-20 23:46:10] [SUCCESS] ✅ 73-1 > Roblox Clone 73-1: Fixed in 2.0s
[2025-11-20 23:46:11] [WARNING] ⚠️  73-1 > Roblox Clone 73-1: CRASH detected
[2025-11-20 23:46:11] [WARNING]    Details: Process not found (confidence: 90%)
[2025-11-20 23:46:11] [SUCCESS] ✅ 73-1 > Roblox Clone 73-1: Fixed in 2.0s
[2025-11-20 23:46:11] [INFO] Received termination signal
[2025-11-20 23:46:11] [WARNING] DB Error: Cannot operate on a closed database.
[2025-11-20 23:46:11] [SUCCESS] ✅ 73-1 > Roblox Clone 73-1: Fixed in 1.9s
[2025-11-20 23:46:11] [WARNING] DB Error: Cannot operate on a closed database.
[2025-11-20 23:46:11] [SUCCESS] ✅ 73-1 > Roblox Clone 73-1: Fixed in 1.0s
[2025-11-20 23:46:11] [WARNING] DB Error: Cannot operate on a closed database.
[2025-11-20 23:46:11] [SUCCESS] ✅ 73-1 > Roblox Clone 73-1: Fixed in 1.0s
[2025-11-20 23:46:12] [WARNING] DB Error: Cannot operate on a closed database.
[2025-11-20 23:46:12] [SUCCESS] ✅ 73-1 > Roblox Clone 73-1: Fixed in 1.0s
[2025-11-20 23:50:26] [SUCCESS] ✅ Configuration loaded successfully
[2025-11-20 23:50:26] [INFO] ✅ Database enabled: vsphone_monitor.db
[2025-11-20 23:50:26] [INFO] 🌐 Starting web dashboard on http://localhost:5000
[2025-11-20 23:50:26] [SUCCESS] ✅ Web dashboard started
[2025-11-20 23:50:28] [INFO] ============================================================
[2025-11-20 23:50:28] [INFO] 🚀 VSPhone Monitor v5.0.0 Started
[2025-11-20 23:50:28] [INFO] 📊 Total Clones: 80
[2025-11-20 23:50:28] [INFO] 👤 Accounts: 1
[2025-11-20 23:50:28] [INFO] 📱 Instances: 8
[2025-11-20 23:50:28] [INFO] ⏱️  Check Interval: 30s
[2025-11-20 23:50:28] [INFO] ⚡ Parallel Workers: 10
[2025-11-20 23:50:28] [INFO] 💾 Database: ✅ Enabled
[2025-11-20 23:50:28] [INFO] ============================================================
[2025-11-20 23:50:28] [INFO] 
🔍 Starting check cycle for 80 clones...
[2025-11-20 23:50:35] [WARNING] ⚠️  33 - 1 > Roblox Clone 33-1: CRASH detected
[2025-11-20 23:50:35] [WARNING] ⚠️  33 - 1 > Roblox Clone 33-1: CRASH detected
[2025-11-20 23:50:35] [WARNING] ⚠️  33 - 1 > Roblox Clone 33-1: CRASH detected
[2025-11-20 23:50:35] [WARNING] ⚠️  33 - 1 > Roblox Clone 33-1: CRASH detected
[2025-11-20 23:50:35] [WARNING] ⚠️  33 - 1 > Roblox Clone 33-1: CRASH detected
[2025-11-20 23:50:35] [WARNING] ⚠️  33 - 1 > Roblox Clone 33-1: CRASH detected
[2025-11-20 23:50:35] [WARNING] ⚠️  33 - 1 > Roblox Clone 33-1: CRASH detected
[2025-11-20 23:50:35] [WARNING] ⚠️  33 - 1 > Roblox Clone 33-1: CRASH detected
[2025-11-20 23:50:35] [WARNING] ⚠️  33 - 1 > Roblox Clone 33-1: CRASH detected
[2025-11-20 23:50:35] [WARNING] ⚠️  33 - 1 > Roblox Clone 33-1: CRASH detected
[2025-11-20 23:50:41] [ERROR] ❌ 33 - 1 > Roblox Clone 33-1: Fix failed - Unknown error
[2025-11-20 23:50:41] [ERROR] ❌ 33 - 1 > Roblox Clone 33-1: Fix failed - Unknown error
[2025-11-20 23:50:41] [ERROR] ❌ 33 - 1 > Roblox Clone 33-1: Fix failed - Unknown error
[2025-11-20 23:50:41] [ERROR] ❌ 33 - 1 > Roblox Clone 33-1: Fix failed - Unknown error
[2025-11-20 23:50:41] [ERROR] ❌ 33 - 1 > Roblox Clone 33-1: Fix failed - Unknown error
[2025-11-20 23:50:41] [ERROR] ❌ 33 - 1 > Roblox Clone 33-1: Fix failed - Unknown error
[2025-11-20 23:50:41] [ERROR] ❌ 33 - 1 > Roblox Clone 33-1: Fix failed - Unknown error
[2025-11-20 23:50:41] [ERROR] ❌ 33 - 1 > Roblox Clone 33-1: Fix failed - Unknown error
[2025-11-20 23:50:41] [ERROR] ❌ 33 - 1 > Roblox Clone 33-1: Fix failed - Unknown error
[2025-11-20 23:50:41] [ERROR] ❌ 33 - 1 > Roblox Clone 33-1: Fix failed - Unknown error
[2025-11-20 23:50:42] [WARNING] ⚠️  33 - 2 > Roblox Clone 33-2: CRASH detected
[2025-11-20 23:50:42] [WARNING] ⚠️  33 - 2 > Roblox Clone 33-2: CRASH detected
[2025-11-20 23:50:42] [WARNING] ⚠️  33 - 2 > Roblox Clone 33-2: CRASH detected
[2025-11-20 23:50:42] [WARNING] ⚠️  33 - 2 > Roblox Clone 33-2: CRASH detected
[2025-11-20 23:50:42] [WARNING] ⚠️  33 - 2 > Roblox Clone 33-2: CRASH detected
[2025-11-20 23:50:42] [WARNING] DB Error updating status: UNIQUE constraint failed: clone_status.clone_key
[2025-11-20 23:50:42] [WARNING] ⚠️  33 - 2 > Roblox Clone 33-2: CRASH detected
[2025-11-20 23:50:42] [WARNING] ⚠️  33 - 2 > Roblox Clone 33-2: CRASH detected
[2025-11-20 23:50:42] [WARNING] DB Error updating status: bad parameter or other API misuse
[2025-11-20 23:50:42] [WARNING] ⚠️  33 - 2 > Roblox Clone 33-2: CRASH detected
[2025-11-20 23:50:42] [WARNING] ⚠️  33 - 2 > Roblox Clone 33-2: CRASH detected
[2025-11-20 23:50:42] [WARNING] ⚠️  33 - 2 > Roblox Clone 33-2: CRASH detected
[2025-11-20 23:50:43] [SUCCESS] ✅ 33 - 2 > Roblox Clone 33-2: Fixed in 1.2s
[2025-11-20 23:50:44] [SUCCESS] ✅ 33 - 2 > Roblox Clone 33-2: Fixed in 1.3s
[2025-11-20 23:50:44] [SUCCESS] ✅ 33 - 2 > Roblox Clone 33-2: Fixed in 1.4s
[2025-11-20 23:50:44] [SUCCESS] ✅ 33 - 2 > Roblox Clone 33-2: Fixed in 1.4s
[2025-11-20 23:50:44] [WARNING] DB Error: cannot commit - no transaction is active
[2025-11-20 23:50:44] [SUCCESS] ✅ 33 - 2 > Roblox Clone 33-2: Fixed in 1.4s
[2025-11-20 23:50:44] [SUCCESS] ✅ 33 - 2 > Roblox Clone 33-2: Fixed in 1.4s
[2025-11-20 23:50:44] [SUCCESS] ✅ 33 - 2 > Roblox Clone 33-2: Fixed in 1.4s
[2025-11-20 23:50:44] [SUCCESS] ✅ 33 - 2 > Roblox Clone 33-2: Fixed in 1.4s
[2025-11-20 23:50:44] [SUCCESS] ✅ 33 - 2 > Roblox Clone 33-2: Fixed in 1.5s
[2025-11-20 23:50:44] [SUCCESS] ✅ 33 - 2 > Roblox Clone 33-2: Fixed in 1.9s
[2025-11-20 23:50:44] [WARNING] ⚠️  13-2 > Roblox Clone 13-2: CRASH detected
[2025-11-20 23:50:45] [WARNING] ⚠️  13-2 > Roblox Clone 13-2: CRASH detected
[2025-11-20 23:50:45] [WARNING] ⚠️  13-2 > Roblox Clone 13-2: CRASH detected
[2025-11-20 23:50:46] [WARNING] ⚠️  13-2 > Roblox Clone 13-2: CRASH detected
[2025-11-20 23:50:46] [WARNING] ⚠️  13-2 > Roblox Clone 13-2: CRASH detected
[2025-11-20 23:50:46] [WARNING] ⚠️  13-2 > Roblox Clone 13-2: CRASH detected
[2025-11-20 23:50:46] [SUCCESS] ✅ 13-2 > Roblox Clone 13-2: Fixed in 0.9s
[2025-11-20 23:50:46] [WARNING] ⚠️  13-2 > Roblox Clone 13-2: CRASH detected
[2025-11-20 23:50:46] [WARNING] ⚠️  13-2 > Roblox Clone 13-2: CRASH detected
[2025-11-20 23:50:46] [WARNING] ⚠️  13-2 > Roblox Clone 13-2: CRASH detected
[2025-11-20 23:50:46] [SUCCESS] ✅ 13-2 > Roblox Clone 13-2: Fixed in 1.4s
[2025-11-20 23:50:46] [WARNING] ⚠️  13-2 > Roblox Clone 13-2: CRASH detected
[2025-11-20 23:50:46] [SUCCESS] ✅ 13-2 > Roblox Clone 13-2: Fixed in 1.0s
[2025-11-20 23:50:47] [SUCCESS] ✅ 13-2 > Roblox Clone 13-2: Fixed in 1.2s
[2025-11-20 23:50:47] [SUCCESS] ✅ 13-2 > Roblox Clone 13-2: Fixed in 1.2s
[2025-11-20 23:50:47] [WARNING] ⚠️  kesatu > Roblox Clone kesatu: CRASH detected
[2025-11-20 23:50:47] [SUCCESS] ✅ 13-2 > Roblox Clone 13-2: Fixed in 1.3s
[2025-11-20 23:50:47] [SUCCESS] ✅ 13-2 > Roblox Clone 13-2: Fixed in 1.3s
[2025-11-20 23:50:47] [SUCCESS] ✅ 13-2 > Roblox Clone 13-2: Fixed in 1.4s
[2025-11-20 23:50:47] [WARNING] DB Error: cannot commit - no transaction is active
[2025-11-20 23:50:47] [SUCCESS] ✅ 13-2 > Roblox Clone 13-2: Fixed in 1.3s
[2025-11-20 23:50:47] [SUCCESS] ✅ 13-2 > Roblox Clone 13-2: Fixed in 1.2s
[2025-11-20 23:50:47] [WARNING] ⚠️  kesatu > Roblox Clone kesatu: CRASH detected
[2025-11-20 23:50:47] [WARNING] ⚠️  kesatu > Roblox Clone kesatu: CRASH detected
[2025-11-20 23:50:48] [WARNING] ⚠️  kesatu > Roblox Clone kesatu: CRASH detected
[2025-11-20 23:50:48] [WARNING] ⚠️  kesatu > Roblox Clone kesatu: CRASH detected
[2025-11-20 23:50:48] [SUCCESS] ✅ kesatu > Roblox Clone kesatu: Fixed in 1.3s
[2025-11-20 23:50:48] [WARNING] ⚠️  kesatu > Roblox Clone kesatu: CRASH detected
[2025-11-20 23:50:48] [WARNING] ⚠️  kesatu > Roblox Clone kesatu: CRASH detected
[2025-11-20 23:50:48] [WARNING] ⚠️  kesatu > Roblox Clone kesatu: CRASH detected
[2025-11-20 23:50:48] [WARNING] ⚠️  kesatu > Roblox Clone kesatu: CRASH detected
[2025-11-20 23:50:48] [SUCCESS] ✅ kesatu > Roblox Clone kesatu: Fixed in 1.3s
[2025-11-20 23:50:49] [SUCCESS] ✅ kesatu > Roblox Clone kesatu: Fixed in 1.3s
[2025-11-20 23:50:49] [WARNING] ⚠️  kesatu > Roblox Clone kesatu: CRASH detected
[2025-11-20 23:50:49] [SUCCESS] ✅ kesatu > Roblox Clone kesatu: Fixed in 1.0s
[2025-11-20 23:50:49] [SUCCESS] ✅ kesatu > Roblox Clone kesatu: Fixed in 1.1s
[2025-11-20 23:50:50] [SUCCESS] ✅ kesatu > Roblox Clone kesatu: Fixed in 1.2s
[2025-11-20 23:50:50] [WARNING] DB Error: bad parameter or other API misuse
[2025-11-20 23:50:50] [SUCCESS] ✅ kesatu > Roblox Clone kesatu: Fixed in 1.3s
[2025-11-20 23:50:50] [SUCCESS] ✅ kesatu > Roblox Clone kesatu: Fixed in 1.3s
[2025-11-20 23:50:50] [SUCCESS] ✅ kesatu > Roblox Clone kesatu: Fixed in 1.3s
[2025-11-20 23:50:50] [SUCCESS] ✅ kesatu > Roblox Clone kesatu: Fixed in 1.3s
[2025-11-20 23:50:50] [WARNING] ⚠️  ampunbg > Roblox Clone ampunbg: CRASH detected
[2025-11-20 23:50:50] [WARNING] ⚠️  ampunbg > Roblox Clone ampunbg: CRASH detected
[2025-11-20 23:50:50] [WARNING] ⚠️  ampunbg > Roblox Clone ampunbg: CRASH detected
[2025-11-20 23:50:50] [WARNING] ⚠️  ampunbg > Roblox Clone ampunbg: CRASH detected
[2025-11-20 23:50:51] [WARNING] ⚠️  ampunbg > Roblox Clone ampunbg: CRASH detected
[2025-11-20 23:50:52] [WARNING] ⚠️  ampunbg > Roblox Clone ampunbg: CRASH detected
[2025-11-20 23:50:52] [SUCCESS] ✅ ampunbg > Roblox Clone ampunbg: Fixed in 2.0s
[2025-11-20 23:50:52] [SUCCESS] ✅ ampunbg > Roblox Clone ampunbg: Fixed in 2.3s
[2025-11-20 23:50:52] [WARNING] ⚠️  ampunbg > Roblox Clone ampunbg: CRASH detected
[2025-11-20 23:50:52] [WARNING] ⚠️  ampunbg > Roblox Clone ampunbg: CRASH detected
[2025-11-20 23:50:52] [WARNING] ⚠️  ampunbg > Roblox Clone ampunbg: CRASH detected
[2025-11-20 23:50:53] [WARNING] ⚠️  ampunbg > Roblox Clone ampunbg: CRASH detected
[2025-11-20 23:50:53] [SUCCESS] ✅ ampunbg > Roblox Clone ampunbg: Fixed in 2.5s
[2025-11-20 23:50:53] [SUCCESS] ✅ ampunbg > Roblox Clone ampunbg: Fixed in 2.5s
[2025-11-20 23:50:53] [INFO] Received termination signal
[2025-11-20 23:50:53] [SUCCESS] ✅ ampunbg > Roblox Clone ampunbg: Fixed in 2.4s
[2025-11-20 23:50:53] [SUCCESS] ✅ ampunbg > Roblox Clone ampunbg: Fixed in 1.5s
[2025-11-20 23:50:54] [WARNING] ⚠️  zetsto > Roblox Clone zetsto: CRASH detected
[2025-11-20 23:50:54] [WARNING] ⚠️  zetsto > Roblox Clone zetsto: CRASH detected
[2025-11-20 23:50:54] [WARNING] ⚠️  zetsto > Roblox Clone zetsto: CRASH detected
[2025-11-20 23:50:54] [WARNING] ⚠️  zetsto > Roblox Clone zetsto: CRASH detected
[2025-11-20 23:50:54] [WARNING] ⚠️  zetsto > Roblox Clone zetsto: CRASH detected
[2025-11-20 23:50:54] [SUCCESS] ✅ ampunbg > Roblox Clone ampunbg: Fixed in 1.6s
[2025-11-20 23:50:54] [WARNING] ⚠️  zetsto > Roblox Clone zetsto: CRASH detected
[2025-11-20 23:50:54] [SUCCESS] ✅ ampunbg > Roblox Clone ampunbg: Fixed in 2.1s
[2025-11-20 23:50:55] [SUCCESS] ✅ ampunbg > Roblox Clone ampunbg: Fixed in 2.1s
[2025-11-20 23:50:55] [SUCCESS] ✅ ampunbg > Roblox Clone ampunbg: Fixed in 2.0s
[2025-11-20 23:50:55] [SUCCESS] ✅ zetsto > Roblox Clone zetsto: Fixed in 1.1s
[2025-11-20 23:50:55] [SUCCESS] ✅ zetsto > Roblox Clone zetsto: Fixed in 1.0s
[2025-11-20 23:50:55] [WARNING] ⚠️  zetsto > Roblox Clone zetsto: CRASH detected
[2025-11-20 23:50:55] [SUCCESS] ✅ zetsto > Roblox Clone zetsto: Fixed in 1.6s
[2025-11-20 23:50:55] [SUCCESS] ✅ zetsto > Roblox Clone zetsto: Fixed in 1.6s
[2025-11-20 23:50:55] [SUCCESS] ✅ zetsto > Roblox Clone zetsto: Fixed in 1.6s
[2025-11-20 23:50:55] [SUCCESS] ✅ zetsto > Roblox Clone zetsto: Fixed in 1.1s
[2025-11-20 23:50:55] [WARNING] ⚠️  ap 1-3,10 z4-9 > Roblox Clone ap 1-3,10 z4-9: CRASH detected
[2025-11-20 23:50:56] [WARNING] ⚠️  ap 1-3,10 z4-9 > Roblox Clone ap 1-3,10 z4-9: CRASH detected
[2025-11-20 23:50:56] [WARNING] ⚠️  ap 1-3,10 z4-9 > Roblox Clone ap 1-3,10 z4-9: CRASH detected
[2025-11-20 23:50:56] [WARNING] ⚠️  ap 1-3,10 z4-9 > Roblox Clone ap 1-3,10 z4-9: CRASH detected
[2025-11-20 23:50:56] [WARNING] ⚠️  ap 1-3,10 z4-9 > Roblox Clone ap 1-3,10 z4-9: CRASH detected
[2025-11-20 23:50:56] [WARNING] ⚠️  ap 1-3,10 z4-9 > Roblox Clone ap 1-3,10 z4-9: CRASH detected
[2025-11-20 23:50:56] [ERROR] ❌ ap 1-3,10 z4-9 > Roblox Clone ap 1-3,10 z4-9: Fix failed - Unknown error
[2025-11-20 23:50:56] [WARNING] ⚠️  zetsto > Roblox Clone zetsto: CRASH detected
[2025-11-20 23:50:56] [WARNING] ⚠️  zetsto > Roblox Clone zetsto: CRASH detected
[2025-11-20 23:50:56] [ERROR] ❌ ap 1-3,10 z4-9 > Roblox Clone ap 1-3,10 z4-9: Fix failed - Unknown error
[2025-11-20 23:50:56] [SUCCESS] ✅ zetsto > Roblox Clone zetsto: Fixed in 1.1s
[2025-11-20 23:50:56] [WARNING] ⚠️  zetsto > Roblox Clone zetsto: CRASH detected
[2025-11-20 23:50:56] [ERROR] ❌ ap 1-3,10 z4-9 > Roblox Clone ap 1-3,10 z4-9: Fix failed - Unknown error
[2025-11-20 23:50:56] [ERROR] ❌ ap 1-3,10 z4-9 > Roblox Clone ap 1-3,10 z4-9: Fix failed - Unknown error
[2025-11-20 23:50:57] [ERROR] ❌ ap 1-3,10 z4-9 > Roblox Clone ap 1-3,10 z4-9: Fix failed - Unknown error
[2025-11-20 23:50:57] [ERROR] ❌ ap 1-3,10 z4-9 > Roblox Clone ap 1-3,10 z4-9: Fix failed - Unknown error
[2025-11-20 23:50:57] [WARNING] ⚠️  ap 1-3,10 z4-9 > Roblox Clone ap 1-3,10 z4-9: CRASH detected
[2025-11-20 23:50:57] [WARNING] ⚠️  ap 1-3,10 z4-9 > Roblox Clone ap 1-3,10 z4-9: CRASH detected
[2025-11-20 23:50:57] [WARNING] ⚠️  ap 1-3,10 z4-9 > Roblox Clone ap 1-3,10 z4-9: CRASH detected
[2025-11-20 23:50:57] [WARNING] ⚠️  ap 1-3,10 z4-9 > Roblox Clone ap 1-3,10 z4-9: CRASH detected
[2025-11-20 23:50:57] [SUCCESS] ✅ zetsto > Roblox Clone zetsto: Fixed in 1.4s
[2025-11-20 23:50:57] [ERROR] ❌ ap 1-3,10 z4-9 > Roblox Clone ap 1-3,10 z4-9: Fix failed - Unknown error
[2025-11-20 23:50:58] [ERROR] ❌ ap 1-3,10 z4-9 > Roblox Clone ap 1-3,10 z4-9: Fix failed - Unknown error
[2025-11-20 23:50:58] [ERROR] ❌ ap 1-3,10 z4-9 > Roblox Clone ap 1-3,10 z4-9: Fix failed - Unknown error
[2025-11-20 23:50:58] [ERROR] ❌ ap 1-3,10 z4-9 > Roblox Clone ap 1-3,10 z4-9: Fix failed - Unknown error
[2025-11-20 23:50:58] [SUCCESS] ✅ zetsto > Roblox Clone zetsto: Fixed in 2.0s
[2025-11-20 23:50:58] [SUCCESS] ✅ zetsto > Roblox Clone zetsto: Fixed in 2.0s
[2025-11-20 23:50:59] [WARNING] ⚠️  73-1 > Roblox Clone 73-1: CRASH detected
[2025-11-20 23:50:59] [WARNING] ⚠️  73-1 > Roblox Clone 73-1: CRASH detected
[2025-11-20 23:50:59] [WARNING] ⚠️  73-1 > Roblox Clone 73-1: CRASH detected
[2025-11-20 23:51:00] [WARNING] ⚠️  73-1 > Roblox Clone 73-1: CRASH detected
[2025-11-20 23:51:00] [WARNING] ⚠️  73-1 > Roblox Clone 73-1: CRASH detected
[2025-11-20 23:51:00] [WARNING] ⚠️  73-1 > Roblox Clone 73-1: CRASH detected
[2025-11-20 23:51:00] [WARNING] ⚠️  73-1 > Roblox Clone 73-1: CRASH detected
[2025-11-20 23:51:00] [WARNING] ⚠️  73-1 > Roblox Clone 73-1: CRASH detected
[2025-11-20 23:51:00] [WARNING] ⚠️  73-1 > Roblox Clone 73-1: CRASH detected
[2025-11-20 23:51:00] [SUCCESS] ✅ 73-1 > Roblox Clone 73-1: Fixed in 1.5s
[2025-11-20 23:51:00] [WARNING] ⚠️  73-1 > Roblox Clone 73-1: CRASH detected
[2025-11-20 23:51:00] [SUCCESS] ✅ 73-1 > Roblox Clone 73-1: Fixed in 1.4s
[2025-11-20 23:51:00] [SUCCESS] ✅ 73-1 > Roblox Clone 73-1: Fixed in 1.5s
[2025-11-20 23:51:01] [SUCCESS] ✅ 73-1 > Roblox Clone 73-1: Fixed in 1.6s
[2025-11-20 23:51:02] [SUCCESS] ✅ 73-1 > Roblox Clone 73-1: Fixed in 2.2s
[2025-11-20 23:51:02] [SUCCESS] ✅ 73-1 > Roblox Clone 73-1: Fixed in 2.3s
[2025-11-20 23:51:02] [SUCCESS] ✅ 73-1 > Roblox Clone 73-1: Fixed in 2.3s
[2025-11-20 23:51:02] [SUCCESS] ✅ 73-1 > Roblox Clone 73-1: Fixed in 2.3s
[2025-11-20 23:51:02] [SUCCESS] ✅ 73-1 > Roblox Clone 73-1: Fixed in 2.4s
[2025-11-20 23:51:02] [SUCCESS] ✅ 73-1 > Roblox Clone 73-1: Fixed in 2.0s
[2025-11-20 23:51:19] [SUCCESS] ✅ Configuration loaded successfully
[2025-11-20 23:51:19] [INFO] ✅ Database enabled: vsphone_monitor.db
[2025-11-20 23:51:19] [INFO] 🌐 Starting web dashboard on http://localhost:5000
[2025-11-20 23:51:19] [SUCCESS] ✅ Web dashboard started
[2025-11-20 23:51:21] [INFO] ============================================================
[2025-11-20 23:51:21] [INFO] 🚀 VSPhone Monitor v5.0.0 Started
[2025-11-20 23:51:21] [INFO] 📊 Total Clones: 80
[2025-11-20 23:51:21] [INFO] 👤 Accounts: 1
[2025-11-20 23:51:21] [INFO] 📱 Instances: 8
[2025-11-20 23:51:21] [INFO] ⏱️  Check Interval: 30s
[2025-11-20 23:51:21] [INFO] ⚡ Parallel Workers: 10
[2025-11-20 23:51:21] [INFO] 💾 Database: ✅ Enabled
[2025-11-20 23:51:21] [INFO] ============================================================
[2025-11-20 23:51:21] [INFO] 
🔍 Starting check cycle for 80 clones...
[2025-11-20 23:51:28] [WARNING] ⚠️  33 - 1 > Roblox Clone 33-1: CRASH detected
[2025-11-20 23:51:28] [WARNING] ⚠️  33 - 1 > Roblox Clone 33-1: CRASH detected
[2025-11-20 23:51:28] [WARNING] ⚠️  33 - 1 > Roblox Clone 33-1: CRASH detected
[2025-11-20 23:51:28] [WARNING] ⚠️  33 - 1 > Roblox Clone 33-1: CRASH detected
[2025-11-20 23:51:28] [WARNING] ⚠️  33 - 1 > Roblox Clone 33-1: CRASH detected
[2025-11-20 23:51:28] [WARNING] ⚠️  33 - 1 > Roblox Clone 33-1: CRASH detected
[2025-11-20 23:51:28] [WARNING] DB Error updating status: bad parameter or other API misuse
[2025-11-20 23:51:28] [WARNING] DB Error updating status: UNIQUE constraint failed: clone_status.clone_key
[2025-11-20 23:51:28] [WARNING] ⚠️  33 - 1 > Roblox Clone 33-1: CRASH detected
[2025-11-20 23:51:28] [WARNING] ⚠️  33 - 1 > Roblox Clone 33-1: CRASH detected
[2025-11-20 23:51:28] [WARNING] ⚠️  33 - 1 > Roblox Clone 33-1: CRASH detected
[2025-11-20 23:51:28] [WARNING] ⚠️  33 - 1 > Roblox Clone 33-1: CRASH detected
[2025-11-20 23:51:34] [ERROR] ❌ 33 - 1 > Roblox Clone 33-1: Fix failed - Unknown error
[2025-11-20 23:51:34] [ERROR] ❌ 33 - 1 > Roblox Clone 33-1: Fix failed - Unknown error
[2025-11-20 23:51:34] [ERROR] ❌ 33 - 1 > Roblox Clone 33-1: Fix failed - Unknown error
[2025-11-20 23:51:34] [ERROR] ❌ 33 - 1 > Roblox Clone 33-1: Fix failed - Unknown error
[2025-11-20 23:51:34] [ERROR] ❌ 33 - 1 > Roblox Clone 33-1: Fix failed - Unknown error
[2025-11-20 23:51:34] [ERROR] ❌ 33 - 1 > Roblox Clone 33-1: Fix failed - Unknown error
[2025-11-20 23:51:34] [WARNING] DB Error: bad parameter or other API misuse
[2025-11-20 23:51:34] [ERROR] ❌ 33 - 1 > Roblox Clone 33-1: Fix failed - Unknown error
[2025-11-20 23:51:34] [ERROR] ❌ 33 - 1 > Roblox Clone 33-1: Fix failed - Unknown error
[2025-11-20 23:51:34] [ERROR] ❌ 33 - 1 > Roblox Clone 33-1: Fix failed - Unknown error
[2025-11-20 23:51:34] [ERROR] ❌ 33 - 1 > Roblox Clone 33-1: Fix failed - Unknown error
[2025-11-20 23:51:37] [WARNING] ⚠️  33 - 2 > Roblox Clone 33-2: CRASH detected
[2025-11-20 23:51:37] [WARNING] ⚠️  33 - 2 > Roblox Clone 33-2: CRASH detected
[2025-11-20 23:51:37] [WARNING] ⚠️  33 - 2 > Roblox Clone 33-2: CRASH detected
[2025-11-20 23:51:37] [WARNING] ⚠️  33 - 2 > Roblox Clone 33-2: CRASH detected
[2025-11-20 23:51:37] [WARNING] ⚠️  33 - 2 > Roblox Clone 33-2: CRASH detected
[2025-11-20 23:51:37] [WARNING] ⚠️  33 - 2 > Roblox Clone 33-2: CRASH detected
[2025-11-20 23:51:37] [WARNING] ⚠️  33 - 2 > Roblox Clone 33-2: CRASH detected
[2025-11-20 23:51:37] [WARNING] ⚠️  33 - 2 > Roblox Clone 33-2: CRASH detected
[2025-11-20 23:51:37] [WARNING] ⚠️  33 - 2 > Roblox Clone 33-2: CRASH detected
[2025-11-20 23:51:37] [WARNING] ⚠️  33 - 2 > Roblox Clone 33-2: CRASH detected
[2025-11-20 23:51:38] [SUCCESS] ✅ 33 - 2 > Roblox Clone 33-2: Fixed in 1.0s
[2025-11-20 23:51:38] [SUCCESS] ✅ 33 - 2 > Roblox Clone 33-2: Fixed in 1.0s
[2025-11-20 23:51:38] [SUCCESS] ✅ 33 - 2 > Roblox Clone 33-2: Fixed in 1.0s
[2025-11-20 23:51:38] [SUCCESS] ✅ 33 - 2 > Roblox Clone 33-2: Fixed in 1.2s
[2025-11-20 23:51:38] [SUCCESS] ✅ 33 - 2 > Roblox Clone 33-2: Fixed in 1.2s
[2025-11-20 23:51:38] [SUCCESS] ✅ 33 - 2 > Roblox Clone 33-2: Fixed in 1.3s
[2025-11-20 23:51:39] [WARNING] ⚠️  13-2 > Roblox Clone 13-2: CRASH detected
[2025-11-20 23:51:39] [WARNING] DB Error updating status: bad parameter or other API misuse
[2025-11-20 23:51:39] [WARNING] DB Error updating status: UNIQUE constraint failed: clone_status.clone_key
[2025-11-20 23:51:39] [WARNING] ⚠️  13-2 > Roblox Clone 13-2: CRASH detected
[2025-11-20 23:51:39] [WARNING] ⚠️  13-2 > Roblox Clone 13-2: CRASH detected
[2025-11-20 23:51:39] [SUCCESS] ✅ 33 - 2 > Roblox Clone 33-2: Fixed in 1.7s
[2025-11-20 23:51:39] [SUCCESS] ✅ 33 - 2 > Roblox Clone 33-2: Fixed in 1.8s
[2025-11-20 23:51:39] [SUCCESS] ✅ 33 - 2 > Roblox Clone 33-2: Fixed in 1.8s
[2025-11-20 23:51:39] [SUCCESS] ✅ 33 - 2 > Roblox Clone 33-2: Fixed in 1.9s
[2025-11-20 23:51:39] [WARNING] ⚠️  13-2 > Roblox Clone 13-2: CRASH detected
[2025-11-20 23:51:39] [WARNING] ⚠️  13-2 > Roblox Clone 13-2: CRASH detected
[2025-11-20 23:51:39] [WARNING] ⚠️  13-2 > Roblox Clone 13-2: CRASH detected
[2025-11-20 23:51:40] [SUCCESS] ✅ 13-2 > Roblox Clone 13-2: Fixed in 1.1s
[2025-11-20 23:51:40] [SUCCESS] ✅ 13-2 > Roblox Clone 13-2: Fixed in 1.1s
[2025-11-20 23:51:40] [SUCCESS] ✅ 13-2 > Roblox Clone 13-2: Fixed in 1.1s
[2025-11-20 23:51:40] [WARNING] ⚠️  13-2 > Roblox Clone 13-2: CRASH detected
[2025-11-20 23:51:40] [WARNING] ⚠️  13-2 > Roblox Clone 13-2: CRASH detected
[2025-11-20 23:51:40] [WARNING] ⚠️  13-2 > Roblox Clone 13-2: CRASH detected
[2025-11-20 23:51:40] [SUCCESS] ✅ 13-2 > Roblox Clone 13-2: Fixed in 1.0s
[2025-11-20 23:51:40] [SUCCESS] ✅ 13-2 > Roblox Clone 13-2: Fixed in 1.1s
[2025-11-20 23:51:40] [SUCCESS] ✅ 13-2 > Roblox Clone 13-2: Fixed in 0.9s
[2025-11-20 23:51:40] [WARNING] ⚠️  13-2 > Roblox Clone 13-2: CRASH detected
[2025-11-20 23:51:41] [WARNING] ⚠️  kesatu > Roblox Clone kesatu: CRASH detected
[2025-11-20 23:51:41] [WARNING] ⚠️  kesatu > Roblox Clone kesatu: CRASH detected
[2025-11-20 23:51:41] [WARNING] ⚠️  kesatu > Roblox Clone kesatu: CRASH detected
[2025-11-20 23:51:41] [SUCCESS] ✅ 13-2 > Roblox Clone 13-2: Fixed in 1.1s
[2025-11-20 23:51:41] [SUCCESS] ✅ 13-2 > Roblox Clone 13-2: Fixed in 1.1s
[2025-11-20 23:51:41] [SUCCESS] ✅ 13-2 > Roblox Clone 13-2: Fixed in 1.1s
[2025-11-20 23:51:41] [WARNING] ⚠️  kesatu > Roblox Clone kesatu: CRASH detected
[2025-11-20 23:51:42] [WARNING] ⚠️  kesatu > Roblox Clone kesatu: CRASH detected
[2025-11-20 23:51:42] [WARNING] ⚠️  kesatu > Roblox Clone kesatu: CRASH detected
[2025-11-20 23:51:42] [SUCCESS] ✅ 13-2 > Roblox Clone 13-2: Fixed in 1.1s
[2025-11-20 23:51:42] [SUCCESS] ✅ kesatu > Roblox Clone kesatu: Fixed in 1.1s
[2025-11-20 23:51:42] [SUCCESS] ✅ kesatu > Roblox Clone kesatu: Fixed in 1.1s
[2025-11-20 23:51:42] [SUCCESS] ✅ kesatu > Roblox Clone kesatu: Fixed in 1.1s
[2025-11-20 23:51:42] [WARNING] ⚠️  kesatu > Roblox Clone kesatu: CRASH detected
[2025-11-20 23:51:42] [WARNING] ⚠️  kesatu > Roblox Clone kesatu: CRASH detected
[2025-11-20 23:51:42] [WARNING] ⚠️  kesatu > Roblox Clone kesatu: CRASH detected
[2025-11-20 23:51:43] [WARNING] ⚠️  kesatu > Roblox Clone kesatu: CRASH detected
[2025-11-20 23:51:43] [SUCCESS] ✅ kesatu > Roblox Clone kesatu: Fixed in 1.1s
[2025-11-20 23:51:43] [SUCCESS] ✅ kesatu > Roblox Clone kesatu: Fixed in 1.1s
[2025-11-20 23:51:43] [SUCCESS] ✅ kesatu > Roblox Clone kesatu: Fixed in 1.2s
[2025-11-20 23:51:43] [SUCCESS] ✅ kesatu > Roblox Clone kesatu: Fixed in 1.1s
[2025-11-20 23:51:43] [SUCCESS] ✅ kesatu > Roblox Clone kesatu: Fixed in 1.1s
[2025-11-20 23:51:43] [SUCCESS] ✅ kesatu > Roblox Clone kesatu: Fixed in 1.2s
[2025-11-20 23:51:44] [SUCCESS] ✅ kesatu > Roblox Clone kesatu: Fixed in 1.1s
[2025-11-20 23:51:44] [WARNING] ⚠️  ampunbg > Roblox Clone ampunbg: CRASH detected
[2025-11-20 23:51:44] [WARNING] ⚠️  ampunbg > Roblox Clone ampunbg: CRASH detected
[2025-11-20 23:51:44] [WARNING] ⚠️  ampunbg > Roblox Clone ampunbg: CRASH detected
[2025-11-20 23:51:45] [WARNING] ⚠️  ampunbg > Roblox Clone ampunbg: CRASH detected
[2025-11-20 23:51:45] [WARNING] ⚠️  ampunbg > Roblox Clone ampunbg: CRASH detected
[2025-11-20 23:51:45] [WARNING] ⚠️  ampunbg > Roblox Clone ampunbg: CRASH detected
[2025-11-20 23:51:45] [WARNING] ⚠️  ampunbg > Roblox Clone ampunbg: CRASH detected
[2025-11-20 23:51:45] [WARNING] ⚠️  ampunbg > Roblox Clone ampunbg: CRASH detected
[2025-11-20 23:51:45] [WARNING] ⚠️  ampunbg > Roblox Clone ampunbg: CRASH detected
[2025-11-20 23:51:46] [SUCCESS] ✅ ampunbg > Roblox Clone ampunbg: Fixed in 1.5s
[2025-11-20 23:51:46] [SUCCESS] ✅ ampunbg > Roblox Clone ampunbg: Fixed in 2.0s
[2025-11-20 23:51:46] [WARNING] ⚠️  ampunbg > Roblox Clone ampunbg: CRASH detected
[2025-11-20 23:51:46] [SUCCESS] ✅ ampunbg > Roblox Clone ampunbg: Fixed in 2.1s
[2025-11-20 23:51:46] [SUCCESS] ✅ ampunbg > Roblox Clone ampunbg: Fixed in 1.6s
[2025-11-20 23:51:46] [SUCCESS] ✅ ampunbg > Roblox Clone ampunbg: Fixed in 1.6s
[2025-11-20 23:51:47] [SUCCESS] ✅ ampunbg > Roblox Clone ampunbg: Fixed in 1.6s
[2025-11-20 23:51:47] [SUCCESS] ✅ ampunbg > Roblox Clone ampunbg: Fixed in 1.4s
[2025-11-20 23:51:47] [SUCCESS] ✅ ampunbg > Roblox Clone ampunbg: Fixed in 2.1s
[2025-11-20 23:51:47] [SUCCESS] ✅ ampunbg > Roblox Clone ampunbg: Fixed in 2.1s
[2025-11-20 23:51:47] [WARNING] ⚠️  zetsto > Roblox Clone zetsto: CRASH detected
[2025-11-20 23:51:47] [WARNING] ⚠️  zetsto > Roblox Clone zetsto: CRASH detected
[2025-11-20 23:51:47] [WARNING] ⚠️  zetsto > Roblox Clone zetsto: CRASH detected
[2025-11-20 23:51:47] [SUCCESS] ✅ ampunbg > Roblox Clone ampunbg: Fixed in 1.5s
[2025-11-20 23:51:48] [WARNING] ⚠️  zetsto > Roblox Clone zetsto: CRASH detected
[2025-11-20 23:51:48] [WARNING] ⚠️  zetsto > Roblox Clone zetsto: CRASH detected
[2025-11-20 23:51:48] [WARNING] ⚠️  zetsto > Roblox Clone zetsto: CRASH detected
[2025-11-20 23:51:48] [WARNING] ⚠️  zetsto > Roblox Clone zetsto: CRASH detected
[2025-11-20 23:51:48] [WARNING] ⚠️  zetsto > Roblox Clone zetsto: CRASH detected
[2025-11-20 23:51:48] [WARNING] ⚠️  zetsto > Roblox Clone zetsto: CRASH detected
[2025-11-20 23:51:49] [SUCCESS] ✅ zetsto > Roblox Clone zetsto: Fixed in 1.6s
[2025-11-20 23:51:49] [SUCCESS] ✅ zetsto > Roblox Clone zetsto: Fixed in 1.5s
[2025-11-20 23:51:49] [SUCCESS] ✅ zetsto > Roblox Clone zetsto: Fixed in 1.5s
[2025-11-20 23:51:49] [WARNING] ⚠️  zetsto > Roblox Clone zetsto: CRASH detected
[2025-11-20 23:51:49] [SUCCESS] ✅ zetsto > Roblox Clone zetsto: Fixed in 1.0s
[2025-11-20 23:51:49] [SUCCESS] ✅ zetsto > Roblox Clone zetsto: Fixed in 1.0s
[2025-11-20 23:51:49] [SUCCESS] ✅ zetsto > Roblox Clone zetsto: Fixed in 1.0s
[2025-11-20 23:51:49] [WARNING] ⚠️  ap 1-3,10 z4-9 > Roblox Clone ap 1-3,10 z4-9: CRASH detected
[2025-11-20 23:51:49] [SUCCESS] ✅ zetsto > Roblox Clone zetsto: Fixed in 1.0s
[2025-11-20 23:51:49] [WARNING] ⚠️  ap 1-3,10 z4-9 > Roblox Clone ap 1-3,10 z4-9: CRASH detected
[2025-11-20 23:51:49] [SUCCESS] ✅ zetsto > Roblox Clone zetsto: Fixed in 1.1s
[2025-11-20 23:51:49] [SUCCESS] ✅ zetsto > Roblox Clone zetsto: Fixed in 1.0s
[2025-11-20 23:51:49] [WARNING] ⚠️  ap 1-3,10 z4-9 > Roblox Clone ap 1-3,10 z4-9: CRASH detected
[2025-11-20 23:51:50] [WARNING] ⚠️  ap 1-3,10 z4-9 > Roblox Clone ap 1-3,10 z4-9: CRASH detected
[2025-11-20 23:51:50] [WARNING] ⚠️  ap 1-3,10 z4-9 > Roblox Clone ap 1-3,10 z4-9: CRASH detected
[2025-11-20 23:51:50] [WARNING] ⚠️  ap 1-3,10 z4-9 > Roblox Clone ap 1-3,10 z4-9: CRASH detected
[2025-11-20 23:51:50] [ERROR] ❌ ap 1-3,10 z4-9 > Roblox Clone ap 1-3,10 z4-9: Fix failed - Unknown error
[2025-11-20 23:51:50] [WARNING] ⚠️  ap 1-3,10 z4-9 > Roblox Clone ap 1-3,10 z4-9: CRASH detected
[2025-11-20 23:51:50] [SUCCESS] ✅ zetsto > Roblox Clone zetsto: Fixed in 1.2s
[2025-11-20 23:51:50] [ERROR] ❌ ap 1-3,10 z4-9 > Roblox Clone ap 1-3,10 z4-9: Fix failed - Unknown error
[2025-11-20 23:51:50] [ERROR] ❌ ap 1-3,10 z4-9 > Roblox Clone ap 1-3,10 z4-9: Fix failed - Unknown error
[2025-11-20 23:51:50] [WARNING] ⚠️  ap 1-3,10 z4-9 > Roblox Clone ap 1-3,10 z4-9: CRASH detected
[2025-11-20 23:51:50] [WARNING] ⚠️  ap 1-3,10 z4-9 > Roblox Clone ap 1-3,10 z4-9: CRASH detected
[2025-11-20 23:51:50] [ERROR] ❌ ap 1-3,10 z4-9 > Roblox Clone ap 1-3,10 z4-9: Fix failed - Unknown error
[2025-11-20 23:51:50] [ERROR] ❌ ap 1-3,10 z4-9 > Roblox Clone ap 1-3,10 z4-9: Fix failed - Unknown error
[2025-11-20 23:51:50] [ERROR] ❌ ap 1-3,10 z4-9 > Roblox Clone ap 1-3,10 z4-9: Fix failed - Unknown error
[2025-11-20 23:51:51] [WARNING] ⚠️  ap 1-3,10 z4-9 > Roblox Clone ap 1-3,10 z4-9: CRASH detected
[2025-11-20 23:51:51] [ERROR] ❌ ap 1-3,10 z4-9 > Roblox Clone ap 1-3,10 z4-9: Fix failed - Unknown error
[2025-11-20 23:51:51] [ERROR] ❌ ap 1-3,10 z4-9 > Roblox Clone ap 1-3,10 z4-9: Fix failed - Unknown error
[2025-11-20 23:51:51] [ERROR] ❌ ap 1-3,10 z4-9 > Roblox Clone ap 1-3,10 z4-9: Fix failed - Unknown error
[2025-11-20 23:51:51] [ERROR] ❌ ap 1-3,10 z4-9 > Roblox Clone ap 1-3,10 z4-9: Fix failed - Unknown error
[2025-11-20 23:51:53] [WARNING] ⚠️  73-1 > Roblox Clone 73-1: CRASH detected
[2025-11-20 23:51:53] [WARNING] ⚠️  73-1 > Roblox Clone 73-1: CRASH detected
[2025-11-20 23:51:53] [WARNING] ⚠️  73-1 > Roblox Clone 73-1: CRASH detected
[2025-11-20 23:51:53] [WARNING] ⚠️  73-1 > Roblox Clone 73-1: CRASH detected
[2025-11-20 23:51:53] [WARNING] ⚠️  73-1 > Roblox Clone 73-1: CRASH detected
[2025-11-20 23:51:53] [WARNING] ⚠️  73-1 > Roblox Clone 73-1: CRASH detected
[2025-11-20 23:51:53] [WARNING] ⚠️  73-1 > Roblox Clone 73-1: CRASH detected
[2025-11-20 23:51:54] [WARNING] ⚠️  73-1 > Roblox Clone 73-1: CRASH detected
[2025-11-20 23:51:54] [WARNING] ⚠️  73-1 > Roblox Clone 73-1: CRASH detected
[2025-11-20 23:51:54] [WARNING] ⚠️  73-1 > Roblox Clone 73-1: CRASH detected
[2025-11-20 23:51:55] [SUCCESS] ✅ 73-1 > Roblox Clone 73-1: Fixed in 2.0s
[2025-11-20 23:51:55] [SUCCESS] ✅ 73-1 > Roblox Clone 73-1: Fixed in 2.0s
[2025-11-20 23:51:55] [SUCCESS] ✅ 73-1 > Roblox Clone 73-1: Fixed in 2.0s
[2025-11-20 23:51:55] [SUCCESS] ✅ 73-1 > Roblox Clone 73-1: Fixed in 2.5s
[2025-11-20 23:51:55] [SUCCESS] ✅ 73-1 > Roblox Clone 73-1: Fixed in 2.0s
[2025-11-20 23:51:55] [SUCCESS] ✅ 73-1 > Roblox Clone 73-1: Fixed in 2.0s
[2025-11-20 23:51:56] [SUCCESS] ✅ 73-1 > Roblox Clone 73-1: Fixed in 2.1s
[2025-11-20 23:51:56] [SUCCESS] ✅ 73-1 > Roblox Clone 73-1: Fixed in 2.1s
[2025-11-20 23:51:56] [SUCCESS] ✅ 73-1 > Roblox Clone 73-1: Fixed in 2.1s
[2025-11-20 23:51:56] [SUCCESS] ✅ 73-1 > Roblox Clone 73-1: Fixed in 2.1s
[2025-11-20 23:51:56] [INFO] 
────────────────────────────────────────────────────────────
[2025-11-20 23:51:56] [INFO] ✅ Cycle Complete (34.6s)
[2025-11-20 23:51:56] [INFO]    Healthy: 0
[2025-11-20 23:51:56] [INFO]    Fixed: 60
[2025-11-20 23:51:56] [INFO]    Issues: 60 crash
[2025-11-20 23:51:56] [WARNING]    ⚠️  Failed to fix: 20
[2025-11-20 23:51:56] [INFO] ────────────────────────────────────────────────────────────
[2025-11-20 23:51:56] [INFO] 
💤 Waiting 30s for next cycle...
[2025-11-20 23:52:26] [INFO] 
🔍 Starting check cycle for 80 clones...
[2025-11-20 23:52:32] [WARNING] ⚠️  33 - 1 > Roblox Clone 33-1: CRASH detected
[2025-11-20 23:52:32] [WARNING] ⚠️  33 - 1 > Roblox Clone 33-1: CRASH detected
[2025-11-20 23:52:32] [WARNING] ⚠️  33 - 1 > Roblox Clone 33-1: CRASH detected
[2025-11-20 23:52:32] [WARNING] ⚠️  33 - 1 > Roblox Clone 33-1: CRASH detected
[2025-11-20 23:52:32] [WARNING] ⚠️  33 - 1 > Roblox Clone 33-1: CRASH detected
[2025-11-20 23:52:32] [WARNING] ⚠️  33 - 1 > Roblox Clone 33-1: CRASH detected
[2025-11-20 23:52:32] [WARNING] ⚠️  33 - 1 > Roblox Clone 33-1: CRASH detected
[2025-11-20 23:52:32] [WARNING] ⚠️  33 - 1 > Roblox Clone 33-1: CRASH detected
[2025-11-20 23:52:32] [WARNING] ⚠️  33 - 1 > Roblox Clone 33-1: CRASH detected
[2025-11-20 23:52:32] [WARNING] ⚠️  33 - 1 > Roblox Clone 33-1: CRASH detected
[2025-11-20 23:52:38] [ERROR] ❌ 33 - 1 > Roblox Clone 33-1: Fix failed - Unknown error
[2025-11-20 23:52:38] [ERROR] ❌ 33 - 1 > Roblox Clone 33-1: Fix failed - Unknown error
[2025-11-20 23:52:38] [ERROR] ❌ 33 - 1 > Roblox Clone 33-1: Fix failed - Unknown error
[2025-11-20 23:52:38] [ERROR] ❌ 33 - 1 > Roblox Clone 33-1: Fix failed - Unknown error
[2025-11-20 23:52:38] [WARNING] DB Error: bad parameter or other API misuse
[2025-11-20 23:52:38] [ERROR] ❌ 33 - 1 > Roblox Clone 33-1: Fix failed - Unknown error
[2025-11-20 23:52:39] [ERROR] ❌ 33 - 1 > Roblox Clone 33-1: Fix failed - Unknown error
[2025-11-20 23:52:39] [ERROR] ❌ 33 - 1 > Roblox Clone 33-1: Fix failed - Unknown error
[2025-11-20 23:52:39] [ERROR] ❌ 33 - 1 > Roblox Clone 33-1: Fix failed - Unknown error
[2025-11-20 23:52:39] [ERROR] ❌ 33 - 1 > Roblox Clone 33-1: Fix failed - Unknown error
[2025-11-20 23:52:39] [ERROR] ❌ 33 - 1 > Roblox Clone 33-1: Fix failed - Unknown error
[2025-11-20 23:52:40] [WARNING] ⚠️  33 - 2 > Roblox Clone 33-2: CRASH detected
[2025-11-20 23:52:40] [WARNING] ⚠️  33 - 2 > Roblox Clone 33-2: CRASH detected
[2025-11-20 23:52:40] [WARNING] ⚠️  33 - 2 > Roblox Clone 33-2: CRASH detected
[2025-11-20 23:52:40] [WARNING] ⚠️  33 - 2 > Roblox Clone 33-2: CRASH detected
[2025-11-20 23:52:40] [WARNING] ⚠️  33 - 2 > Roblox Clone 33-2: CRASH detected
[2025-11-20 23:52:40] [WARNING] ⚠️  33 - 2 > Roblox Clone 33-2: CRASH detected
[2025-11-20 23:52:40] [WARNING] ⚠️  33 - 2 > Roblox Clone 33-2: CRASH detected
[2025-11-20 23:52:40] [WARNING] ⚠️  33 - 2 > Roblox Clone 33-2: CRASH detected
[2025-11-20 23:52:40] [WARNING] ⚠️  33 - 2 > Roblox Clone 33-2: CRASH detected
[2025-11-20 23:52:40] [WARNING] ⚠️  33 - 2 > Roblox Clone 33-2: CRASH detected
[2025-11-20 23:52:41] [SUCCESS] ✅ 33 - 2 > Roblox Clone 33-2: Fixed in 1.4s
[2025-11-20 23:52:41] [SUCCESS] ✅ 33 - 2 > Roblox Clone 33-2: Fixed in 1.4s
[2025-11-20 23:52:42] [SUCCESS] ✅ 33 - 2 > Roblox Clone 33-2: Fixed in 1.5s
[2025-11-20 23:52:42] [SUCCESS] ✅ 33 - 2 > Roblox Clone 33-2: Fixed in 1.5s
[2025-11-20 23:52:42] [WARNING] DB Error: cannot commit - no transaction is active
[2025-11-20 23:52:42] [SUCCESS] ✅ 33 - 2 > Roblox Clone 33-2: Fixed in 1.4s
[2025-11-20 23:52:42] [SUCCESS] ✅ 33 - 2 > Roblox Clone 33-2: Fixed in 1.5s
[2025-11-20 23:52:42] [SUCCESS] ✅ 33 - 2 > Roblox Clone 33-2: Fixed in 1.6s
[2025-11-20 23:52:42] [SUCCESS] ✅ 33 - 2 > Roblox Clone 33-2: Fixed in 1.6s
[2025-11-20 23:52:42] [SUCCESS] ✅ 33 - 2 > Roblox Clone 33-2: Fixed in 2.0s
[2025-11-20 23:52:42] [SUCCESS] ✅ 33 - 2 > Roblox Clone 33-2: Fixed in 2.0s
[2025-11-20 23:52:43] [WARNING] ⚠️  13-2 > Roblox Clone 13-2: CRASH detected
[2025-11-20 23:52:43] [WARNING] ⚠️  13-2 > Roblox Clone 13-2: CRASH detected
[2025-11-20 23:52:43] [WARNING] ⚠️  13-2 > Roblox Clone 13-2: CRASH detected
[2025-11-20 23:52:43] [WARNING] ⚠️  13-2 > Roblox Clone 13-2: CRASH detected
[2025-11-20 23:52:43] [WARNING] ⚠️  13-2 > Roblox Clone 13-2: CRASH detected
[2025-11-20 23:52:43] [WARNING] ⚠️  13-2 > Roblox Clone 13-2: CRASH detected
[2025-11-20 23:52:43] [WARNING] ⚠️  13-2 > Roblox Clone 13-2: CRASH detected
[2025-11-20 23:52:43] [WARNING] ⚠️  13-2 > Roblox Clone 13-2: CRASH detected
[2025-11-20 23:52:44] [WARNING] ⚠️  13-2 > Roblox Clone 13-2: CRASH detected
[2025-11-20 23:52:44] [WARNING] ⚠️  13-2 > Roblox Clone 13-2: CRASH detected
[2025-11-20 23:52:44] [SUCCESS] ✅ 13-2 > Roblox Clone 13-2: Fixed in 1.0s
[2025-11-20 23:52:45] [SUCCESS] ✅ 13-2 > Roblox Clone 13-2: Fixed in 1.2s
[2025-11-20 23:52:45] [SUCCESS] ✅ 13-2 > Roblox Clone 13-2: Fixed in 1.8s
[2025-11-20 23:52:45] [WARNING] ⚠️  kesatu > Roblox Clone kesatu: CRASH detected
[2025-11-20 23:52:45] [SUCCESS] ✅ 13-2 > Roblox Clone 13-2: Fixed in 1.9s
[2025-11-20 23:52:45] [SUCCESS] ✅ 13-2 > Roblox Clone 13-2: Fixed in 1.8s
[2025-11-20 23:52:45] [SUCCESS] ✅ 13-2 > Roblox Clone 13-2: Fixed in 1.8s
[2025-11-20 23:52:45] [SUCCESS] ✅ 13-2 > Roblox Clone 13-2: Fixed in 1.9s
[2025-11-20 23:52:45] [SUCCESS] ✅ 13-2 > Roblox Clone 13-2: Fixed in 1.9s
[2025-11-20 23:52:45] [SUCCESS] ✅ 13-2 > Roblox Clone 13-2: Fixed in 1.8s
[2025-11-20 23:52:45] [SUCCESS] ✅ 13-2 > Roblox Clone 13-2: Fixed in 1.8s
[2025-11-20 23:52:46] [WARNING] ⚠️  kesatu > Roblox Clone kesatu: CRASH detected
[2025-11-20 23:52:46] [SUCCESS] ✅ kesatu > Roblox Clone kesatu: Fixed in 1.3s
[2025-11-20 23:52:47] [WARNING] ⚠️  kesatu > Roblox Clone kesatu: CRASH detected
[2025-11-20 23:52:47] [WARNING] ⚠️  kesatu > Roblox Clone kesatu: CRASH detected
[2025-11-20 23:52:47] [WARNING] ⚠️  kesatu > Roblox Clone kesatu: CRASH detected
[2025-11-20 23:52:47] [WARNING] ⚠️  kesatu > Roblox Clone kesatu: CRASH detected
[2025-11-20 23:52:47] [WARNING] ⚠️  kesatu > Roblox Clone kesatu: CRASH detected
[2025-11-20 23:52:47] [WARNING] ⚠️  kesatu > Roblox Clone kesatu: CRASH detected
[2025-11-20 23:52:47] [SUCCESS] ✅ kesatu > Roblox Clone kesatu: Fixed in 1.3s
[2025-11-20 23:52:47] [WARNING] ⚠️  kesatu > Roblox Clone kesatu: CRASH detected
[2025-11-20 23:52:47] [WARNING] ⚠️  kesatu > Roblox Clone kesatu: CRASH detected
[2025-11-20 23:52:48] [SUCCESS] ✅ kesatu > Roblox Clone kesatu: Fixed in 1.2s
[2025-11-20 23:52:48] [SUCCESS] ✅ kesatu > Roblox Clone kesatu: Fixed in 1.3s
[2025-11-20 23:52:48] [SUCCESS] ✅ kesatu > Roblox Clone kesatu: Fixed in 1.4s
[2025-11-20 23:52:48] [SUCCESS] ✅ kesatu > Roblox Clone kesatu: Fixed in 1.4s
[2025-11-20 23:52:48] [SUCCESS] ✅ kesatu > Roblox Clone kesatu: Fixed in 1.4s
[2025-11-20 23:52:48] [SUCCESS] ✅ kesatu > Roblox Clone kesatu: Fixed in 1.4s
[2025-11-20 23:52:48] [SUCCESS] ✅ kesatu > Roblox Clone kesatu: Fixed in 1.1s
[2025-11-20 23:52:48] [SUCCESS] ✅ kesatu > Roblox Clone kesatu: Fixed in 1.2s
[2025-11-20 23:52:49] [WARNING] ⚠️  ampunbg > Roblox Clone ampunbg: CRASH detected
[2025-11-20 23:52:50] [WARNING] ⚠️  ampunbg > Roblox Clone ampunbg: CRASH detected
[2025-11-20 23:52:50] [WARNING] ⚠️  ampunbg > Roblox Clone ampunbg: CRASH detected
[2025-11-20 23:52:50] [WARNING] ⚠️  ampunbg > Roblox Clone ampunbg: CRASH detected
[2025-11-20 23:52:50] [WARNING] ⚠️  ampunbg > Roblox Clone ampunbg: CRASH detected
[2025-11-20 23:52:50] [WARNING] ⚠️  ampunbg > Roblox Clone ampunbg: CRASH detected
[2025-11-20 23:52:50] [WARNING] ⚠️  ampunbg > Roblox Clone ampunbg: CRASH detected
[2025-11-20 23:52:50] [WARNING] ⚠️  ampunbg > Roblox Clone ampunbg: CRASH detected
[2025-11-20 23:52:51] [WARNING] ⚠️  ampunbg > Roblox Clone ampunbg: CRASH detected
[2025-11-20 23:52:51] [WARNING] ⚠️  ampunbg > Roblox Clone ampunbg: CRASH detected
[2025-11-20 23:52:51] [SUCCESS] ✅ ampunbg > Roblox Clone ampunbg: Fixed in 2.0s
[2025-11-20 23:52:51] [SUCCESS] ✅ ampunbg > Roblox Clone ampunbg: Fixed in 2.0s
[2025-11-20 23:52:52] [SUCCESS] ✅ ampunbg > Roblox Clone ampunbg: Fixed in 2.0s
[2025-11-20 23:52:52] [SUCCESS] ✅ ampunbg > Roblox Clone ampunbg: Fixed in 2.1s
[2025-11-20 23:52:52] [SUCCESS] ✅ ampunbg > Roblox Clone ampunbg: Fixed in 1.9s
[2025-11-20 23:52:52] [WARNING] ⚠️  zetsto > Roblox Clone zetsto: CRASH detected
[2025-11-20 23:52:52] [WARNING] ⚠️  zetsto > Roblox Clone zetsto: CRASH detected
[2025-11-20 23:52:53] [SUCCESS] ✅ ampunbg > Roblox Clone ampunbg: Fixed in 2.1s
[2025-11-20 23:52:53] [WARNING] ⚠️  zetsto > Roblox Clone zetsto: CRASH detected
[2025-11-20 23:52:53] [SUCCESS] ✅ ampunbg > Roblox Clone ampunbg: Fixed in 2.5s
[2025-11-20 23:52:53] [SUCCESS] ✅ ampunbg > Roblox Clone ampunbg: Fixed in 2.0s
[2025-11-20 23:52:53] [WARNING] ⚠️  zetsto > Roblox Clone zetsto: CRASH detected
[2025-11-20 23:52:53] [SUCCESS] ✅ ampunbg > Roblox Clone ampunbg: Fixed in 2.6s
[2025-11-20 23:52:53] [SUCCESS] ✅ ampunbg > Roblox Clone ampunbg: Fixed in 2.3s
[2025-11-20 23:52:53] [SUCCESS] ✅ zetsto > Roblox Clone zetsto: Fixed in 0.9s
[2025-11-20 23:52:53] [WARNING] ⚠️  zetsto > Roblox Clone zetsto: CRASH detected
[2025-11-20 23:52:54] [WARNING] ⚠️  zetsto > Roblox Clone zetsto: CRASH detected
[2025-11-20 23:52:54] [SUCCESS] ✅ zetsto > Roblox Clone zetsto: Fixed in 1.1s
[2025-11-20 23:52:54] [WARNING] ⚠️  ap 1-3,10 z4-9 > Roblox Clone ap 1-3,10 z4-9: CRASH detected
[2025-11-20 23:52:54] [SUCCESS] ✅ zetsto > Roblox Clone zetsto: Fixed in 1.3s
[2025-11-20 23:52:54] [ERROR] ❌ ap 1-3,10 z4-9 > Roblox Clone ap 1-3,10 z4-9: Fix failed - Unknown error
[2025-11-20 23:52:54] [WARNING] ⚠️  ap 1-3,10 z4-9 > Roblox Clone ap 1-3,10 z4-9: CRASH detected
[2025-11-20 23:52:54] [WARNING] ⚠️  zetsto > Roblox Clone zetsto: CRASH detected
[2025-11-20 23:52:54] [WARNING] ⚠️  ap 1-3,10 z4-9 > Roblox Clone ap 1-3,10 z4-9: CRASH detected
[2025-11-20 23:52:55] [WARNING] ⚠️  zetsto > Roblox Clone zetsto: CRASH detected
[2025-11-20 23:52:55] [SUCCESS] ✅ zetsto > Roblox Clone zetsto: Fixed in 1.4s
[2025-11-20 23:52:55] [SUCCESS] ✅ zetsto > Roblox Clone zetsto: Fixed in 1.1s
[2025-11-20 23:52:55] [WARNING] ⚠️  zetsto > Roblox Clone zetsto: CRASH detected
[2025-11-20 23:52:55] [WARNING] DB Error: cannot commit - no transaction is active
[2025-11-20 23:52:55] [WARNING] DB Error updating status: cannot commit - no transaction is active
[2025-11-20 23:52:55] [WARNING] ⚠️  ap 1-3,10 z4-9 > Roblox Clone ap 1-3,10 z4-9: CRASH detected
[2025-11-20 23:52:55] [SUCCESS] ✅ zetsto > Roblox Clone zetsto: Fixed in 1.7s
[2025-11-20 23:52:55] [ERROR] ❌ ap 1-3,10 z4-9 > Roblox Clone ap 1-3,10 z4-9: Fix failed - Unknown error
[2025-11-20 23:52:55] [WARNING] ⚠️  zetsto > Roblox Clone zetsto: CRASH detected
[2025-11-20 23:52:55] [ERROR] ❌ ap 1-3,10 z4-9 > Roblox Clone ap 1-3,10 z4-9: Fix failed - Unknown error
[2025-11-20 23:52:55] [SUCCESS] ✅ zetsto > Roblox Clone zetsto: Fixed in 1.0s
[2025-11-20 23:52:55] [WARNING] ⚠️  ap 1-3,10 z4-9 > Roblox Clone ap 1-3,10 z4-9: CRASH detected
[2025-11-20 23:52:55] [WARNING] ⚠️  ap 1-3,10 z4-9 > Roblox Clone ap 1-3,10 z4-9: CRASH detected
[2025-11-20 23:52:55] [ERROR] ❌ ap 1-3,10 z4-9 > Roblox Clone ap 1-3,10 z4-9: Fix failed - Unknown error
[2025-11-20 23:52:55] [WARNING] ⚠️  ap 1-3,10 z4-9 > Roblox Clone ap 1-3,10 z4-9: CRASH detected
[2025-11-20 23:52:56] [WARNING] ⚠️  ap 1-3,10 z4-9 > Roblox Clone ap 1-3,10 z4-9: CRASH detected
[2025-11-20 23:52:56] [WARNING] ⚠️  ap 1-3,10 z4-9 > Roblox Clone ap 1-3,10 z4-9: CRASH detected
[2025-11-20 23:52:56] [WARNING] ⚠️  ap 1-3,10 z4-9 > Roblox Clone ap 1-3,10 z4-9: CRASH detected
[2025-11-20 23:52:56] [SUCCESS] ✅ zetsto > Roblox Clone zetsto: Fixed in 1.3s
[2025-11-20 23:52:56] [SUCCESS] ✅ zetsto > Roblox Clone zetsto: Fixed in 1.3s
[2025-11-20 23:52:56] [ERROR] ❌ ap 1-3,10 z4-9 > Roblox Clone ap 1-3,10 z4-9: Fix failed - Unknown error
[2025-11-20 23:52:56] [ERROR] ❌ ap 1-3,10 z4-9 > Roblox Clone ap 1-3,10 z4-9: Fix failed - Unknown error
[2025-11-20 23:52:56] [SUCCESS] ✅ zetsto > Roblox Clone zetsto: Fixed in 1.3s
[2025-11-20 23:52:56] [ERROR] ❌ ap 1-3,10 z4-9 > Roblox Clone ap 1-3,10 z4-9: Fix failed - Unknown error
[2025-11-20 23:52:56] [ERROR] ❌ ap 1-3,10 z4-9 > Roblox Clone ap 1-3,10 z4-9: Fix failed - Unknown error
[2025-11-20 23:52:56] [ERROR] ❌ ap 1-3,10 z4-9 > Roblox Clone ap 1-3,10 z4-9: Fix failed - Unknown error
[2025-11-20 23:52:57] [ERROR] ❌ ap 1-3,10 z4-9 > Roblox Clone ap 1-3,10 z4-9: Fix failed - Unknown error
[2025-11-20 23:52:57] [WARNING] ⚠️  73-1 > Roblox Clone 73-1: CRASH detected
[2025-11-20 23:52:59] [WARNING] ⚠️  73-1 > Roblox Clone 73-1: CRASH detected
[2025-11-20 23:52:59] [WARNING] ⚠️  73-1 > Roblox Clone 73-1: CRASH detected
[2025-11-20 23:52:59] [WARNING] ⚠️  73-1 > Roblox Clone 73-1: CRASH detected
[2025-11-20 23:52:59] [WARNING] ⚠️  73-1 > Roblox Clone 73-1: CRASH detected
[2025-11-20 23:52:59] [WARNING] ⚠️  73-1 > Roblox Clone 73-1: CRASH detected
[2025-11-20 23:53:00] [WARNING] ⚠️  73-1 > Roblox Clone 73-1: CRASH detected
[2025-11-20 23:53:00] [WARNING] ⚠️  73-1 > Roblox Clone 73-1: CRASH detected
[2025-11-20 23:53:00] [WARNING] ⚠️  73-1 > Roblox Clone 73-1: CRASH detected
[2025-11-20 23:53:00] [SUCCESS] ✅ 73-1 > Roblox Clone 73-1: Fixed in 2.4s
[2025-11-20 23:53:00] [WARNING] ⚠️  73-1 > Roblox Clone 73-1: CRASH detected
[2025-11-20 23:53:00] [SUCCESS] ✅ 73-1 > Roblox Clone 73-1: Fixed in 1.5s
[2025-11-20 23:53:00] [SUCCESS] ✅ 73-1 > Roblox Clone 73-1: Fixed in 1.5s
[2025-11-20 23:53:01] [SUCCESS] ✅ 73-1 > Roblox Clone 73-1: Fixed in 1.5s
[2025-11-20 23:53:02] [SUCCESS] ✅ 73-1 > Roblox Clone 73-1: Fixed in 2.1s
[2025-11-20 23:53:02] [SUCCESS] ✅ 73-1 > Roblox Clone 73-1: Fixed in 2.1s
[2025-11-20 23:53:02] [SUCCESS] ✅ 73-1 > Roblox Clone 73-1: Fixed in 2.0s
[2025-11-20 23:53:02] [SUCCESS] ✅ 73-1 > Roblox Clone 73-1: Fixed in 2.6s
[2025-11-20 23:53:02] [SUCCESS] ✅ 73-1 > Roblox Clone 73-1: Fixed in 2.0s
[2025-11-20 23:53:02] [SUCCESS] ✅ 73-1 > Roblox Clone 73-1: Fixed in 2.6s
[2025-11-20 23:53:02] [INFO] 
────────────────────────────────────────────────────────────
[2025-11-20 23:53:02] [INFO] ✅ Cycle Complete (36.4s)
[2025-11-20 23:53:02] [INFO]    Healthy: 0
[2025-11-20 23:53:02] [INFO]    Fixed: 60
[2025-11-20 23:53:02] [INFO]    Issues: 60 crash
[2025-11-20 23:53:02] [WARNING]    ⚠️  Failed to fix: 20
[2025-11-20 23:53:02] [INFO] ────────────────────────────────────────────────────────────
[2025-11-20 23:53:02] [INFO] 
💤 Waiting 30s for next cycle...
[2025-11-20 23:53:32] [INFO] 
🔍 Starting check cycle for 80 clones...
[2025-11-20 23:53:39] [WARNING] ⚠️  33 - 1 > Roblox Clone 33-1: CRASH detected
[2025-11-20 23:53:39] [WARNING] ⚠️  33 - 1 > Roblox Clone 33-1: CRASH detected
[2025-11-20 23:53:39] [WARNING] DB Error updating status: UNIQUE constraint failed: clone_status.clone_key
[2025-11-20 23:53:39] [WARNING] ⚠️  33 - 1 > Roblox Clone 33-1: CRASH detected
[2025-11-20 23:53:39] [WARNING] ⚠️  33 - 1 > Roblox Clone 33-1: CRASH detected
[2025-11-20 23:53:39] [WARNING] ⚠️  33 - 1 > Roblox Clone 33-1: CRASH detected
[2025-11-20 23:53:39] [WARNING] ⚠️  33 - 1 > Roblox Clone 33-1: CRASH detected
[2025-11-20 23:53:39] [WARNING] ⚠️  33 - 1 > Roblox Clone 33-1: CRASH detected
[2025-11-20 23:53:39] [WARNING] ⚠️  33 - 1 > Roblox Clone 33-1: CRASH detected
[2025-11-20 23:53:39] [WARNING] ⚠️  33 - 1 > Roblox Clone 33-1: CRASH detected
[2025-11-20 23:53:39] [WARNING] ⚠️  33 - 1 > Roblox Clone 33-1: CRASH detected
[2025-11-20 23:53:46] [ERROR] ❌ 33 - 1 > Roblox Clone 33-1: Fix failed - Unknown error
[2025-11-20 23:53:46] [ERROR] ❌ 33 - 1 > Roblox Clone 33-1: Fix failed - Unknown error
[2025-11-20 23:53:46] [ERROR] ❌ 33 - 1 > Roblox Clone 33-1: Fix failed - Unknown error
[2025-11-20 23:53:46] [ERROR] ❌ 33 - 1 > Roblox Clone 33-1: Fix failed - Unknown error
[2025-11-20 23:53:46] [ERROR] ❌ 33 - 1 > Roblox Clone 33-1: Fix failed - Unknown error
[2025-11-20 23:53:46] [ERROR] ❌ 33 - 1 > Roblox Clone 33-1: Fix failed - Unknown error
[2025-11-20 23:53:46] [ERROR] ❌ 33 - 1 > Roblox Clone 33-1: Fix failed - Unknown error
[2025-11-20 23:53:46] [ERROR] ❌ 33 - 1 > Roblox Clone 33-1: Fix failed - Unknown error
[2025-11-20 23:53:46] [ERROR] ❌ 33 - 1 > Roblox Clone 33-1: Fix failed - Unknown error
[2025-11-20 23:53:46] [ERROR] ❌ 33 - 1 > Roblox Clone 33-1: Fix failed - Unknown error
[2025-11-20 23:53:49] [WARNING] ⚠️  33 - 2 > Roblox Clone 33-2: CRASH detected
[2025-11-20 23:53:50] [WARNING] ⚠️  33 - 2 > Roblox Clone 33-2: CRASH detected
[2025-11-20 23:53:50] [WARNING] ⚠️  33 - 2 > Roblox Clone 33-2: CRASH detected
[2025-11-20 23:53:50] [WARNING] ⚠️  33 - 2 > Roblox Clone 33-2: CRASH detected
[2025-11-20 23:53:50] [WARNING] ⚠️  33 - 2 > Roblox Clone 33-2: CRASH detected
[2025-11-20 23:53:50] [WARNING] ⚠️  33 - 2 > Roblox Clone 33-2: CRASH detected
[2025-11-20 23:53:50] [WARNING] ⚠️  33 - 2 > Roblox Clone 33-2: CRASH detected
[2025-11-20 23:53:50] [WARNING] ⚠️  33 - 2 > Roblox Clone 33-2: CRASH detected
[2025-11-20 23:53:50] [WARNING] ⚠️  33 - 2 > Roblox Clone 33-2: CRASH detected
[2025-11-20 23:53:51] [WARNING] ⚠️  33 - 2 > Roblox Clone 33-2: CRASH detected
[2025-11-20 23:53:52] [SUCCESS] ✅ 33 - 2 > Roblox Clone 33-2: Fixed in 2.1s
[2025-11-20 23:53:52] [SUCCESS] ✅ 33 - 2 > Roblox Clone 33-2: Fixed in 2.1s
[2025-11-20 23:53:52] [SUCCESS] ✅ 33 - 2 > Roblox Clone 33-2: Fixed in 3.0s
[2025-11-20 23:53:52] [SUCCESS] ✅ 33 - 2 > Roblox Clone 33-2: Fixed in 2.1s
[2025-11-20 23:53:53] [SUCCESS] ✅ 33 - 2 > Roblox Clone 33-2: Fixed in 2.1s
[2025-11-20 23:53:53] [SUCCESS] ✅ 33 - 2 > Roblox Clone 33-2: Fixed in 2.6s
[2025-11-20 23:53:53] [SUCCESS] ✅ 33 - 2 > Roblox Clone 33-2: Fixed in 2.6s
[2025-11-20 23:53:53] [WARNING] ⚠️  13-2 > Roblox Clone 13-2: CRASH detected
[2025-11-20 23:53:53] [WARNING] ⚠️  13-2 > Roblox Clone 13-2: CRASH detected
[2025-11-20 23:53:53] [SUCCESS] ✅ 33 - 2 > Roblox Clone 33-2: Fixed in 2.7s
[2025-11-20 23:53:53] [SUCCESS] ✅ 33 - 2 > Roblox Clone 33-2: Fixed in 3.2s
[2025-11-20 23:53:53] [WARNING] ⚠️  13-2 > Roblox Clone 13-2: CRASH detected
[2025-11-20 23:53:53] [SUCCESS] ✅ 33 - 2 > Roblox Clone 33-2: Fixed in 2.4s
[2025-11-20 23:53:53] [WARNING] ⚠️  13-2 > Roblox Clone 13-2: CRASH detected
[2025-11-20 23:53:54] [WARNING] ⚠️  13-2 > Roblox Clone 13-2: CRASH detected
[2025-11-20 23:53:54] [WARNING] ⚠️  13-2 > Roblox Clone 13-2: CRASH detected
[2025-11-20 23:53:54] [WARNING] ⚠️  13-2 > Roblox Clone 13-2: CRASH detected
[2025-11-20 23:53:55] [SUCCESS] ✅ 13-2 > Roblox Clone 13-2: Fixed in 1.8s
[2025-11-20 23:53:55] [SUCCESS] ✅ 13-2 > Roblox Clone 13-2: Fixed in 1.8s
[2025-11-20 23:53:55] [SUCCESS] ✅ 13-2 > Roblox Clone 13-2: Fixed in 0.9s
[2025-11-20 23:53:55] [WARNING] ⚠️  13-2 > Roblox Clone 13-2: CRASH detected
[2025-11-20 23:53:55] [SUCCESS] ✅ 13-2 > Roblox Clone 13-2: Fixed in 1.8s
[2025-11-20 23:53:55] [WARNING] ⚠️  13-2 > Roblox Clone 13-2: CRASH detected
[2025-11-20 23:53:55] [WARNING] ⚠️  13-2 > Roblox Clone 13-2: CRASH detected
[2025-11-20 23:53:55] [SUCCESS] ✅ 13-2 > Roblox Clone 13-2: Fixed in 1.9s
[2025-11-20 23:53:55] [SUCCESS] ✅ 13-2 > Roblox Clone 13-2: Fixed in 1.7s
[2025-11-20 23:53:55] [SUCCESS] ✅ 13-2 > Roblox Clone 13-2: Fixed in 0.9s
[2025-11-20 23:53:56] [WARNING] ⚠️  kesatu > Roblox Clone kesatu: CRASH detected
[2025-11-20 23:53:56] [WARNING] ⚠️  kesatu > Roblox Clone kesatu: CRASH detected
[2025-11-20 23:53:56] [WARNING] ⚠️  kesatu > Roblox Clone kesatu: CRASH detected
[2025-11-20 23:53:57] [SUCCESS] ✅ 13-2 > Roblox Clone 13-2: Fixed in 1.4s
[2025-11-20 23:53:57] [SUCCESS] ✅ 13-2 > Roblox Clone 13-2: Fixed in 1.4s
[2025-11-20 23:53:57] [WARNING] ⚠️  kesatu > Roblox Clone kesatu: CRASH detected
[2025-11-20 23:53:57] [SUCCESS] ✅ 13-2 > Roblox Clone 13-2: Fixed in 1.4s
[2025-11-20 23:53:57] [WARNING] ⚠️  kesatu > Roblox Clone kesatu: CRASH detected
[2025-11-20 23:53:57] [WARNING] ⚠️  kesatu > Roblox Clone kesatu: CRASH detected
[2025-11-20 23:53:57] [WARNING] ⚠️  kesatu > Roblox Clone kesatu: CRASH detected
[2025-11-20 23:53:58] [SUCCESS] ✅ kesatu > Roblox Clone kesatu: Fixed in 1.2s
[2025-11-20 23:53:58] [SUCCESS] ✅ kesatu > Roblox Clone kesatu: Fixed in 1.2s
[2025-11-20 23:53:58] [SUCCESS] ✅ kesatu > Roblox Clone kesatu: Fixed in 1.3s
[2025-11-20 23:53:58] [WARNING] ⚠️  kesatu > Roblox Clone kesatu: CRASH detected
[2025-11-20 23:53:58] [SUCCESS] ✅ kesatu > Roblox Clone kesatu: Fixed in 1.3s
[2025-11-20 23:53:58] [SUCCESS] ✅ kesatu > Roblox Clone kesatu: Fixed in 1.3s
[2025-11-20 23:53:58] [SUCCESS] ✅ kesatu > Roblox Clone kesatu: Fixed in 1.3s
[2025-11-20 23:53:58] [WARNING] ⚠️  kesatu > Roblox Clone kesatu: CRASH detected
[2025-11-20 23:53:58] [SUCCESS] ✅ kesatu > Roblox Clone kesatu: Fixed in 1.4s
[2025-11-20 23:53:58] [WARNING] ⚠️  kesatu > Roblox Clone kesatu: CRASH detected
[2025-11-20 23:53:59] [SUCCESS] ✅ kesatu > Roblox Clone kesatu: Fixed in 1.3s
[2025-11-20 23:53:59] [SUCCESS] ✅ kesatu > Roblox Clone kesatu: Fixed in 1.2s
[2025-11-20 23:53:59] [SUCCESS] ✅ kesatu > Roblox Clone kesatu: Fixed in 1.2s
[2025-11-20 23:54:00] [WARNING] ⚠️  ampunbg > Roblox Clone ampunbg: CRASH detected
[2025-11-20 23:54:00] [WARNING] ⚠️  ampunbg > Roblox Clone ampunbg: CRASH detected
[2025-11-20 23:54:00] [WARNING] ⚠️  ampunbg > Roblox Clone ampunbg: CRASH detected
[2025-11-20 23:54:00] [WARNING] ⚠️  ampunbg > Roblox Clone ampunbg: CRASH detected
[2025-11-20 23:54:00] [WARNING] ⚠️  ampunbg > Roblox Clone ampunbg: CRASH detected
[2025-11-20 23:54:00] [WARNING] ⚠️  ampunbg > Roblox Clone ampunbg: CRASH detected
[2025-11-20 23:54:00] [WARNING] ⚠️  ampunbg > Roblox Clone ampunbg: CRASH detected
[2025-11-20 23:54:01] [WARNING] ⚠️  ampunbg > Roblox Clone ampunbg: CRASH detected
[2025-11-20 23:54:01] [WARNING] ⚠️  ampunbg > Roblox Clone ampunbg: CRASH detected
[2025-11-20 23:54:01] [WARNING] ⚠️  ampunbg > Roblox Clone ampunbg: CRASH detected
[2025-11-20 23:54:01] [SUCCESS] ✅ ampunbg > Roblox Clone ampunbg: Fixed in 1.6s
[2025-11-20 23:54:02] [SUCCESS] ✅ ampunbg > Roblox Clone ampunbg: Fixed in 1.7s
[2025-11-20 23:54:02] [SUCCESS] ✅ ampunbg > Roblox Clone ampunbg: Fixed in 2.3s
[2025-11-20 23:54:02] [SUCCESS] ✅ ampunbg > Roblox Clone ampunbg: Fixed in 2.2s
[2025-11-20 23:54:02] [SUCCESS] ✅ ampunbg > Roblox Clone ampunbg: Fixed in 2.2s
[2025-11-20 23:54:02] [WARNING] ⚠️  zetsto > Roblox Clone zetsto: CRASH detected
[2025-11-20 23:54:02] [SUCCESS] ✅ ampunbg > Roblox Clone ampunbg: Fixed in 2.7s
[2025-11-20 23:54:02] [WARNING] ⚠️  zetsto > Roblox Clone zetsto: CRASH detected
[2025-11-20 23:54:03] [SUCCESS] ✅ ampunbg > Roblox Clone ampunbg: Fixed in 2.8s
[2025-11-20 23:54:03] [SUCCESS] ✅ ampunbg > Roblox Clone ampunbg: Fixed in 2.0s
[2025-11-20 23:54:03] [SUCCESS] ✅ ampunbg > Roblox Clone ampunbg: Fixed in 2.0s
[2025-11-20 23:54:03] [SUCCESS] ✅ ampunbg > Roblox Clone ampunbg: Fixed in 2.1s
[2025-11-20 23:54:04] [SUCCESS] ✅ zetsto > Roblox Clone zetsto: Fixed in 1.6s
[2025-11-20 23:54:04] [WARNING] ⚠️  zetsto > Roblox Clone zetsto: CRASH detected
[2025-11-20 23:54:04] [WARNING] ⚠️  zetsto > Roblox Clone zetsto: CRASH detected
[2025-11-20 23:54:04] [WARNING] ⚠️  zetsto > Roblox Clone zetsto: CRASH detected
[2025-11-20 23:54:04] [WARNING] ⚠️  zetsto > Roblox Clone zetsto: CRASH detected
[2025-11-20 23:54:04] [WARNING] ⚠️  zetsto > Roblox Clone zetsto: CRASH detected
[2025-11-20 23:54:04] [WARNING] ⚠️  zetsto > Roblox Clone zetsto: CRASH detected
[2025-11-20 23:54:04] [WARNING] ⚠️  ap 1-3,10 z4-9 > Roblox Clone ap 1-3,10 z4-9: CRASH detected
[2025-11-20 23:54:04] [WARNING] ⚠️  zetsto > Roblox Clone zetsto: CRASH detected
[2025-11-20 23:54:05] [WARNING] ⚠️  zetsto > Roblox Clone zetsto: CRASH detected
[2025-11-20 23:54:05] [SUCCESS] ✅ zetsto > Roblox Clone zetsto: Fixed in 2.1s
[2025-11-20 23:54:05] [SUCCESS] ✅ zetsto > Roblox Clone zetsto: Fixed in 1.1s
[2025-11-20 23:54:05] [ERROR] ❌ ap 1-3,10 z4-9 > Roblox Clone ap 1-3,10 z4-9: Fix failed - Unknown error
[2025-11-20 23:54:05] [WARNING] ⚠️  ap 1-3,10 z4-9 > Roblox Clone ap 1-3,10 z4-9: CRASH detected
[2025-11-20 23:54:05] [WARNING] ⚠️  ap 1-3,10 z4-9 > Roblox Clone ap 1-3,10 z4-9: CRASH detected
[2025-11-20 23:54:06] [WARNING] ⚠️  ap 1-3,10 z4-9 > Roblox Clone ap 1-3,10 z4-9: CRASH detected
[2025-11-20 23:54:06] [ERROR] ❌ ap 1-3,10 z4-9 > Roblox Clone ap 1-3,10 z4-9: Fix failed - Unknown error
[2025-11-20 23:54:06] [SUCCESS] ✅ zetsto > Roblox Clone zetsto: Fixed in 1.6s
[2025-11-20 23:54:06] [ERROR] ❌ ap 1-3,10 z4-9 > Roblox Clone ap 1-3,10 z4-9: Fix failed - Unknown error
[2025-11-20 23:54:06] [ERROR] ❌ ap 1-3,10 z4-9 > Roblox Clone ap 1-3,10 z4-9: Fix failed - Unknown error
[2025-11-20 23:54:06] [WARNING] ⚠️  ap 1-3,10 z4-9 > Roblox Clone ap 1-3,10 z4-9: CRASH detected
[2025-11-20 23:54:06] [WARNING] ⚠️  ap 1-3,10 z4-9 > Roblox Clone ap 1-3,10 z4-9: CRASH detected
[2025-11-20 23:54:06] [SUCCESS] ✅ zetsto > Roblox Clone zetsto: Fixed in 1.7s
[2025-11-20 23:54:06] [SUCCESS] ✅ zetsto > Roblox Clone zetsto: Fixed in 1.8s
[2025-11-20 23:54:06] [WARNING] ⚠️  ap 1-3,10 z4-9 > Roblox Clone ap 1-3,10 z4-9: CRASH detected
[2025-11-20 23:54:06] [SUCCESS] ✅ zetsto > Roblox Clone zetsto: Fixed in 2.2s
[2025-11-20 23:54:06] [WARNING] ⚠️  ap 1-3,10 z4-9 > Roblox Clone ap 1-3,10 z4-9: CRASH detected
[2025-11-20 23:54:07] [SUCCESS] ✅ zetsto > Roblox Clone zetsto: Fixed in 2.3s
[2025-11-20 23:54:07] [SUCCESS] ✅ zetsto > Roblox Clone zetsto: Fixed in 2.3s
[2025-11-20 23:54:07] [SUCCESS] ✅ zetsto > Roblox Clone zetsto: Fixed in 2.3s
[2025-11-20 23:54:07] [ERROR] ❌ ap 1-3,10 z4-9 > Roblox Clone ap 1-3,10 z4-9: Fix failed - Unknown error
[2025-11-20 23:54:07] [WARNING] ⚠️  ap 1-3,10 z4-9 > Roblox Clone ap 1-3,10 z4-9: CRASH detected
[2025-11-20 23:54:07] [ERROR] ❌ ap 1-3,10 z4-9 > Roblox Clone ap 1-3,10 z4-9: Fix failed - Unknown error
[2025-11-20 23:54:07] [WARNING] ⚠️  ap 1-3,10 z4-9 > Roblox Clone ap 1-3,10 z4-9: CRASH detected
[2025-11-20 23:54:07] [ERROR] ❌ ap 1-3,10 z4-9 > Roblox Clone ap 1-3,10 z4-9: Fix failed - Unknown error
[2025-11-20 23:54:07] [ERROR] ❌ ap 1-3,10 z4-9 > Roblox Clone ap 1-3,10 z4-9: Fix failed - Unknown error
[2025-11-20 23:54:08] [ERROR] ❌ ap 1-3,10 z4-9 > Roblox Clone ap 1-3,10 z4-9: Fix failed - Unknown error
[2025-11-20 23:54:08] [ERROR] ❌ ap 1-3,10 z4-9 > Roblox Clone ap 1-3,10 z4-9: Fix failed - Unknown error
[2025-11-20 23:54:09] [WARNING] ⚠️  73-1 > Roblox Clone 73-1: CRASH detected
[2025-11-20 23:54:09] [WARNING] ⚠️  73-1 > Roblox Clone 73-1: CRASH detected
[2025-11-20 23:54:09] [WARNING] ⚠️  73-1 > Roblox Clone 73-1: CRASH detected
[2025-11-20 23:54:09] [WARNING] ⚠️  73-1 > Roblox Clone 73-1: CRASH detected
[2025-11-20 23:54:09] [WARNING] ⚠️  73-1 > Roblox Clone 73-1: CRASH detected
[2025-11-20 23:54:10] [WARNING] ⚠️  73-1 > Roblox Clone 73-1: CRASH detected
[2025-11-20 23:54:10] [WARNING] ⚠️  73-1 > Roblox Clone 73-1: CRASH detected
[2025-11-20 23:54:10] [WARNING] ⚠️  73-1 > Roblox Clone 73-1: CRASH detected
[2025-11-20 23:54:10] [WARNING] ⚠️  73-1 > Roblox Clone 73-1: CRASH detected
[2025-11-20 23:54:10] [WARNING] ⚠️  73-1 > Roblox Clone 73-1: CRASH detected
[2025-11-20 23:54:10] [SUCCESS] ✅ 73-1 > Roblox Clone 73-1: Fixed in 1.2s
[2025-11-20 23:54:11] [SUCCESS] ✅ 73-1 > Roblox Clone 73-1: Fixed in 1.5s
[2025-11-20 23:54:12] [SUCCESS] ✅ 73-1 > Roblox Clone 73-1: Fixed in 2.2s
[2025-11-20 23:54:12] [SUCCESS] ✅ 73-1 > Roblox Clone 73-1: Fixed in 2.1s
[2025-11-20 23:54:12] [SUCCESS] ✅ 73-1 > Roblox Clone 73-1: Fixed in 2.2s
[2025-11-20 23:54:12] [SUCCESS] ✅ 73-1 > Roblox Clone 73-1: Fixed in 2.2s
[2025-11-20 23:54:12] [SUCCESS] ✅ 73-1 > Roblox Clone 73-1: Fixed in 2.2s
[2025-11-20 23:54:12] [SUCCESS] ✅ 73-1 > Roblox Clone 73-1: Fixed in 2.3s
[2025-11-20 23:54:12] [SUCCESS] ✅ 73-1 > Roblox Clone 73-1: Fixed in 2.1s
[2025-11-20 23:54:12] [SUCCESS] ✅ 73-1 > Roblox Clone 73-1: Fixed in 2.2s
[2025-11-20 23:54:12] [INFO] 
────────────────────────────────────────────────────────────
[2025-11-20 23:54:12] [INFO] ✅ Cycle Complete (39.9s)
[2025-11-20 23:54:12] [INFO]    Healthy: 0
[2025-11-20 23:54:12] [INFO]    Fixed: 60
[2025-11-20 23:54:12] [INFO]    Issues: 60 crash
[2025-11-20 23:54:12] [WARNING]    ⚠️  Failed to fix: 20
[2025-11-20 23:54:12] [INFO] ────────────────────────────────────────────────────────────
[2025-11-20 23:54:12] [INFO] 
💤 Waiting 30s for next cycle...
[2025-11-20 23:54:42] [INFO] 
🔍 Starting check cycle for 80 clones...
[2025-11-20 23:54:49] [WARNING] ⚠️  33 - 1 > Roblox Clone 33-1: CRASH detected
[2025-11-20 23:54:49] [WARNING] ⚠️  33 - 1 > Roblox Clone 33-1: CRASH detected
[2025-11-20 23:54:49] [WARNING] ⚠️  33 - 1 > Roblox Clone 33-1: CRASH detected
[2025-11-20 23:54:49] [WARNING] ⚠️  33 - 1 > Roblox Clone 33-1: CRASH detected
[2025-11-20 23:54:49] [WARNING] ⚠️  33 - 1 > Roblox Clone 33-1: CRASH detected
[2025-11-20 23:54:49] [WARNING] ⚠️  33 - 1 > Roblox Clone 33-1: CRASH detected
[2025-11-20 23:54:49] [WARNING] DB Error updating status: bad parameter or other API misuse
[2025-11-20 23:54:49] [WARNING] DB Error updating status: UNIQUE constraint failed: clone_status.clone_key
[2025-11-20 23:54:49] [WARNING] ⚠️  33 - 1 > Roblox Clone 33-1: CRASH detected
[2025-11-20 23:54:49] [WARNING] ⚠️  33 - 1 > Roblox Clone 33-1: CRASH detected
[2025-11-20 23:54:49] [WARNING] ⚠️  33 - 1 > Roblox Clone 33-1: CRASH detected
[2025-11-20 23:54:49] [WARNING] ⚠️  33 - 1 > Roblox Clone 33-1: CRASH detected
[2025-11-20 23:54:56] [ERROR] ❌ 33 - 1 > Roblox Clone 33-1: Fix failed - Unknown error
[2025-11-20 23:54:56] [ERROR] ❌ 33 - 1 > Roblox Clone 33-1: Fix failed - Unknown error
[2025-11-20 23:54:56] [ERROR] ❌ 33 - 1 > Roblox Clone 33-1: Fix failed - Unknown error
[2025-11-20 23:54:56] [ERROR] ❌ 33 - 1 > Roblox Clone 33-1: Fix failed - Unknown error
[2025-11-20 23:54:56] [ERROR] ❌ 33 - 1 > Roblox Clone 33-1: Fix failed - Unknown error
[2025-11-20 23:54:56] [ERROR] ❌ 33 - 1 > Roblox Clone 33-1: Fix failed - Unknown error
[2025-11-20 23:54:56] [ERROR] ❌ 33 - 1 > Roblox Clone 33-1: Fix failed - Unknown error
[2025-11-20 23:54:56] [ERROR] ❌ 33 - 1 > Roblox Clone 33-1: Fix failed - Unknown error
[2025-11-20 23:54:56] [ERROR] ❌ 33 - 1 > Roblox Clone 33-1: Fix failed - Unknown error
[2025-11-20 23:54:56] [ERROR] ❌ 33 - 1 > Roblox Clone 33-1: Fix failed - Unknown error
[2025-11-20 23:55:00] [WARNING] ⚠️  33 - 2 > Roblox Clone 33-2: CRASH detected
[2025-11-20 23:55:01] [WARNING] ⚠️  33 - 2 > Roblox Clone 33-2: CRASH detected
[2025-11-20 23:55:01] [WARNING] ⚠️  33 - 2 > Roblox Clone 33-2: CRASH detected
[2025-11-20 23:55:01] [WARNING] ⚠️  33 - 2 > Roblox Clone 33-2: CRASH detected
[2025-11-20 23:55:01] [WARNING] ⚠️  33 - 2 > Roblox Clone 33-2: CRASH detected
[2025-11-20 23:55:01] [WARNING] ⚠️  33 - 2 > Roblox Clone 33-2: CRASH detected
[2025-11-20 23:55:01] [WARNING] ⚠️  33 - 2 > Roblox Clone 33-2: CRASH detected
[2025-11-20 23:55:01] [WARNING] ⚠️  33 - 2 > Roblox Clone 33-2: CRASH detected
[2025-11-20 23:55:01] [WARNING] ⚠️  33 - 2 > Roblox Clone 33-2: CRASH detected
[2025-11-20 23:55:01] [WARNING] ⚠️  33 - 2 > Roblox Clone 33-2: CRASH detected
[2025-11-20 23:55:04] [SUCCESS] ✅ 33 - 2 > Roblox Clone 33-2: Fixed in 3.3s
[2025-11-20 23:55:04] [SUCCESS] ✅ 33 - 2 > Roblox Clone 33-2: Fixed in 3.3s
[2025-11-20 23:55:04] [SUCCESS] ✅ 33 - 2 > Roblox Clone 33-2: Fixed in 3.3s
[2025-11-20 23:55:04] [SUCCESS] ✅ 33 - 2 > Roblox Clone 33-2: Fixed in 3.2s
[2025-11-20 23:55:04] [SUCCESS] ✅ 33 - 2 > Roblox Clone 33-2: Fixed in 3.1s
[2025-11-20 23:55:05] [SUCCESS] ✅ 33 - 2 > Roblox Clone 33-2: Fixed in 3.7s
[2025-11-20 23:55:05] [WARNING] ⚠️  13-2 > Roblox Clone 13-2: CRASH detected
[2025-11-20 23:55:05] [SUCCESS] ✅ 33 - 2 > Roblox Clone 33-2: Fixed in 4.7s
[2025-11-20 23:55:05] [WARNING] ⚠️  13-2 > Roblox Clone 13-2: CRASH detected
[2025-11-20 23:55:05] [WARNING] ⚠️  13-2 > Roblox Clone 13-2: CRASH detected
[2025-11-20 23:55:06] [WARNING] ⚠️  13-2 > Roblox Clone 13-2: CRASH detected
[2025-11-20 23:55:06] [WARNING] ⚠️  13-2 > Roblox Clone 13-2: CRASH detected
[2025-11-20 23:55:06] [WARNING] ⚠️  13-2 > Roblox Clone 13-2: CRASH detected
[2025-11-20 23:55:06] [SUCCESS] ✅ 33 - 2 > Roblox Clone 33-2: Fixed in 5.1s
[2025-11-20 23:55:06] [SUCCESS] ✅ 33 - 2 > Roblox Clone 33-2: Fixed in 5.1s
[2025-11-20 23:55:06] [SUCCESS] ✅ 33 - 2 > Roblox Clone 33-2: Fixed in 5.1s
[2025-11-20 23:55:07] [SUCCESS] ✅ 13-2 > Roblox Clone 13-2: Fixed in 1.4s
[2025-11-20 23:55:07] [WARNING] ⚠️  13-2 > Roblox Clone 13-2: CRASH detected
[2025-11-20 23:55:07] [SUCCESS] ✅ 13-2 > Roblox Clone 13-2: Fixed in 1.4s
[2025-11-20 23:55:07] [SUCCESS] ✅ 13-2 > Roblox Clone 13-2: Fixed in 1.5s
[2025-11-20 23:55:07] [SUCCESS] ✅ 13-2 > Roblox Clone 13-2: Fixed in 1.4s
[2025-11-20 23:55:07] [SUCCESS] ✅ 13-2 > Roblox Clone 13-2: Fixed in 1.5s
[2025-11-20 23:55:08] [SUCCESS] ✅ 13-2 > Roblox Clone 13-2: Fixed in 1.5s
[2025-11-20 23:55:08] [WARNING] ⚠️  13-2 > Roblox Clone 13-2: CRASH detected
[2025-11-20 23:55:08] [WARNING] ⚠️  13-2 > Roblox Clone 13-2: CRASH detected
[2025-11-20 23:55:08] [WARNING] ⚠️  13-2 > Roblox Clone 13-2: CRASH detected
[2025-11-20 23:55:08] [WARNING] ⚠️  kesatu > Roblox Clone kesatu: CRASH detected
[2025-11-20 23:55:08] [SUCCESS] ✅ 13-2 > Roblox Clone 13-2: Fixed in 1.5s
[2025-11-20 23:55:08] [WARNING] ⚠️  kesatu > Roblox Clone kesatu: CRASH detected
[2025-11-20 23:55:08] [WARNING] ⚠️  kesatu > Roblox Clone kesatu: CRASH detected
[2025-11-20 23:55:08] [WARNING] ⚠️  kesatu > Roblox Clone kesatu: CRASH detected
[2025-11-20 23:55:09] [WARNING] ⚠️  kesatu > Roblox Clone kesatu: CRASH detected
[2025-11-20 23:55:09] [WARNING] ⚠️  kesatu > Roblox Clone kesatu: CRASH detected
[2025-11-20 23:55:09] [SUCCESS] ✅ 13-2 > Roblox Clone 13-2: Fixed in 1.4s
[2025-11-20 23:55:09] [SUCCESS] ✅ 13-2 > Roblox Clone 13-2: Fixed in 1.5s
[2025-11-20 23:55:09] [SUCCESS] ✅ 13-2 > Roblox Clone 13-2: Fixed in 1.4s
[2025-11-20 23:55:10] [WARNING] ⚠️  kesatu > Roblox Clone kesatu: CRASH detected
[2025-11-20 23:55:10] [SUCCESS] ✅ kesatu > Roblox Clone kesatu: Fixed in 1.4s
[2025-11-20 23:55:10] [SUCCESS] ✅ kesatu > Roblox Clone kesatu: Fixed in 1.6s
[2025-11-20 23:55:10] [SUCCESS] ✅ kesatu > Roblox Clone kesatu: Fixed in 1.5s
[2025-11-20 23:55:10] [SUCCESS] ✅ kesatu > Roblox Clone kesatu: Fixed in 1.5s
[2025-11-20 23:55:10] [SUCCESS] ✅ kesatu > Roblox Clone kesatu: Fixed in 1.5s
[2025-11-20 23:55:10] [SUCCESS] ✅ kesatu > Roblox Clone kesatu: Fixed in 1.4s
[2025-11-20 23:55:11] [WARNING] ⚠️  kesatu > Roblox Clone kesatu: CRASH detected
[2025-11-20 23:55:11] [WARNING] ⚠️  kesatu > Roblox Clone kesatu: CRASH detected
[2025-11-20 23:55:11] [WARNING] ⚠️  kesatu > Roblox Clone kesatu: CRASH detected
[2025-11-20 23:55:12] [WARNING] ⚠️  ampunbg > Roblox Clone ampunbg: CRASH detected
[2025-11-20 23:55:12] [WARNING] ⚠️  ampunbg > Roblox Clone ampunbg: CRASH detected
[2025-11-20 23:55:12] [WARNING] ⚠️  ampunbg > Roblox Clone ampunbg: CRASH detected
[2025-11-20 23:55:13] [WARNING] ⚠️  ampunbg > Roblox Clone ampunbg: CRASH detected
[2025-11-20 23:55:13] [WARNING] ⚠️  ampunbg > Roblox Clone ampunbg: CRASH detected
[2025-11-20 23:55:13] [WARNING] ⚠️  ampunbg > Roblox Clone ampunbg: CRASH detected
[2025-11-20 23:55:15] [SUCCESS] ✅ ampunbg > Roblox Clone ampunbg: Fixed in 1.9s
[2025-11-20 23:55:15] [SUCCESS] ✅ ampunbg > Roblox Clone ampunbg: Fixed in 2.5s
[2025-11-20 23:55:15] [SUCCESS] ✅ ampunbg > Roblox Clone ampunbg: Fixed in 2.4s
[2025-11-20 23:55:15] [SUCCESS] ✅ ampunbg > Roblox Clone ampunbg: Fixed in 2.4s
[2025-11-20 23:55:15] [SUCCESS] ✅ ampunbg > Roblox Clone ampunbg: Fixed in 2.4s
[2025-11-20 23:55:15] [SUCCESS] ✅ ampunbg > Roblox Clone ampunbg: Fixed in 2.3s
[2025-11-20 23:55:16] [ERROR] ❌ kesatu > Roblox Clone kesatu: Fix failed - Unknown error
[2025-11-20 23:55:16] [WARNING] ⚠️  ampunbg > Roblox Clone ampunbg: CRASH detected
[2025-11-20 23:55:17] [WARNING] ⚠️  ampunbg > Roblox Clone ampunbg: CRASH detected
[2025-11-20 23:55:17] [WARNING] ⚠️  ampunbg > Roblox Clone ampunbg: CRASH detected
[2025-11-20 23:55:17] [ERROR] ❌ kesatu > Roblox Clone kesatu: Fix failed - Unknown error
[2025-11-20 23:55:17] [WARNING] ⚠️  ampunbg > Roblox Clone ampunbg: CRASH detected
[2025-11-20 23:55:17] [ERROR] ❌ kesatu > Roblox Clone kesatu: Fix failed - Unknown error
[2025-11-20 23:55:17] [ERROR] ❌ kesatu > Roblox Clone kesatu: Fix failed - Unknown error
[2025-11-20 23:55:17] [WARNING] ⚠️  zetsto > Roblox Clone zetsto: CRASH detected
[2025-11-20 23:55:17] [WARNING] ⚠️  zetsto > Roblox Clone zetsto: CRASH detected
[2025-11-20 23:55:17] [WARNING] ⚠️  zetsto > Roblox Clone zetsto: CRASH detected
[2025-11-20 23:55:19] [SUCCESS] ✅ ampunbg > Roblox Clone ampunbg: Fixed in 2.3s
[2025-11-20 23:55:19] [SUCCESS] ✅ ampunbg > Roblox Clone ampunbg: Fixed in 2.3s
[2025-11-20 23:55:19] [SUCCESS] ✅ zetsto > Roblox Clone zetsto: Fixed in 1.7s
[2025-11-20 23:55:19] [WARNING] ⚠️  zetsto > Roblox Clone zetsto: CRASH detected
[2025-11-20 23:55:19] [SUCCESS] ✅ ampunbg > Roblox Clone ampunbg: Fixed in 2.3s
[2025-11-20 23:55:19] [SUCCESS] ✅ ampunbg > Roblox Clone ampunbg: Fixed in 2.7s
[2025-11-20 23:55:19] [WARNING] ⚠️  zetsto > Roblox Clone zetsto: CRASH detected
[2025-11-20 23:55:19] [WARNING] ⚠️  zetsto > Roblox Clone zetsto: CRASH detected
[2025-11-20 23:55:19] [SUCCESS] ✅ zetsto > Roblox Clone zetsto: Fixed in 2.3s
[2025-11-20 23:55:19] [SUCCESS] ✅ zetsto > Roblox Clone zetsto: Fixed in 2.2s
[2025-11-20 23:55:20] [WARNING] ⚠️  ap 1-3,10 z4-9 > Roblox Clone ap 1-3,10 z4-9: CRASH detected
[2025-11-20 23:55:20] [WARNING] DB Error updating status: bad parameter or other API misuse
[2025-11-20 23:55:20] [WARNING] DB Error updating status: UNIQUE constraint failed: clone_status.clone_key
[2025-11-20 23:55:20] [WARNING] ⚠️  ap 1-3,10 z4-9 > Roblox Clone ap 1-3,10 z4-9: CRASH detected
[2025-11-20 23:55:21] [WARNING] ⚠️  ap 1-3,10 z4-9 > Roblox Clone ap 1-3,10 z4-9: CRASH detected
[2025-11-20 23:55:21] [WARNING] ⚠️  zetsto > Roblox Clone zetsto: CRASH detected
[2025-11-20 23:55:21] [ERROR] ❌ ap 1-3,10 z4-9 > Roblox Clone ap 1-3,10 z4-9: Fix failed - Unknown error
[2025-11-20 23:55:21] [ERROR] ❌ ap 1-3,10 z4-9 > Roblox Clone ap 1-3,10 z4-9: Fix failed - Unknown error
[2025-11-20 23:55:21] [ERROR] ❌ ap 1-3,10 z4-9 > Roblox Clone ap 1-3,10 z4-9: Fix failed - Unknown error
[2025-11-20 23:55:21] [WARNING] ⚠️  zetsto > Roblox Clone zetsto: CRASH detected
[2025-11-20 23:55:21] [WARNING] ⚠️  zetsto > Roblox Clone zetsto: CRASH detected
[2025-11-20 23:55:21] [WARNING] ⚠️  zetsto > Roblox Clone zetsto: CRASH detected
[2025-11-20 23:55:21] [SUCCESS] ✅ zetsto > Roblox Clone zetsto: Fixed in 2.4s
[2025-11-20 23:55:22] [SUCCESS] ✅ zetsto > Roblox Clone zetsto: Fixed in 2.4s
[2025-11-20 23:55:22] [SUCCESS] ✅ zetsto > Roblox Clone zetsto: Fixed in 2.3s
[2025-11-20 23:55:22] [SUCCESS] ✅ zetsto > Roblox Clone zetsto: Fixed in 1.5s
[2025-11-20 23:55:22] [WARNING] ⚠️  ap 1-3,10 z4-9 > Roblox Clone ap 1-3,10 z4-9: CRASH detected
[2025-11-20 23:55:22] [WARNING] ⚠️  ap 1-3,10 z4-9 > Roblox Clone ap 1-3,10 z4-9: CRASH detected
[2025-11-20 23:55:23] [WARNING] ⚠️  ap 1-3,10 z4-9 > Roblox Clone ap 1-3,10 z4-9: CRASH detected
[2025-11-20 23:55:23] [WARNING] ⚠️  ap 1-3,10 z4-9 > Roblox Clone ap 1-3,10 z4-9: CRASH detected
[2025-11-20 23:55:23] [WARNING] ⚠️  ap 1-3,10 z4-9 > Roblox Clone ap 1-3,10 z4-9: CRASH detected
[2025-11-20 23:55:23] [WARNING] ⚠️  ap 1-3,10 z4-9 > Roblox Clone ap 1-3,10 z4-9: CRASH detected
[2025-11-20 23:55:23] [SUCCESS] ✅ zetsto > Roblox Clone zetsto: Fixed in 1.7s
[2025-11-20 23:55:24] [ERROR] ❌ ap 1-3,10 z4-9 > Roblox Clone ap 1-3,10 z4-9: Fix failed - Unknown error
[2025-11-20 23:55:24] [ERROR] ❌ ap 1-3,10 z4-9 > Roblox Clone ap 1-3,10 z4-9: Fix failed - Unknown error
[2025-11-20 23:55:24] [WARNING] ⚠️  ap 1-3,10 z4-9 > Roblox Clone ap 1-3,10 z4-9: CRASH detected
[2025-11-20 23:55:24] [ERROR] ❌ ap 1-3,10 z4-9 > Roblox Clone ap 1-3,10 z4-9: Fix failed - Unknown error
[2025-11-20 23:55:24] [ERROR] ❌ ap 1-3,10 z4-9 > Roblox Clone ap 1-3,10 z4-9: Fix failed - Unknown error
[2025-11-20 23:55:24] [SUCCESS] ✅ zetsto > Roblox Clone zetsto: Fixed in 2.3s
[2025-11-20 23:55:24] [SUCCESS] ✅ zetsto > Roblox Clone zetsto: Fixed in 2.3s
[2025-11-20 23:55:24] [ERROR] ❌ ap 1-3,10 z4-9 > Roblox Clone ap 1-3,10 z4-9: Fix failed - Unknown error
[2025-11-20 23:55:24] [ERROR] ❌ ap 1-3,10 z4-9 > Roblox Clone ap 1-3,10 z4-9: Fix failed - Unknown error
[2025-11-20 23:55:25] [ERROR] ❌ ap 1-3,10 z4-9 > Roblox Clone ap 1-3,10 z4-9: Fix failed - Unknown error
[2025-11-20 23:55:25] [WARNING] ⚠️  73-1 > Roblox Clone 73-1: CRASH detected
[2025-11-20 23:55:26] [WARNING] ⚠️  73-1 > Roblox Clone 73-1: CRASH detected
[2025-11-20 23:55:26] [WARNING] ⚠️  73-1 > Roblox Clone 73-1: CRASH detected
[2025-11-20 23:55:26] [WARNING] ⚠️  73-1 > Roblox Clone 73-1: CRASH detected
[2025-11-20 23:55:27] [WARNING] ⚠️  73-1 > Roblox Clone 73-1: CRASH detected
[2025-11-20 23:55:27] [WARNING] ⚠️  73-1 > Roblox Clone 73-1: CRASH detected
[2025-11-20 23:55:27] [WARNING] ⚠️  73-1 > Roblox Clone 73-1: CRASH detected
[2025-11-20 23:55:27] [WARNING] ⚠️  73-1 > Roblox Clone 73-1: CRASH detected
[2025-11-20 23:55:27] [WARNING] ⚠️  73-1 > Roblox Clone 73-1: CRASH detected
[2025-11-20 23:55:27] [WARNING] ⚠️  73-1 > Roblox Clone 73-1: CRASH detected
[2025-11-20 23:55:27] [SUCCESS] ✅ 73-1 > Roblox Clone 73-1: Fixed in 1.3s
[2025-11-20 23:55:27] [SUCCESS] ✅ 73-1 > Roblox Clone 73-1: Fixed in 1.9s
[2025-11-20 23:55:28] [SUCCESS] ✅ 73-1 > Roblox Clone 73-1: Fixed in 1.3s
[2025-11-20 23:55:28] [SUCCESS] ✅ 73-1 > Roblox Clone 73-1: Fixed in 1.4s
[2025-11-20 23:55:28] [SUCCESS] ✅ 73-1 > Roblox Clone 73-1: Fixed in 1.8s
[2025-11-20 23:55:29] [SUCCESS] ✅ 73-1 > Roblox Clone 73-1: Fixed in 2.1s
[2025-11-20 23:55:29] [SUCCESS] ✅ 73-1 > Roblox Clone 73-1: Fixed in 2.0s
[2025-11-20 23:55:29] [SUCCESS] ✅ 73-1 > Roblox Clone 73-1: Fixed in 2.1s
[2025-11-20 23:55:30] [SUCCESS] ✅ 73-1 > Roblox Clone 73-1: Fixed in 2.5s
[2025-11-20 23:55:30] [SUCCESS] ✅ 73-1 > Roblox Clone 73-1: Fixed in 2.5s
[2025-11-20 23:55:30] [INFO] 
────────────────────────────────────────────────────────────
[2025-11-20 23:55:30] [INFO] ✅ Cycle Complete (47.5s)
[2025-11-20 23:55:30] [INFO]    Healthy: 0
[2025-11-20 23:55:30] [INFO]    Fixed: 56
[2025-11-20 23:55:30] [INFO]    Issues: 56 crash
[2025-11-20 23:55:30] [WARNING]    ⚠️  Failed to fix: 24
[2025-11-20 23:55:30] [INFO] ────────────────────────────────────────────────────────────
[2025-11-20 23:55:30] [INFO] 
💤 Waiting 30s for next cycle...
[2025-11-20 23:55:33] [INFO] Received termination signal
[2025-11-21 00:32:53] [SUCCESS] ✅ Configuration loaded successfully
[2025-11-21 00:32:53] [INFO] ✅ Database enabled: vsphone_monitor.db
[2025-11-21 00:32:53] [INFO] ============================================================
[2025-11-21 00:32:53] [INFO] 🚀 VSPhone Monitor v5.0.0 Started
[2025-11-21 00:32:53] [INFO] 📊 Total Clones: 30
[2025-11-21 00:32:53] [INFO] 👤 Accounts: 1
[2025-11-21 00:32:53] [INFO] 📱 Instances: 3
[2025-11-21 00:32:53] [INFO] ⏱️  Check Interval: 30s
[2025-11-21 00:32:53] [INFO] ⚡ Parallel Workers: 10
[2025-11-21 00:32:53] [INFO] 💾 Database: ✅ Enabled
[2025-11-21 00:32:53] [INFO] ============================================================
[2025-11-21 00:32:53] [INFO] 
🔍 Starting check cycle for 30 clones...
[2025-11-21 00:32:55] [WARNING] ⚠️  13-2 > Roblox Clone 13-2: CRASH detected
[2025-11-21 00:32:55] [WARNING] ⚠️  13-2 > Roblox Clone 13-2: CRASH detected
[2025-11-21 00:32:55] [WARNING] ⚠️  13-2 > Roblox Clone 13-2: CRASH detected
[2025-11-21 00:32:55] [WARNING] ⚠️  13-2 > Roblox Clone 13-2: CRASH detected
[2025-11-21 00:32:55] [WARNING] ⚠️  13-2 > Roblox Clone 13-2: CRASH detected
[2025-11-21 00:32:55] [WARNING] ⚠️  13-2 > Roblox Clone 13-2: CRASH detected
[2025-11-21 00:32:55] [WARNING] ⚠️  13-2 > Roblox Clone 13-2: CRASH detected
[2025-11-21 00:32:55] [WARNING] ⚠️  13-2 > Roblox Clone 13-2: CRASH detected
[2025-11-21 00:32:55] [WARNING] ⚠️  13-2 > Roblox Clone 13-2: CRASH detected
[2025-11-21 00:32:55] [WARNING] ⚠️  13-2 > Roblox Clone 13-2: CRASH detected
[2025-11-21 00:32:57] [SUCCESS] ✅ 13-2 > Roblox Clone 13-2: Fixed in 1.9s
[2025-11-21 00:32:57] [SUCCESS] ✅ 13-2 > Roblox Clone 13-2: Fixed in 2.0s
[2025-11-21 00:32:57] [SUCCESS] ✅ 13-2 > Roblox Clone 13-2: Fixed in 2.0s
[2025-11-21 00:32:57] [SUCCESS] ✅ 13-2 > Roblox Clone 13-2: Fixed in 1.9s
[2025-11-21 00:32:57] [SUCCESS] ✅ 13-2 > Roblox Clone 13-2: Fixed in 1.9s
[2025-11-21 00:32:57] [SUCCESS] ✅ 13-2 > Roblox Clone 13-2: Fixed in 2.0s
[2025-11-21 00:32:57] [SUCCESS] ✅ 13-2 > Roblox Clone 13-2: Fixed in 2.0s
[2025-11-21 00:32:57] [SUCCESS] ✅ 13-2 > Roblox Clone 13-2: Fixed in 2.0s
[2025-11-21 00:32:57] [SUCCESS] ✅ 13-2 > Roblox Clone 13-2: Fixed in 2.0s
[2025-11-21 00:32:57] [SUCCESS] ✅ 13-2 > Roblox Clone 13-2: Fixed in 2.1s
[2025-11-21 00:32:59] [WARNING] ⚠️  kesatu > Roblox Clone kesatu: CRASH detected
[2025-11-21 00:32:59] [WARNING] ⚠️  kesatu > Roblox Clone kesatu: CRASH detected
[2025-11-21 00:32:59] [WARNING] ⚠️  kesatu > Roblox Clone kesatu: CRASH detected
[2025-11-21 00:32:59] [WARNING] ⚠️  kesatu > Roblox Clone kesatu: CRASH detected
[2025-11-21 00:32:59] [WARNING] ⚠️  kesatu > Roblox Clone kesatu: CRASH detected
[2025-11-21 00:32:59] [WARNING] ⚠️  kesatu > Roblox Clone kesatu: CRASH detected
[2025-11-21 00:32:59] [WARNING] ⚠️  kesatu > Roblox Clone kesatu: CRASH detected
[2025-11-21 00:32:59] [WARNING] ⚠️  kesatu > Roblox Clone kesatu: CRASH detected
[2025-11-21 00:32:59] [WARNING] ⚠️  kesatu > Roblox Clone kesatu: CRASH detected
[2025-11-21 00:32:59] [WARNING] DB Error updating status: cannot commit - no transaction is active
[2025-11-21 00:32:59] [WARNING] ⚠️  kesatu > Roblox Clone kesatu: CRASH detected
[2025-11-21 00:33:00] [SUCCESS] ✅ kesatu > Roblox Clone kesatu: Fixed in 1.4s
[2025-11-21 00:33:00] [SUCCESS] ✅ kesatu > Roblox Clone kesatu: Fixed in 1.5s
[2025-11-21 00:33:00] [SUCCESS] ✅ kesatu > Roblox Clone kesatu: Fixed in 1.5s
[2025-11-21 00:33:00] [SUCCESS] ✅ kesatu > Roblox Clone kesatu: Fixed in 1.4s
[2025-11-21 00:33:01] [SUCCESS] ✅ kesatu > Roblox Clone kesatu: Fixed in 2.0s
[2025-11-21 00:33:01] [SUCCESS] ✅ kesatu > Roblox Clone kesatu: Fixed in 1.9s
[2025-11-21 00:33:01] [SUCCESS] ✅ kesatu > Roblox Clone kesatu: Fixed in 2.0s
[2025-11-21 00:33:01] [SUCCESS] ✅ kesatu > Roblox Clone kesatu: Fixed in 2.0s
[2025-11-21 00:33:01] [SUCCESS] ✅ kesatu > Roblox Clone kesatu: Fixed in 1.9s
[2025-11-21 00:33:01] [SUCCESS] ✅ kesatu > Roblox Clone kesatu: Fixed in 2.0s
[2025-11-21 00:33:02] [WARNING] ⚠️  ampunbg > Roblox Clone ampunbg: CRASH detected
[2025-11-21 00:33:03] [WARNING] ⚠️  ampunbg > Roblox Clone ampunbg: CRASH detected
[2025-11-21 00:33:03] [WARNING] ⚠️  ampunbg > Roblox Clone ampunbg: CRASH detected
[2025-11-21 00:33:03] [WARNING] ⚠️  ampunbg > Roblox Clone ampunbg: CRASH detected
[2025-11-21 00:33:03] [WARNING] ⚠️  ampunbg > Roblox Clone ampunbg: CRASH detected
[2025-11-21 00:33:03] [WARNING] ⚠️  ampunbg > Roblox Clone ampunbg: CRASH detected
[2025-11-21 00:33:03] [WARNING] ⚠️  ampunbg > Roblox Clone ampunbg: CRASH detected
[2025-11-21 00:33:03] [WARNING] ⚠️  ampunbg > Roblox Clone ampunbg: CRASH detected
[2025-11-21 00:33:03] [WARNING] ⚠️  ampunbg > Roblox Clone ampunbg: CRASH detected
[2025-11-21 00:33:04] [WARNING] ⚠️  ampunbg > Roblox Clone ampunbg: CRASH detected
[2025-11-21 00:33:04] [SUCCESS] ✅ ampunbg > Roblox Clone ampunbg: Fixed in 1.5s
[2025-11-21 00:33:04] [SUCCESS] ✅ ampunbg > Roblox Clone ampunbg: Fixed in 1.5s
[2025-11-21 00:33:04] [SUCCESS] ✅ ampunbg > Roblox Clone ampunbg: Fixed in 1.6s
[2025-11-21 00:33:04] [SUCCESS] ✅ ampunbg > Roblox Clone ampunbg: Fixed in 1.5s
[2025-11-21 00:33:05] [SUCCESS] ✅ ampunbg > Roblox Clone ampunbg: Fixed in 2.0s
[2025-11-21 00:33:05] [SUCCESS] ✅ ampunbg > Roblox Clone ampunbg: Fixed in 2.0s
[2025-11-21 00:33:05] [SUCCESS] ✅ ampunbg > Roblox Clone ampunbg: Fixed in 1.5s
[2025-11-21 00:33:05] [SUCCESS] ✅ ampunbg > Roblox Clone ampunbg: Fixed in 2.1s
[2025-11-21 00:33:05] [WARNING] DB Error: cannot commit - no transaction is active
[2025-11-21 00:33:05] [SUCCESS] ✅ ampunbg > Roblox Clone ampunbg: Fixed in 2.1s
[2025-11-21 00:33:05] [SUCCESS] ✅ ampunbg > Roblox Clone ampunbg: Fixed in 2.1s
[2025-11-21 00:33:05] [INFO] 
────────────────────────────────────────────────────────────
[2025-11-21 00:33:05] [INFO] ✅ Cycle Complete (12.4s)
[2025-11-21 00:33:05] [INFO]    Healthy: 0
[2025-11-21 00:33:05] [INFO]    Fixed: 30
[2025-11-21 00:33:05] [INFO]    Issues: 30 crash
[2025-11-21 00:33:05] [INFO] ────────────────────────────────────────────────────────────
[2025-11-21 00:33:05] [INFO] 
💤 Waiting 30s for next cycle...
[2025-11-21 00:33:12] [INFO] Received termination signal
[2025-11-21 01:09:08] [SUCCESS] ✅ Configuration loaded successfully
[2025-11-21 01:09:08] [INFO] ✅ Database enabled: vsphone_monitor.db
[2025-11-21 01:09:08] [INFO] ============================================================
[2025-11-21 01:09:08] [INFO] 🚀 VSPhone Monitor v5.0.0 Started
[2025-11-21 01:09:08] [INFO] 📊 Total Clones: 30
[2025-11-21 01:09:08] [INFO] 👤 Accounts: 1
[2025-11-21 01:09:08] [INFO] 📱 Instances: 3
[2025-11-21 01:09:08] [INFO] ⏱️  Check Interval: 30s
[2025-11-21 01:09:08] [INFO] ⚡ Parallel Workers: 10
[2025-11-21 01:09:08] [INFO] 💾 Database: ✅ Enabled
[2025-11-21 01:09:08] [INFO] ============================================================
[2025-11-21 01:09:08] [INFO] 
🔍 Starting check cycle for 30 clones...
[2025-11-21 01:09:23] [ERROR] API error: HTTPSConnectionPool(host='api.vsphone.com', port=443): Max retries exceeded with url: /vsphone/api/padApi/syncCmd (Caused by NameResolutionError("<urllib3.connection.HTTPSConnection object at 0x0000023B559991D0>: Failed to resolve 'api.vsphone.com' ([Errno 11001] getaddrinfo failed)"))
[2025-11-21 01:09:23] [ERROR] API error: HTTPSConnectionPool(host='api.vsphone.com', port=443): Max retries exceeded with url: /vsphone/api/padApi/syncCmd (Caused by NameResolutionError("<urllib3.connection.HTTPSConnection object at 0x0000023B55999310>: Failed to resolve 'api.vsphone.com' ([Errno 11001] getaddrinfo failed)"))
[2025-11-21 01:09:23] [ERROR] API error: HTTPSConnectionPool(host='api.vsphone.com', port=443): Max retries exceeded with url: /vsphone/api/padApi/syncCmd (Caused by NameResolutionError("<urllib3.connection.HTTPSConnection object at 0x0000023B55999950>: Failed to resolve 'api.vsphone.com' ([Errno 11001] getaddrinfo failed)"))
[2025-11-21 01:09:23] [ERROR] API error: HTTPSConnectionPool(host='api.vsphone.com', port=443): Max retries exceeded with url: /vsphone/api/padApi/syncCmd (Caused by NameResolutionError("<urllib3.connection.HTTPSConnection object at 0x0000023B55999A90>: Failed to resolve 'api.vsphone.com' ([Errno 11001] getaddrinfo failed)"))
[2025-11-21 01:09:23] [ERROR] API error: HTTPSConnectionPool(host='api.vsphone.com', port=443): Max retries exceeded with url: /vsphone/api/padApi/syncCmd (Caused by NameResolutionError("<urllib3.connection.HTTPSConnection object at 0x0000023B5599A0D0>: Failed to resolve 'api.vsphone.com' ([Errno 11001] getaddrinfo failed)"))
[2025-11-21 01:09:23] [ERROR] API error: HTTPSConnectionPool(host='api.vsphone.com', port=443): Max retries exceeded with url: /vsphone/api/padApi/syncCmd (Caused by NameResolutionError("<urllib3.connection.HTTPSConnection object at 0x0000023B5599A490>: Failed to resolve 'api.vsphone.com' ([Errno 11001] getaddrinfo failed)"))
[2025-11-21 01:09:23] [ERROR] API error: HTTPSConnectionPool(host='api.vsphone.com', port=443): Max retries exceeded with url: /vsphone/api/padApi/syncCmd (Caused by NameResolutionError("<urllib3.connection.HTTPSConnection object at 0x0000023B5599A710>: Failed to resolve 'api.vsphone.com' ([Errno 11001] getaddrinfo failed)"))
[2025-11-21 01:09:23] [ERROR] API error: HTTPSConnectionPool(host='api.vsphone.com', port=443): Max retries exceeded with url: /vsphone/api/padApi/syncCmd (Caused by NameResolutionError("<urllib3.connection.HTTPSConnection object at 0x0000023B5599A5D0>: Failed to resolve 'api.vsphone.com' ([Errno 11001] getaddrinfo failed)"))
[2025-11-21 01:09:23] [ERROR] API error: HTTPSConnectionPool(host='api.vsphone.com', port=443): Max retries exceeded with url: /vsphone/api/padApi/syncCmd (Caused by NameResolutionError("<urllib3.connection.HTTPSConnection object at 0x0000023B5599A850>: Failed to resolve 'api.vsphone.com' ([Errno 11001] getaddrinfo failed)"))
[2025-11-21 01:09:23] [ERROR] API error: HTTPSConnectionPool(host='api.vsphone.com', port=443): Max retries exceeded with url: /vsphone/api/padApi/syncCmd (Caused by NameResolutionError("<urllib3.connection.HTTPSConnection object at 0x0000023B5599B390>: Failed to resolve 'api.vsphone.com' ([Errno 11001] getaddrinfo failed)"))
[2025-11-21 01:09:23] [WARNING] DB Error updating status: bad parameter or other API misuse
[2025-11-21 01:09:23] [WARNING] ⚠️  13-2 > Roblox Clone 13-2: CRASH detected
[2025-11-21 01:09:23] [WARNING] DB Error updating status: UNIQUE constraint failed: clone_status.clone_key
[2025-11-21 01:09:23] [WARNING] DB Error updating status: cannot start a transaction within a transaction
[2025-11-21 01:09:23] [WARNING] ⚠️  13-2 > Roblox Clone 13-2: CRASH detected
[2025-11-21 01:09:23] [WARNING] ⚠️  13-2 > Roblox Clone 13-2: CRASH detected
[2025-11-21 01:09:23] [WARNING] ⚠️  13-2 > Roblox Clone 13-2: CRASH detected
[2025-11-21 01:09:23] [WARNING] ⚠️  13-2 > Roblox Clone 13-2: CRASH detected
[2025-11-21 01:09:23] [WARNING] ⚠️  13-2 > Roblox Clone 13-2: CRASH detected
[2025-11-21 01:09:23] [WARNING] ⚠️  13-2 > Roblox Clone 13-2: CRASH detected
[2025-11-21 01:09:23] [WARNING] ⚠️  13-2 > Roblox Clone 13-2: CRASH detected
[2025-11-21 01:09:23] [WARNING] ⚠️  13-2 > Roblox Clone 13-2: CRASH detected
[2025-11-21 01:09:23] [WARNING] ⚠️  13-2 > Roblox Clone 13-2: CRASH detected
[2025-11-21 01:09:38] [ERROR] API error: HTTPSConnectionPool(host='api.vsphone.com', port=443): Max retries exceeded with url: /vsphone/api/padApi/syncCmd (Caused by NameResolutionError("<urllib3.connection.HTTPSConnection object at 0x0000023B55806350>: Failed to resolve 'api.vsphone.com' ([Errno 11001] getaddrinfo failed)"))
[2025-11-21 01:09:38] [ERROR] ❌ 13-2 > Roblox Clone 13-2: Fix failed - API call failed
[2025-11-21 01:09:38] [ERROR] API error: HTTPSConnectionPool(host='api.vsphone.com', port=443): Max retries exceeded with url: /vsphone/api/padApi/syncCmd (Caused by NameResolutionError("<urllib3.connection.HTTPSConnection object at 0x0000023B55806210>: Failed to resolve 'api.vsphone.com' ([Errno 11001] getaddrinfo failed)"))
[2025-11-21 01:09:38] [ERROR] API error: HTTPSConnectionPool(host='api.vsphone.com', port=443): Max retries exceeded with url: /vsphone/api/padApi/syncCmd (Caused by NameResolutionError("<urllib3.connection.HTTPSConnection object at 0x0000023B55804F50>: Failed to resolve 'api.vsphone.com' ([Errno 11001] getaddrinfo failed)"))
[2025-11-21 01:09:38] [ERROR] API error: HTTPSConnectionPool(host='api.vsphone.com', port=443): Max retries exceeded with url: /vsphone/api/padApi/syncCmd (Caused by NameResolutionError("<urllib3.connection.HTTPSConnection object at 0x0000023B55806E90>: Failed to resolve 'api.vsphone.com' ([Errno 11001] getaddrinfo failed)"))
[2025-11-21 01:09:38] [ERROR] API error: HTTPSConnectionPool(host='api.vsphone.com', port=443): Max retries exceeded with url: /vsphone/api/padApi/syncCmd (Caused by NameResolutionError("<urllib3.connection.HTTPSConnection object at 0x0000023B558047D0>: Failed to resolve 'api.vsphone.com' ([Errno 11001] getaddrinfo failed)"))
[2025-11-21 01:09:38] [ERROR] API error: HTTPSConnectionPool(host='api.vsphone.com', port=443): Max retries exceeded with url: /vsphone/api/padApi/syncCmd (Caused by NameResolutionError("<urllib3.connection.HTTPSConnection object at 0x0000023B55805950>: Failed to resolve 'api.vsphone.com' ([Errno 11001] getaddrinfo failed)"))
[2025-11-21 01:09:38] [ERROR] ❌ 13-2 > Roblox Clone 13-2: Fix failed - API call failed
[2025-11-21 01:09:38] [ERROR] ❌ 13-2 > Roblox Clone 13-2: Fix failed - API call failed
[2025-11-21 01:09:38] [ERROR] API error: HTTPSConnectionPool(host='api.vsphone.com', port=443): Max retries exceeded with url: /vsphone/api/padApi/syncCmd (Caused by NameResolutionError("<urllib3.connection.HTTPSConnection object at 0x0000023B54EB3D90>: Failed to resolve 'api.vsphone.com' ([Errno 11001] getaddrinfo failed)"))
[2025-11-21 01:09:38] [ERROR] ❌ 13-2 > Roblox Clone 13-2: Fix failed - API call failed
[2025-11-21 01:09:38] [ERROR] ❌ 13-2 > Roblox Clone 13-2: Fix failed - API call failed
[2025-11-21 01:09:39] [ERROR] ❌ 13-2 > Roblox Clone 13-2: Fix failed - API call failed
[2025-11-21 01:09:39] [ERROR] API error: HTTPSConnectionPool(host='api.vsphone.com', port=443): Max retries exceeded with url: /vsphone/api/padApi/syncCmd (Caused by NameResolutionError("<urllib3.connection.HTTPSConnection object at 0x0000023B55807390>: Failed to resolve 'api.vsphone.com' ([Errno 11001] getaddrinfo failed)"))
[2025-11-21 01:09:39] [ERROR] API error: HTTPSConnectionPool(host='api.vsphone.com', port=443): Max retries exceeded with url: /vsphone/api/padApi/syncCmd (Caused by NameResolutionError("<urllib3.connection.HTTPSConnection object at 0x0000023B55806350>: Failed to resolve 'api.vsphone.com' ([Errno 11001] getaddrinfo failed)"))
[2025-11-21 01:09:39] [ERROR] API error: HTTPSConnectionPool(host='api.vsphone.com', port=443): Max retries exceeded with url: /vsphone/api/padApi/syncCmd (Caused by NameResolutionError("<urllib3.connection.HTTPSConnection object at 0x0000023B558074D0>: Failed to resolve 'api.vsphone.com' ([Errno 11001] getaddrinfo failed)"))
[2025-11-21 01:09:39] [ERROR] ❌ 13-2 > Roblox Clone 13-2: Fix failed - API call failed
[2025-11-21 01:09:39] [ERROR] ❌ 13-2 > Roblox Clone 13-2: Fix failed - API call failed
[2025-11-21 01:09:39] [WARNING] DB Error: bad parameter or other API misuse
[2025-11-21 01:09:39] [ERROR] ❌ 13-2 > Roblox Clone 13-2: Fix failed - API call failed
[2025-11-21 01:09:39] [ERROR] ❌ 13-2 > Roblox Clone 13-2: Fix failed - API call failed
[2025-11-21 01:09:53] [ERROR] API error: HTTPSConnectionPool(host='api.vsphone.com', port=443): Max retries exceeded with url: /vsphone/api/padApi/syncCmd (Caused by NameResolutionError("<urllib3.connection.HTTPSConnection object at 0x0000023B55D6ED50>: Failed to resolve 'api.vsphone.com' ([Errno 11001] getaddrinfo failed)"))
[2025-11-21 01:09:53] [WARNING] ⚠️  kesatu > Roblox Clone kesatu: CRASH detected
[2025-11-21 01:09:53] [ERROR] API error: HTTPSConnectionPool(host='api.vsphone.com', port=443): Max retries exceeded with url: /vsphone/api/padApi/syncCmd (Caused by NameResolutionError("<urllib3.connection.HTTPSConnection object at 0x0000023B55D6F4D0>: Failed to resolve 'api.vsphone.com' ([Errno 11001] getaddrinfo failed)"))
[2025-11-21 01:09:54] [WARNING] ⚠️  kesatu > Roblox Clone kesatu: CRASH detected
[2025-11-21 01:09:54] [ERROR] API error: HTTPSConnectionPool(host='api.vsphone.com', port=443): Max retries exceeded with url: /vsphone/api/padApi/syncCmd (Caused by NameResolutionError("<urllib3.connection.HTTPSConnection object at 0x0000023B55D6F890>: Failed to resolve 'api.vsphone.com' ([Errno 11001] getaddrinfo failed)"))
[2025-11-21 01:09:54] [ERROR] API error: HTTPSConnectionPool(host='api.vsphone.com', port=443): Max retries exceeded with url: /vsphone/api/padApi/syncCmd (Caused by NameResolutionError("<urllib3.connection.HTTPSConnection object at 0x0000023B55DE8190>: Failed to resolve 'api.vsphone.com' ([Errno 11001] getaddrinfo failed)"))
[2025-11-21 01:09:54] [ERROR] API error: HTTPSConnectionPool(host='api.vsphone.com', port=443): Max retries exceeded with url: /vsphone/api/padApi/syncCmd (Caused by NameResolutionError("<urllib3.connection.HTTPSConnection object at 0x0000023B55DE8050>: Failed to resolve 'api.vsphone.com' ([Errno 11001] getaddrinfo failed)"))
[2025-11-21 01:09:54] [ERROR] API error: HTTPSConnectionPool(host='api.vsphone.com', port=443): Max retries exceeded with url: /vsphone/api/padApi/syncCmd (Caused by NameResolutionError("<urllib3.connection.HTTPSConnection object at 0x0000023B55DE87D0>: Failed to resolve 'api.vsphone.com' ([Errno 11001] getaddrinfo failed)"))
[2025-11-21 01:09:54] [WARNING] ⚠️  kesatu > Roblox Clone kesatu: CRASH detected
[2025-11-21 01:09:54] [ERROR] API error: HTTPSConnectionPool(host='api.vsphone.com', port=443): Max retries exceeded with url: /vsphone/api/padApi/syncCmd (Caused by NameResolutionError("<urllib3.connection.HTTPSConnection object at 0x0000023B55D6F9D0>: Failed to resolve 'api.vsphone.com' ([Errno 11001] getaddrinfo failed)"))
[2025-11-21 01:09:54] [ERROR] API error: HTTPSConnectionPool(host='api.vsphone.com', port=443): Max retries exceeded with url: /vsphone/api/padApi/syncCmd (Caused by NameResolutionError("<urllib3.connection.HTTPSConnection object at 0x0000023B55D6F890>: Failed to resolve 'api.vsphone.com' ([Errno 11001] getaddrinfo failed)"))
[2025-11-21 01:09:54] [ERROR] API error: HTTPSConnectionPool(host='api.vsphone.com', port=443): Max retries exceeded with url: /vsphone/api/padApi/syncCmd (Caused by NameResolutionError("<urllib3.connection.HTTPSConnection object at 0x0000023B55D6EE90>: Failed to resolve 'api.vsphone.com' ([Errno 11001] getaddrinfo failed)"))
[2025-11-21 01:09:54] [ERROR] API error: HTTPSConnectionPool(host='api.vsphone.com', port=443): Max retries exceeded with url: /vsphone/api/padApi/syncCmd (Caused by NameResolutionError("<urllib3.connection.HTTPSConnection object at 0x0000023B55D6ED50>: Failed to resolve 'api.vsphone.com' ([Errno 11001] getaddrinfo failed)"))
[2025-11-21 01:09:54] [WARNING] ⚠️  kesatu > Roblox Clone kesatu: CRASH detected
[2025-11-21 01:09:54] [WARNING] ⚠️  kesatu > Roblox Clone kesatu: CRASH detected
[2025-11-21 01:09:54] [WARNING] DB Error updating status: UNIQUE constraint failed: clone_status.clone_key
[2025-11-21 01:09:54] [WARNING] ⚠️  kesatu > Roblox Clone kesatu: CRASH detected
[2025-11-21 01:09:54] [WARNING] DB Error updating status: bad parameter or other API misuse
[2025-11-21 01:09:54] [WARNING] DB Error updating status: no more rows available
[2025-11-21 01:09:54] [WARNING] ⚠️  kesatu > Roblox Clone kesatu: CRASH detected
[2025-11-21 01:09:54] [WARNING] ⚠️  kesatu > Roblox Clone kesatu: CRASH detected
[2025-11-21 01:09:54] [WARNING] ⚠️  kesatu > Roblox Clone kesatu: CRASH detected
[2025-11-21 01:09:54] [WARNING] ⚠️  kesatu > Roblox Clone kesatu: CRASH detected
[2025-11-21 01:10:08] [ERROR] API error: HTTPSConnectionPool(host='api.vsphone.com', port=443): Max retries exceeded with url: /vsphone/api/padApi/syncCmd (Caused by NameResolutionError("<urllib3.connection.HTTPSConnection object at 0x0000023B55E565D0>: Failed to resolve 'api.vsphone.com' ([Errno 11001] getaddrinfo failed)"))
[2025-11-21 01:10:08] [ERROR] ❌ kesatu > Roblox Clone kesatu: Fix failed - API call failed
[2025-11-21 01:10:08] [INFO] Received termination signal
[2025-11-21 01:10:09] [ERROR] API error: HTTPSConnectionPool(host='api.vsphone.com', port=443): Max retries exceeded with url: /vsphone/api/padApi/syncCmd (Caused by NameResolutionError("<urllib3.connection.HTTPSConnection object at 0x0000023B55E56D50>: Failed to resolve 'api.vsphone.com' ([Errno 11001] getaddrinfo failed)"))
[2025-11-21 01:10:09] [ERROR] ❌ kesatu > Roblox Clone kesatu: Fix failed - API call failed
[2025-11-21 01:10:09] [ERROR] API error: HTTPSConnectionPool(host='api.vsphone.com', port=443): Max retries exceeded with url: /vsphone/api/padApi/syncCmd (Caused by NameResolutionError("<urllib3.connection.HTTPSConnection object at 0x0000023B55E57610>: Failed to resolve 'api.vsphone.com' ([Errno 11001] getaddrinfo failed)"))
[2025-11-21 01:10:09] [ERROR] ❌ kesatu > Roblox Clone kesatu: Fix failed - API call failed
[2025-11-21 01:10:09] [ERROR] API error: HTTPSConnectionPool(host='api.vsphone.com', port=443): Max retries exceeded with url: /vsphone/api/padApi/syncCmd (Caused by NameResolutionError("<urllib3.connection.HTTPSConnection object at 0x0000023B55E57D90>: Failed to resolve 'api.vsphone.com' ([Errno 11001] getaddrinfo failed)"))
[2025-11-21 01:10:09] [ERROR] ❌ kesatu > Roblox Clone kesatu: Fix failed - API call failed
[2025-11-21 01:10:09] [ERROR] API error: HTTPSConnectionPool(host='api.vsphone.com', port=443): Max retries exceeded with url: /vsphone/api/padApi/syncCmd (Caused by NameResolutionError("<urllib3.connection.HTTPSConnection object at 0x0000023B55E57610>: Failed to resolve 'api.vsphone.com' ([Errno 11001] getaddrinfo failed)"))
[2025-11-21 01:10:09] [ERROR] API error: HTTPSConnectionPool(host='api.vsphone.com', port=443): Max retries exceeded with url: /vsphone/api/padApi/syncCmd (Caused by NameResolutionError("<urllib3.connection.HTTPSConnection object at 0x0000023B55E565D0>: Failed to resolve 'api.vsphone.com' ([Errno 11001] getaddrinfo failed)"))
[2025-11-21 01:10:09] [ERROR] ❌ kesatu > Roblox Clone kesatu: Fix failed - API call failed
[2025-11-21 01:10:09] [ERROR] API error: HTTPSConnectionPool(host='api.vsphone.com', port=443): Max retries exceeded with url: /vsphone/api/padApi/syncCmd (Caused by NameResolutionError("<urllib3.connection.HTTPSConnection object at 0x0000023B55EBC190>: Failed to resolve 'api.vsphone.com' ([Errno 11001] getaddrinfo failed)"))
[2025-11-21 01:10:09] [ERROR] ❌ kesatu > Roblox Clone kesatu: Fix failed - API call failed
[2025-11-21 01:10:09] [ERROR] API error: HTTPSConnectionPool(host='api.vsphone.com', port=443): Max retries exceeded with url: /vsphone/api/padApi/syncCmd (Caused by NameResolutionError("<urllib3.connection.HTTPSConnection object at 0x0000023B55EBD090>: Failed to resolve 'api.vsphone.com' ([Errno 11001] getaddrinfo failed)"))
[2025-11-21 01:10:09] [ERROR] API error: HTTPSConnectionPool(host='api.vsphone.com', port=443): Max retries exceeded with url: /vsphone/api/padApi/syncCmd (Caused by NameResolutionError("<urllib3.connection.HTTPSConnection object at 0x0000023B55EBCA50>: Failed to resolve 'api.vsphone.com' ([Errno 11001] getaddrinfo failed)"))
[2025-11-21 01:10:09] [ERROR] API error: HTTPSConnectionPool(host='api.vsphone.com', port=443): Max retries exceeded with url: /vsphone/api/padApi/syncCmd (Caused by NameResolutionError("<urllib3.connection.HTTPSConnection object at 0x0000023B55EBC910>: Failed to resolve 'api.vsphone.com' ([Errno 11001] getaddrinfo failed)"))
[2025-11-21 01:10:09] [ERROR] ❌ kesatu > Roblox Clone kesatu: Fix failed - API call failed
[2025-11-21 01:10:09] [ERROR] ❌ kesatu > Roblox Clone kesatu: Fix failed - API call failed
[2025-11-21 01:10:09] [ERROR] ❌ kesatu > Roblox Clone kesatu: Fix failed - API call failed
[2025-11-21 01:10:09] [ERROR] ❌ kesatu > Roblox Clone kesatu: Fix failed - API call failed
[2025-11-21 01:10:24] [ERROR] API error: HTTPSConnectionPool(host='api.vsphone.com', port=443): Max retries exceeded with url: /vsphone/api/padApi/syncCmd (Caused by NameResolutionError("<urllib3.connection.HTTPSConnection object at 0x0000023B55F31A90>: Failed to resolve 'api.vsphone.com' ([Errno 11001] getaddrinfo failed)"))
[2025-11-21 01:10:24] [WARNING] ⚠️  ampunbg > Roblox Clone ampunbg: CRASH detected
[2025-11-21 01:10:24] [ERROR] API error: HTTPSConnectionPool(host='api.vsphone.com', port=443): Max retries exceeded with url: /vsphone/api/padApi/syncCmd (Caused by NameResolutionError("<urllib3.connection.HTTPSConnection object at 0x0000023B55F32210>: Failed to resolve 'api.vsphone.com' ([Errno 11001] getaddrinfo failed)"))
[2025-11-21 01:10:24] [WARNING] ⚠️  ampunbg > Roblox Clone ampunbg: CRASH detected
[2025-11-21 01:10:24] [ERROR] API error: HTTPSConnectionPool(host='api.vsphone.com', port=443): Max retries exceeded with url: /vsphone/api/padApi/syncCmd (Caused by NameResolutionError("<urllib3.connection.HTTPSConnection object at 0x0000023B55F32990>: Failed to resolve 'api.vsphone.com' ([Errno 11001] getaddrinfo failed)"))
[2025-11-21 01:10:24] [WARNING] ⚠️  ampunbg > Roblox Clone ampunbg: CRASH detected
[2025-11-21 01:10:24] [ERROR] API error: HTTPSConnectionPool(host='api.vsphone.com', port=443): Max retries exceeded with url: /vsphone/api/padApi/syncCmd (Caused by NameResolutionError("<urllib3.connection.HTTPSConnection object at 0x0000023B55F32C10>: Failed to resolve 'api.vsphone.com' ([Errno 11001] getaddrinfo failed)"))
[2025-11-21 01:10:24] [WARNING] ⚠️  ampunbg > Roblox Clone ampunbg: CRASH detected
[2025-11-21 01:10:24] [ERROR] API error: HTTPSConnectionPool(host='api.vsphone.com', port=443): Max retries exceeded with url: /vsphone/api/padApi/syncCmd (Caused by NameResolutionError("<urllib3.connection.HTTPSConnection object at 0x0000023B55F31BD0>: Failed to resolve 'api.vsphone.com' ([Errno 11001] getaddrinfo failed)"))
[2025-11-21 01:10:24] [WARNING] ⚠️  ampunbg > Roblox Clone ampunbg: CRASH detected
[2025-11-21 01:10:24] [ERROR] API error: HTTPSConnectionPool(host='api.vsphone.com', port=443): Max retries exceeded with url: /vsphone/api/padApi/syncCmd (Caused by NameResolutionError("<urllib3.connection.HTTPSConnection object at 0x0000023B55F334D0>: Failed to resolve 'api.vsphone.com' ([Errno 11001] getaddrinfo failed)"))
[2025-11-21 01:10:24] [WARNING] ⚠️  ampunbg > Roblox Clone ampunbg: CRASH detected
[2025-11-21 01:10:24] [ERROR] API error: HTTPSConnectionPool(host='api.vsphone.com', port=443): Max retries exceeded with url: /vsphone/api/padApi/syncCmd (Caused by NameResolutionError("<urllib3.connection.HTTPSConnection object at 0x0000023B55F33890>: Failed to resolve 'api.vsphone.com' ([Errno 11001] getaddrinfo failed)"))
[2025-11-21 01:10:24] [ERROR] API error: HTTPSConnectionPool(host='api.vsphone.com', port=443): Max retries exceeded with url: /vsphone/api/padApi/syncCmd (Caused by NameResolutionError("<urllib3.connection.HTTPSConnection object at 0x0000023B55F339D0>: Failed to resolve 'api.vsphone.com' ([Errno 11001] getaddrinfo failed)"))
[2025-11-21 01:10:24] [ERROR] API error: HTTPSConnectionPool(host='api.vsphone.com', port=443): Max retries exceeded with url: /vsphone/api/padApi/syncCmd (Caused by NameResolutionError("<urllib3.connection.HTTPSConnection object at 0x0000023B55F9C050>: Failed to resolve 'api.vsphone.com' ([Errno 11001] getaddrinfo failed)"))
[2025-11-21 01:10:24] [ERROR] API error: HTTPSConnectionPool(host='api.vsphone.com', port=443): Max retries exceeded with url: /vsphone/api/padApi/syncCmd (Caused by NameResolutionError("<urllib3.connection.HTTPSConnection object at 0x0000023B55F9C410>: Failed to resolve 'api.vsphone.com' ([Errno 11001] getaddrinfo failed)"))
[2025-11-21 01:10:24] [WARNING] ⚠️  ampunbg > Roblox Clone ampunbg: CRASH detected
[2025-11-21 01:10:24] [WARNING] DB Error updating status: bad parameter or other API misuse
[2025-11-21 01:10:24] [WARNING] DB Error updating status: UNIQUE constraint failed: clone_status.clone_key
[2025-11-21 01:10:24] [WARNING] DB Error updating status: bad parameter or other API misuse
[2025-11-21 01:10:24] [WARNING] ⚠️  ampunbg > Roblox Clone ampunbg: CRASH detected
[2025-11-21 01:10:24] [WARNING] ⚠️  ampunbg > Roblox Clone ampunbg: CRASH detected
[2025-11-21 01:10:24] [WARNING] ⚠️  ampunbg > Roblox Clone ampunbg: CRASH detected
[2025-11-21 01:10:39] [ERROR] API error: HTTPSConnectionPool(host='api.vsphone.com', port=443): Max retries exceeded with url: /vsphone/api/padApi/syncCmd (Caused by NameResolutionError("<urllib3.connection.HTTPSConnection object at 0x0000023B55D36490>: Failed to resolve 'api.vsphone.com' ([Errno 11001] getaddrinfo failed)"))
[2025-11-21 01:10:39] [ERROR] API error: HTTPSConnectionPool(host='api.vsphone.com', port=443): Max retries exceeded with url: /vsphone/api/padApi/syncCmd (Caused by NameResolutionError("<urllib3.connection.HTTPSConnection object at 0x0000023B55D360D0>: Failed to resolve 'api.vsphone.com' ([Errno 11001] getaddrinfo failed)"))
[2025-11-21 01:10:39] [ERROR] ❌ ampunbg > Roblox Clone ampunbg: Fix failed - API call failed
[2025-11-21 01:10:39] [ERROR] ❌ ampunbg > Roblox Clone ampunbg: Fix failed - API call failed
[2025-11-21 01:10:39] [ERROR] API error: HTTPSConnectionPool(host='api.vsphone.com', port=443): Max retries exceeded with url: /vsphone/api/padApi/syncCmd (Caused by NameResolutionError("<urllib3.connection.HTTPSConnection object at 0x0000023B55D35D10>: Failed to resolve 'api.vsphone.com' ([Errno 11001] getaddrinfo failed)"))
[2025-11-21 01:10:39] [ERROR] ❌ ampunbg > Roblox Clone ampunbg: Fix failed - API call failed
[2025-11-21 01:10:39] [ERROR] API error: HTTPSConnectionPool(host='api.vsphone.com', port=443): Max retries exceeded with url: /vsphone/api/padApi/syncCmd (Caused by NameResolutionError("<urllib3.connection.HTTPSConnection object at 0x0000023B55D35950>: Failed to resolve 'api.vsphone.com' ([Errno 11001] getaddrinfo failed)"))
[2025-11-21 01:10:39] [ERROR] ❌ ampunbg > Roblox Clone ampunbg: Fix failed - API call failed
[2025-11-21 01:10:39] [ERROR] API error: HTTPSConnectionPool(host='api.vsphone.com', port=443): Max retries exceeded with url: /vsphone/api/padApi/syncCmd (Caused by NameResolutionError("<urllib3.connection.HTTPSConnection object at 0x0000023B55807390>: Failed to resolve 'api.vsphone.com' ([Errno 11001] getaddrinfo failed)"))
[2025-11-21 01:10:39] [ERROR] ❌ ampunbg > Roblox Clone ampunbg: Fix failed - API call failed
[2025-11-21 01:10:39] [ERROR] API error: HTTPSConnectionPool(host='api.vsphone.com', port=443): Max retries exceeded with url: /vsphone/api/padApi/syncCmd (Caused by NameResolutionError("<urllib3.connection.HTTPSConnection object at 0x0000023B558074D0>: Failed to resolve 'api.vsphone.com' ([Errno 11001] getaddrinfo failed)"))
[2025-11-21 01:10:39] [ERROR] ❌ ampunbg > Roblox Clone ampunbg: Fix failed - API call failed
[2025-11-21 01:10:39] [ERROR] API error: HTTPSConnectionPool(host='api.vsphone.com', port=443): Max retries exceeded with url: /vsphone/api/padApi/syncCmd (Caused by NameResolutionError("<urllib3.connection.HTTPSConnection object at 0x0000023B55807110>: Failed to resolve 'api.vsphone.com' ([Errno 11001] getaddrinfo failed)"))
[2025-11-21 01:10:39] [ERROR] API error: HTTPSConnectionPool(host='api.vsphone.com', port=443): Max retries exceeded with url: /vsphone/api/padApi/syncCmd (Caused by NameResolutionError("<urllib3.connection.HTTPSConnection object at 0x0000023B558051D0>: Failed to resolve 'api.vsphone.com' ([Errno 11001] getaddrinfo failed)"))
[2025-11-21 01:10:39] [ERROR] API error: HTTPSConnectionPool(host='api.vsphone.com', port=443): Max retries exceeded with url: /vsphone/api/padApi/syncCmd (Caused by NameResolutionError("<urllib3.connection.HTTPSConnection object at 0x0000023B55805950>: Failed to resolve 'api.vsphone.com' ([Errno 11001] getaddrinfo failed)"))
[2025-11-21 01:10:39] [ERROR] ❌ ampunbg > Roblox Clone ampunbg: Fix failed - API call failed
[2025-11-21 01:10:39] [WARNING] DB Error: not an error
[2025-11-21 01:10:39] [ERROR] ❌ ampunbg > Roblox Clone ampunbg: Fix failed - API call failed
[2025-11-21 01:10:39] [ERROR] ❌ ampunbg > Roblox Clone ampunbg: Fix failed - API call failed
[2025-11-21 01:10:39] [ERROR] API error: HTTPSConnectionPool(host='api.vsphone.com', port=443): Max retries exceeded with url: /vsphone/api/padApi/syncCmd (Caused by NameResolutionError("<urllib3.connection.HTTPSConnection object at 0x0000023B558047D0>: Failed to resolve 'api.vsphone.com' ([Errno 11001] getaddrinfo failed)"))
[2025-11-21 01:10:39] [ERROR] ❌ ampunbg > Roblox Clone ampunbg: Fix failed - API call failed
[2025-11-21 01:13:03] [SUCCESS] ✅ Configuration loaded successfully
[2025-11-21 01:13:03] [INFO] ✅ Database enabled: vsphone_monitor.db
[2025-11-21 01:13:03] [INFO] ============================================================
[2025-11-21 01:13:03] [INFO] 🚀 VSPhone Monitor v5.0.0 Started
[2025-11-21 01:13:03] [INFO] 📊 Total Clones: 30
[2025-11-21 01:13:03] [INFO] 👤 Accounts: 1
[2025-11-21 01:13:03] [INFO] 📱 Instances: 3
[2025-11-21 01:13:03] [INFO] ⏱️  Check Interval: 30s
[2025-11-21 01:13:03] [INFO] ⚡ Parallel Workers: 10
[2025-11-21 01:13:03] [INFO] 💾 Database: ✅ Enabled
[2025-11-21 01:13:03] [INFO] ============================================================
[2025-11-21 01:13:03] [INFO] 
🔍 Starting check cycle for 30 clones...
[2025-11-21 01:13:05] [WARNING] DB Error updating status: bad parameter or other API misuse
[2025-11-21 01:13:05] [WARNING] ⚠️  13-2 > Roblox Clone 13-2: CRASH detected
[2025-11-21 01:13:05] [WARNING] ⚠️  13-2 > Roblox Clone 13-2: CRASH detected
[2025-11-21 01:13:05] [WARNING] ⚠️  13-2 > Roblox Clone 13-2: CRASH detected
[2025-11-21 01:13:05] [WARNING] ⚠️  13-2 > Roblox Clone 13-2: CRASH detected
[2025-11-21 01:13:05] [WARNING] ⚠️  13-2 > Roblox Clone 13-2: CRASH detected
[2025-11-21 01:13:05] [WARNING] ⚠️  13-2 > Roblox Clone 13-2: CRASH detected
[2025-11-21 01:13:05] [WARNING] ⚠️  13-2 > Roblox Clone 13-2: CRASH detected
[2025-11-21 01:13:05] [WARNING] DB Error updating status: bad parameter or other API misuse
[2025-11-21 01:13:05] [WARNING] ⚠️  13-2 > Roblox Clone 13-2: CRASH detected
[2025-11-21 01:13:05] [WARNING] ⚠️  13-2 > Roblox Clone 13-2: CRASH detected
[2025-11-21 01:13:05] [WARNING] ⚠️  13-2 > Roblox Clone 13-2: CRASH detected
[2025-11-21 01:13:07] [SUCCESS] ✅ 13-2 > Roblox Clone 13-2: Fixed in 2.2s
[2025-11-21 01:13:08] [SUCCESS] ✅ 13-2 > Roblox Clone 13-2: Fixed in 2.2s
[2025-11-21 01:13:08] [SUCCESS] ✅ 13-2 > Roblox Clone 13-2: Fixed in 2.2s
[2025-11-21 01:13:08] [SUCCESS] ✅ 13-2 > Roblox Clone 13-2: Fixed in 2.7s
[2025-11-21 01:13:08] [SUCCESS] ✅ 13-2 > Roblox Clone 13-2: Fixed in 2.7s
[2025-11-21 01:13:08] [SUCCESS] ✅ 13-2 > Roblox Clone 13-2: Fixed in 2.7s
[2025-11-21 01:13:08] [SUCCESS] ✅ 13-2 > Roblox Clone 13-2: Fixed in 2.7s
[2025-11-21 01:13:08] [SUCCESS] ✅ 13-2 > Roblox Clone 13-2: Fixed in 2.8s
[2025-11-21 01:13:08] [SUCCESS] ✅ 13-2 > Roblox Clone 13-2: Fixed in 2.8s
[2025-11-21 01:13:08] [SUCCESS] ✅ 13-2 > Roblox Clone 13-2: Fixed in 2.8s
[2025-11-21 01:13:09] [WARNING] ⚠️  kesatu > Roblox Clone kesatu: CRASH detected
[2025-11-21 01:13:09] [WARNING] ⚠️  kesatu > Roblox Clone kesatu: CRASH detected
[2025-11-21 01:13:09] [WARNING] ⚠️  kesatu > Roblox Clone kesatu: CRASH detected
[2025-11-21 01:13:09] [WARNING] ⚠️  kesatu > Roblox Clone kesatu: CRASH detected
[2025-11-21 01:13:09] [WARNING] ⚠️  kesatu > Roblox Clone kesatu: CRASH detected
[2025-11-21 01:13:09] [WARNING] ⚠️  kesatu > Roblox Clone kesatu: CRASH detected
[2025-11-21 01:13:09] [WARNING] ⚠️  kesatu > Roblox Clone kesatu: CRASH detected
[2025-11-21 01:13:09] [WARNING] ⚠️  kesatu > Roblox Clone kesatu: CRASH detected
[2025-11-21 01:13:10] [WARNING] ⚠️  kesatu > Roblox Clone kesatu: CRASH detected
[2025-11-21 01:13:10] [SUCCESS] ✅ kesatu > Roblox Clone kesatu: Fixed in 1.2s
[2025-11-21 01:13:10] [SUCCESS] ✅ kesatu > Roblox Clone kesatu: Fixed in 1.1s
[2025-11-21 01:13:10] [WARNING] ⚠️  kesatu > Roblox Clone kesatu: CRASH detected
[2025-11-21 01:13:10] [SUCCESS] ✅ kesatu > Roblox Clone kesatu: Fixed in 1.2s
[2025-11-21 01:13:11] [WARNING] DB Error: bad parameter or other API misuse
[2025-11-21 01:13:11] [SUCCESS] ✅ kesatu > Roblox Clone kesatu: Fixed in 1.3s
[2025-11-21 01:13:11] [SUCCESS] ✅ kesatu > Roblox Clone kesatu: Fixed in 1.3s
[2025-11-21 01:13:11] [SUCCESS] ✅ kesatu > Roblox Clone kesatu: Fixed in 1.3s
[2025-11-21 01:13:11] [SUCCESS] ✅ kesatu > Roblox Clone kesatu: Fixed in 1.4s
[2025-11-21 01:13:11] [SUCCESS] ✅ kesatu > Roblox Clone kesatu: Fixed in 1.4s
[2025-11-21 01:13:11] [SUCCESS] ✅ kesatu > Roblox Clone kesatu: Fixed in 1.4s
[2025-11-21 01:13:11] [SUCCESS] ✅ kesatu > Roblox Clone kesatu: Fixed in 1.3s
[2025-11-21 01:13:12] [WARNING] ⚠️  ampunbg > Roblox Clone ampunbg: CRASH detected
[2025-11-21 01:13:12] [WARNING] ⚠️  ampunbg > Roblox Clone ampunbg: CRASH detected
[2025-11-21 01:13:12] [WARNING] ⚠️  ampunbg > Roblox Clone ampunbg: CRASH detected
[2025-11-21 01:13:12] [WARNING] ⚠️  ampunbg > Roblox Clone ampunbg: CRASH detected
[2025-11-21 01:13:13] [WARNING] ⚠️  ampunbg > Roblox Clone ampunbg: CRASH detected
[2025-11-21 01:13:13] [WARNING] ⚠️  ampunbg > Roblox Clone ampunbg: CRASH detected
[2025-11-21 01:13:13] [WARNING] ⚠️  ampunbg > Roblox Clone ampunbg: CRASH detected
[2025-11-21 01:13:13] [WARNING] ⚠️  ampunbg > Roblox Clone ampunbg: CRASH detected
[2025-11-21 01:13:13] [WARNING] ⚠️  ampunbg > Roblox Clone ampunbg: CRASH detected
[2025-11-21 01:13:13] [WARNING] ⚠️  ampunbg > Roblox Clone ampunbg: CRASH detected
[2025-11-21 01:13:13] [SUCCESS] ✅ ampunbg > Roblox Clone ampunbg: Fixed in 1.8s
[2025-11-21 01:13:14] [SUCCESS] ✅ ampunbg > Roblox Clone ampunbg: Fixed in 1.6s
[2025-11-21 01:13:14] [SUCCESS] ✅ ampunbg > Roblox Clone ampunbg: Fixed in 2.2s
[2025-11-21 01:13:15] [SUCCESS] ✅ ampunbg > Roblox Clone ampunbg: Fixed in 1.7s
[2025-11-21 01:13:15] [SUCCESS] ✅ ampunbg > Roblox Clone ampunbg: Fixed in 2.1s
[2025-11-21 01:13:15] [SUCCESS] ✅ ampunbg > Roblox Clone ampunbg: Fixed in 1.7s
[2025-11-21 01:13:15] [SUCCESS] ✅ ampunbg > Roblox Clone ampunbg: Fixed in 2.3s
[2025-11-21 01:13:15] [SUCCESS] ✅ ampunbg > Roblox Clone ampunbg: Fixed in 1.7s
[2025-11-21 01:13:15] [SUCCESS] ✅ ampunbg > Roblox Clone ampunbg: Fixed in 2.2s
[2025-11-21 01:13:15] [SUCCESS] ✅ ampunbg > Roblox Clone ampunbg: Fixed in 2.3s
[2025-11-21 01:13:15] [INFO] 
────────────────────────────────────────────────────────────
[2025-11-21 01:13:15] [INFO] ✅ Cycle Complete (12.4s)
[2025-11-21 01:13:15] [INFO]    Healthy: 0
[2025-11-21 01:13:15] [INFO]    Fixed: 30
[2025-11-21 01:13:15] [INFO]    Issues: 30 crash
[2025-11-21 01:13:15] [INFO] ────────────────────────────────────────────────────────────
[2025-11-21 01:13:15] [INFO] 
💤 Waiting 30s for next cycle...
[2025-11-21 01:13:45] [INFO] 
🔍 Starting check cycle for 30 clones...
[2025-11-21 01:13:48] [WARNING] ⚠️  13-2 > Roblox Clone 13-2: CRASH detected
[2025-11-21 01:13:48] [WARNING] ⚠️  13-2 > Roblox Clone 13-2: CRASH detected
[2025-11-21 01:13:48] [WARNING] ⚠️  13-2 > Roblox Clone 13-2: CRASH detected
[2025-11-21 01:13:48] [WARNING] ⚠️  13-2 > Roblox Clone 13-2: CRASH detected
[2025-11-21 01:13:48] [WARNING] ⚠️  13-2 > Roblox Clone 13-2: CRASH detected
[2025-11-21 01:13:48] [WARNING] DB Error updating status: UNIQUE constraint failed: clone_status.clone_key
[2025-11-21 01:13:48] [WARNING] ⚠️  13-2 > Roblox Clone 13-2: CRASH detected
[2025-11-21 01:13:48] [WARNING] ⚠️  13-2 > Roblox Clone 13-2: CRASH detected
[2025-11-21 01:13:48] [WARNING] ⚠️  13-2 > Roblox Clone 13-2: CRASH detected
[2025-11-21 01:13:48] [WARNING] ⚠️  13-2 > Roblox Clone 13-2: CRASH detected
[2025-11-21 01:13:49] [WARNING] ⚠️  13-2 > Roblox Clone 13-2: CRASH detected
[2025-11-21 01:13:49] [SUCCESS] ✅ 13-2 > Roblox Clone 13-2: Fixed in 1.1s
[2025-11-21 01:13:49] [SUCCESS] ✅ 13-2 > Roblox Clone 13-2: Fixed in 1.2s
[2025-11-21 01:13:50] [WARNING] ⚠️  kesatu > Roblox Clone kesatu: CRASH detected
[2025-11-21 01:13:50] [WARNING] ⚠️  kesatu > Roblox Clone kesatu: CRASH detected
[2025-11-21 01:13:50] [SUCCESS] ✅ 13-2 > Roblox Clone 13-2: Fixed in 2.0s
[2025-11-21 01:13:50] [SUCCESS] ✅ 13-2 > Roblox Clone 13-2: Fixed in 2.1s
[2025-11-21 01:13:50] [SUCCESS] ✅ 13-2 > Roblox Clone 13-2: Fixed in 2.0s
[2025-11-21 01:13:50] [SUCCESS] ✅ 13-2 > Roblox Clone 13-2: Fixed in 2.1s
[2025-11-21 01:13:50] [SUCCESS] ✅ 13-2 > Roblox Clone 13-2: Fixed in 2.1s
[2025-11-21 01:13:50] [SUCCESS] ✅ 13-2 > Roblox Clone 13-2: Fixed in 1.8s
[2025-11-21 01:13:51] [SUCCESS] ✅ 13-2 > Roblox Clone 13-2: Fixed in 2.5s
[2025-11-21 01:13:51] [SUCCESS] ✅ 13-2 > Roblox Clone 13-2: Fixed in 2.5s
[2025-11-21 01:13:51] [SUCCESS] ✅ kesatu > Roblox Clone kesatu: Fixed in 1.4s
[2025-11-21 01:13:51] [SUCCESS] ✅ kesatu > Roblox Clone kesatu: Fixed in 1.4s
[2025-11-21 01:13:51] [WARNING] ⚠️  kesatu > Roblox Clone kesatu: CRASH detected
[2025-11-21 01:13:52] [WARNING] ⚠️  kesatu > Roblox Clone kesatu: CRASH detected
[2025-11-21 01:13:52] [WARNING] ⚠️  kesatu > Roblox Clone kesatu: CRASH detected
[2025-11-21 01:13:52] [WARNING] ⚠️  kesatu > Roblox Clone kesatu: CRASH detected
[2025-11-21 01:13:52] [WARNING] ⚠️  kesatu > Roblox Clone kesatu: CRASH detected
[2025-11-21 01:13:52] [WARNING] ⚠️  kesatu > Roblox Clone kesatu: CRASH detected
[2025-11-21 01:13:52] [WARNING] ⚠️  kesatu > Roblox Clone kesatu: CRASH detected
[2025-11-21 01:13:52] [WARNING] ⚠️  kesatu > Roblox Clone kesatu: CRASH detected
[2025-11-21 01:13:53] [SUCCESS] ✅ kesatu > Roblox Clone kesatu: Fixed in 1.4s
[2025-11-21 01:13:53] [SUCCESS] ✅ kesatu > Roblox Clone kesatu: Fixed in 1.5s
[2025-11-21 01:13:53] [SUCCESS] ✅ kesatu > Roblox Clone kesatu: Fixed in 1.5s
[2025-11-21 01:13:53] [SUCCESS] ✅ kesatu > Roblox Clone kesatu: Fixed in 1.6s
[2025-11-21 01:13:53] [WARNING] ⚠️  ampunbg > Roblox Clone ampunbg: CRASH detected
[2025-11-21 01:13:53] [WARNING] DB Error: bad parameter or other API misuse
[2025-11-21 01:13:53] [SUCCESS] ✅ kesatu > Roblox Clone kesatu: Fixed in 1.4s
[2025-11-21 01:13:53] [SUCCESS] ✅ kesatu > Roblox Clone kesatu: Fixed in 1.5s
[2025-11-21 01:13:53] [SUCCESS] ✅ kesatu > Roblox Clone kesatu: Fixed in 1.5s
[2025-11-21 01:13:53] [SUCCESS] ✅ kesatu > Roblox Clone kesatu: Fixed in 1.6s
[2025-11-21 01:13:54] [WARNING] ⚠️  ampunbg > Roblox Clone ampunbg: CRASH detected
[2025-11-21 01:13:54] [WARNING] ⚠️  ampunbg > Roblox Clone ampunbg: CRASH detected
[2025-11-21 01:13:55] [WARNING] ⚠️  ampunbg > Roblox Clone ampunbg: CRASH detected
[2025-11-21 01:13:55] [WARNING] ⚠️  ampunbg > Roblox Clone ampunbg: CRASH detected
[2025-11-21 01:13:55] [WARNING] ⚠️  ampunbg > Roblox Clone ampunbg: CRASH detected
[2025-11-21 01:13:55] [WARNING] ⚠️  ampunbg > Roblox Clone ampunbg: CRASH detected
[2025-11-21 01:13:56] [WARNING] ⚠️  ampunbg > Roblox Clone ampunbg: CRASH detected
[2025-11-21 01:13:56] [SUCCESS] ✅ ampunbg > Roblox Clone ampunbg: Fixed in 2.5s
[2025-11-21 01:13:56] [WARNING] ⚠️  ampunbg > Roblox Clone ampunbg: CRASH detected
[2025-11-21 01:13:56] [WARNING] ⚠️  ampunbg > Roblox Clone ampunbg: CRASH detected
[2025-11-21 01:13:56] [SUCCESS] ✅ ampunbg > Roblox Clone ampunbg: Fixed in 2.2s
[2025-11-21 01:13:56] [SUCCESS] ✅ ampunbg > Roblox Clone ampunbg: Fixed in 2.1s
[2025-11-21 01:13:57] [SUCCESS] ✅ ampunbg > Roblox Clone ampunbg: Fixed in 1.6s
[2025-11-21 01:13:57] [SUCCESS] ✅ ampunbg > Roblox Clone ampunbg: Fixed in 1.6s
[2025-11-21 01:13:57] [SUCCESS] ✅ ampunbg > Roblox Clone ampunbg: Fixed in 1.6s
[2025-11-21 01:13:57] [SUCCESS] ✅ ampunbg > Roblox Clone ampunbg: Fixed in 1.6s
[2025-11-21 01:13:57] [SUCCESS] ✅ ampunbg > Roblox Clone ampunbg: Fixed in 1.5s
[2025-11-21 01:13:58] [SUCCESS] ✅ ampunbg > Roblox Clone ampunbg: Fixed in 2.1s
[2025-11-21 01:13:58] [SUCCESS] ✅ ampunbg > Roblox Clone ampunbg: Fixed in 2.1s
[2025-11-21 01:13:58] [INFO] 
────────────────────────────────────────────────────────────
[2025-11-21 01:13:58] [INFO] ✅ Cycle Complete (12.8s)
[2025-11-21 01:13:58] [INFO]    Healthy: 0
[2025-11-21 01:13:58] [INFO]    Fixed: 30
[2025-11-21 01:13:58] [INFO]    Issues: 30 crash
[2025-11-21 01:13:58] [INFO] ────────────────────────────────────────────────────────────
[2025-11-21 01:13:58] [INFO] 
💤 Waiting 30s for next cycle...
[2025-11-21 01:14:28] [INFO] 
🔍 Starting check cycle for 30 clones...
[2025-11-21 01:14:32] [WARNING] ⚠️  13-2 > Roblox Clone 13-2: CRASH detected
[2025-11-21 01:14:32] [WARNING] ⚠️  13-2 > Roblox Clone 13-2: CRASH detected
[2025-11-21 01:14:32] [WARNING] ⚠️  13-2 > Roblox Clone 13-2: CRASH detected
[2025-11-21 01:14:32] [WARNING] ⚠️  13-2 > Roblox Clone 13-2: CRASH detected
[2025-11-21 01:14:33] [WARNING] ⚠️  13-2 > Roblox Clone 13-2: CRASH detected
[2025-11-21 01:14:33] [WARNING] DB Error updating status: bad parameter or other API misuse
[2025-11-21 01:14:33] [WARNING] ⚠️  13-2 > Roblox Clone 13-2: CRASH detected
[2025-11-21 01:14:33] [WARNING] ⚠️  13-2 > Roblox Clone 13-2: CRASH detected
[2025-11-21 01:14:33] [WARNING] ⚠️  13-2 > Roblox Clone 13-2: CRASH detected
[2025-11-21 01:14:33] [WARNING] ⚠️  13-2 > Roblox Clone 13-2: CRASH detected
[2025-11-21 01:14:33] [WARNING] ⚠️  13-2 > Roblox Clone 13-2: CRASH detected
[2025-11-21 01:14:36] [SUCCESS] ✅ 13-2 > Roblox Clone 13-2: Fixed in 3.4s
[2025-11-21 01:14:36] [SUCCESS] ✅ 13-2 > Roblox Clone 13-2: Fixed in 3.5s
[2025-11-21 01:14:36] [SUCCESS] ✅ 13-2 > Roblox Clone 13-2: Fixed in 3.5s
[2025-11-21 01:14:36] [SUCCESS] ✅ 13-2 > Roblox Clone 13-2: Fixed in 3.5s
[2025-11-21 01:14:36] [SUCCESS] ✅ 13-2 > Roblox Clone 13-2: Fixed in 3.5s
[2025-11-21 01:14:36] [SUCCESS] ✅ 13-2 > Roblox Clone 13-2: Fixed in 3.5s
[2025-11-21 01:14:36] [SUCCESS] ✅ 13-2 > Roblox Clone 13-2: Fixed in 3.6s
[2025-11-21 01:14:36] [SUCCESS] ✅ 13-2 > Roblox Clone 13-2: Fixed in 3.6s
[2025-11-21 01:14:36] [SUCCESS] ✅ 13-2 > Roblox Clone 13-2: Fixed in 3.6s
[2025-11-21 01:14:36] [SUCCESS] ✅ 13-2 > Roblox Clone 13-2: Fixed in 3.6s
[2025-11-21 01:14:38] [WARNING] ⚠️  kesatu > Roblox Clone kesatu: CRASH detected
[2025-11-21 01:14:38] [WARNING] ⚠️  kesatu > Roblox Clone kesatu: CRASH detected
[2025-11-21 01:14:38] [WARNING] ⚠️  kesatu > Roblox Clone kesatu: CRASH detected
[2025-11-21 01:14:38] [WARNING] ⚠️  kesatu > Roblox Clone kesatu: CRASH detected
[2025-11-21 01:14:40] [WARNING] ⚠️  kesatu > Roblox Clone kesatu: CRASH detected
[2025-11-21 01:14:40] [WARNING] ⚠️  kesatu > Roblox Clone kesatu: CRASH detected
[2025-11-21 01:14:40] [WARNING] ⚠️  kesatu > Roblox Clone kesatu: CRASH detected
[2025-11-21 01:14:40] [WARNING] DB Error updating status: bad parameter or other API misuse
[2025-11-21 01:14:40] [WARNING] ⚠️  kesatu > Roblox Clone kesatu: CRASH detected
[2025-11-21 01:14:40] [WARNING] ⚠️  kesatu > Roblox Clone kesatu: CRASH detected
[2025-11-21 01:14:40] [WARNING] ⚠️  kesatu > Roblox Clone kesatu: CRASH detected
[2025-11-21 01:14:42] [SUCCESS] ✅ kesatu > Roblox Clone kesatu: Fixed in 3.4s
[2025-11-21 01:14:42] [SUCCESS] ✅ kesatu > Roblox Clone kesatu: Fixed in 3.4s
[2025-11-21 01:14:42] [SUCCESS] ✅ kesatu > Roblox Clone kesatu: Fixed in 3.4s
[2025-11-21 01:14:42] [SUCCESS] ✅ kesatu > Roblox Clone kesatu: Fixed in 3.4s
[2025-11-21 01:14:43] [SUCCESS] ✅ kesatu > Roblox Clone kesatu: Fixed in 3.1s
[2025-11-21 01:14:43] [SUCCESS] ✅ kesatu > Roblox Clone kesatu: Fixed in 3.2s
[2025-11-21 01:14:43] [SUCCESS] ✅ kesatu > Roblox Clone kesatu: Fixed in 3.2s
[2025-11-21 01:14:43] [SUCCESS] ✅ kesatu > Roblox Clone kesatu: Fixed in 3.3s
[2025-11-21 01:14:43] [SUCCESS] ✅ kesatu > Roblox Clone kesatu: Fixed in 3.3s
[2025-11-21 01:14:43] [SUCCESS] ✅ kesatu > Roblox Clone kesatu: Fixed in 3.3s
[2025-11-21 01:14:45] [WARNING] ⚠️  ampunbg > Roblox Clone ampunbg: CRASH detected
[2025-11-21 01:14:45] [WARNING] ⚠️  ampunbg > Roblox Clone ampunbg: CRASH detected
[2025-11-21 01:14:46] [WARNING] ⚠️  ampunbg > Roblox Clone ampunbg: CRASH detected
[2025-11-21 01:14:46] [WARNING] ⚠️  ampunbg > Roblox Clone ampunbg: CRASH detected
[2025-11-21 01:14:46] [WARNING] ⚠️  ampunbg > Roblox Clone ampunbg: CRASH detected
[2025-11-21 01:14:46] [WARNING] ⚠️  ampunbg > Roblox Clone ampunbg: CRASH detected
[2025-11-21 01:14:47] [WARNING] ⚠️  ampunbg > Roblox Clone ampunbg: CRASH detected
[2025-11-21 01:14:47] [WARNING] ⚠️  ampunbg > Roblox Clone ampunbg: CRASH detected
[2025-11-21 01:14:47] [WARNING] ⚠️  ampunbg > Roblox Clone ampunbg: CRASH detected
[2025-11-21 01:14:47] [WARNING] ⚠️  ampunbg > Roblox Clone ampunbg: CRASH detected
[2025-11-21 01:14:48] [SUCCESS] ✅ ampunbg > Roblox Clone ampunbg: Fixed in 2.8s
[2025-11-21 01:14:48] [SUCCESS] ✅ ampunbg > Roblox Clone ampunbg: Fixed in 2.8s
[2025-11-21 01:14:49] [SUCCESS] ✅ ampunbg > Roblox Clone ampunbg: Fixed in 2.9s
[2025-11-21 01:14:49] [SUCCESS] ✅ ampunbg > Roblox Clone ampunbg: Fixed in 3.0s
[2025-11-21 01:14:50] [SUCCESS] ✅ ampunbg > Roblox Clone ampunbg: Fixed in 3.1s
[2025-11-21 01:14:50] [SUCCESS] ✅ ampunbg > Roblox Clone ampunbg: Fixed in 3.2s
[2025-11-21 01:14:50] [SUCCESS] ✅ ampunbg > Roblox Clone ampunbg: Fixed in 3.0s
[2025-11-21 01:14:50] [SUCCESS] ✅ ampunbg > Roblox Clone ampunbg: Fixed in 3.1s
[2025-11-21 01:14:50] [SUCCESS] ✅ ampunbg > Roblox Clone ampunbg: Fixed in 3.0s
[2025-11-21 01:14:50] [SUCCESS] ✅ ampunbg > Roblox Clone ampunbg: Fixed in 3.5s
[2025-11-21 01:14:50] [INFO] 
────────────────────────────────────────────────────────────
[2025-11-21 01:14:50] [INFO] ✅ Cycle Complete (22.4s)
[2025-11-21 01:14:50] [INFO]    Healthy: 0
[2025-11-21 01:14:50] [INFO]    Fixed: 30
[2025-11-21 01:14:50] [INFO]    Issues: 30 crash
[2025-11-21 01:14:50] [INFO] ────────────────────────────────────────────────────────────
[2025-11-21 01:14:50] [INFO] 
💤 Waiting 30s for next cycle...
[2025-11-21 01:15:20] [INFO] 
🔍 Starting check cycle for 30 clones...
[2025-11-21 01:15:25] [WARNING] ⚠️  13-2 > Roblox Clone 13-2: CRASH detected
[2025-11-21 01:15:25] [WARNING] ⚠️  13-2 > Roblox Clone 13-2: CRASH detected
[2025-11-21 01:15:25] [WARNING] ⚠️  13-2 > Roblox Clone 13-2: CRASH detected
[2025-11-21 01:15:25] [WARNING] ⚠️  13-2 > Roblox Clone 13-2: CRASH detected
[2025-11-21 01:15:25] [WARNING] DB Error updating status: bad parameter or other API misuse
[2025-11-21 01:15:25] [WARNING] ⚠️  13-2 > Roblox Clone 13-2: CRASH detected
[2025-11-21 01:15:25] [WARNING] ⚠️  13-2 > Roblox Clone 13-2: CRASH detected
[2025-11-21 01:15:25] [WARNING] ⚠️  13-2 > Roblox Clone 13-2: CRASH detected
[2025-11-21 01:15:25] [WARNING] ⚠️  13-2 > Roblox Clone 13-2: CRASH detected
[2025-11-21 01:15:25] [WARNING] ⚠️  13-2 > Roblox Clone 13-2: CRASH detected
[2025-11-21 01:15:25] [WARNING] ⚠️  13-2 > Roblox Clone 13-2: CRASH detected
[2025-11-21 01:15:29] [SUCCESS] ✅ 13-2 > Roblox Clone 13-2: Fixed in 4.1s
[2025-11-21 01:15:30] [SUCCESS] ✅ 13-2 > Roblox Clone 13-2: Fixed in 4.5s
[2025-11-21 01:15:30] [SUCCESS] ✅ 13-2 > Roblox Clone 13-2: Fixed in 4.5s
[2025-11-21 01:15:30] [SUCCESS] ✅ 13-2 > Roblox Clone 13-2: Fixed in 4.6s
[2025-11-21 01:15:30] [WARNING] DB Error: bad parameter or other API misuse
[2025-11-21 01:15:30] [SUCCESS] ✅ 13-2 > Roblox Clone 13-2: Fixed in 4.5s
[2025-11-21 01:15:30] [WARNING] DB Error: bad parameter or other API misuse
[2025-11-21 01:15:30] [SUCCESS] ✅ 13-2 > Roblox Clone 13-2: Fixed in 4.5s
[2025-11-21 01:15:30] [SUCCESS] ✅ 13-2 > Roblox Clone 13-2: Fixed in 4.4s
[2025-11-21 01:15:30] [SUCCESS] ✅ 13-2 > Roblox Clone 13-2: Fixed in 4.6s
[2025-11-21 01:15:30] [SUCCESS] ✅ 13-2 > Roblox Clone 13-2: Fixed in 4.5s
[2025-11-21 01:15:30] [SUCCESS] ✅ 13-2 > Roblox Clone 13-2: Fixed in 4.6s
[2025-11-21 01:15:32] [WARNING] ⚠️  kesatu > Roblox Clone kesatu: CRASH detected
[2025-11-21 01:15:33] [WARNING] ⚠️  kesatu > Roblox Clone kesatu: CRASH detected
[2025-11-21 01:15:33] [WARNING] ⚠️  kesatu > Roblox Clone kesatu: CRASH detected
[2025-11-21 01:15:33] [WARNING] ⚠️  kesatu > Roblox Clone kesatu: CRASH detected
[2025-11-21 01:15:33] [WARNING] ⚠️  kesatu > Roblox Clone kesatu: CRASH detected
[2025-11-21 01:15:33] [WARNING] ⚠️  kesatu > Roblox Clone kesatu: CRASH detected
[2025-11-21 01:15:33] [WARNING] ⚠️  kesatu > Roblox Clone kesatu: CRASH detected
[2025-11-21 01:15:33] [WARNING] ⚠️  kesatu > Roblox Clone kesatu: CRASH detected
[2025-11-21 01:15:33] [WARNING] ⚠️  kesatu > Roblox Clone kesatu: CRASH detected
[2025-11-21 01:15:33] [WARNING] ⚠️  kesatu > Roblox Clone kesatu: CRASH detected
[2025-11-21 01:15:34] [SUCCESS] ✅ kesatu > Roblox Clone kesatu: Fixed in 2.2s
[2025-11-21 01:15:35] [SUCCESS] ✅ kesatu > Roblox Clone kesatu: Fixed in 2.9s
[2025-11-21 01:15:36] [SUCCESS] ✅ kesatu > Roblox Clone kesatu: Fixed in 3.1s
[2025-11-21 01:15:36] [SUCCESS] ✅ kesatu > Roblox Clone kesatu: Fixed in 3.1s
[2025-11-21 01:15:36] [SUCCESS] ✅ kesatu > Roblox Clone kesatu: Fixed in 3.1s
[2025-11-21 01:15:36] [SUCCESS] ✅ kesatu > Roblox Clone kesatu: Fixed in 3.1s
[2025-11-21 01:15:36] [SUCCESS] ✅ kesatu > Roblox Clone kesatu: Fixed in 3.2s
[2025-11-21 01:15:36] [SUCCESS] ✅ kesatu > Roblox Clone kesatu: Fixed in 3.1s
[2025-11-21 01:15:36] [SUCCESS] ✅ kesatu > Roblox Clone kesatu: Fixed in 3.1s
[2025-11-21 01:15:36] [SUCCESS] ✅ kesatu > Roblox Clone kesatu: Fixed in 2.9s
[2025-11-21 01:15:38] [WARNING] ⚠️  ampunbg > Roblox Clone ampunbg: CRASH detected
[2025-11-21 01:15:39] [WARNING] ⚠️  ampunbg > Roblox Clone ampunbg: CRASH detected
[2025-11-21 01:15:40] [WARNING] ⚠️  ampunbg > Roblox Clone ampunbg: CRASH detected
[2025-11-21 01:15:40] [WARNING] ⚠️  ampunbg > Roblox Clone ampunbg: CRASH detected
[2025-11-21 01:15:40] [WARNING] ⚠️  ampunbg > Roblox Clone ampunbg: CRASH detected
[2025-11-21 01:15:40] [WARNING] ⚠️  ampunbg > Roblox Clone ampunbg: CRASH detected
[2025-11-21 01:15:40] [WARNING] ⚠️  ampunbg > Roblox Clone ampunbg: CRASH detected
[2025-11-21 01:15:41] [WARNING] ⚠️  ampunbg > Roblox Clone ampunbg: CRASH detected
[2025-11-21 01:15:41] [WARNING] ⚠️  ampunbg > Roblox Clone ampunbg: CRASH detected
[2025-11-21 01:15:41] [WARNING] ⚠️  ampunbg > Roblox Clone ampunbg: CRASH detected
[2025-11-21 01:15:41] [SUCCESS] ✅ ampunbg > Roblox Clone ampunbg: Fixed in 3.2s
[2025-11-21 01:15:41] [SUCCESS] ✅ ampunbg > Roblox Clone ampunbg: Fixed in 2.3s
[2025-11-21 01:15:43] [SUCCESS] ✅ ampunbg > Roblox Clone ampunbg: Fixed in 2.9s
[2025-11-21 01:15:43] [SUCCESS] ✅ ampunbg > Roblox Clone ampunbg: Fixed in 3.5s
[2025-11-21 01:15:43] [SUCCESS] ✅ ampunbg > Roblox Clone ampunbg: Fixed in 3.7s
[2025-11-21 01:15:43] [SUCCESS] ✅ ampunbg > Roblox Clone ampunbg: Fixed in 3.1s
[2025-11-21 01:15:44] [SUCCESS] ✅ ampunbg > Roblox Clone ampunbg: Fixed in 3.7s
[2025-11-21 01:15:44] [SUCCESS] ✅ ampunbg > Roblox Clone ampunbg: Fixed in 3.5s
[2025-11-21 01:15:44] [SUCCESS] ✅ ampunbg > Roblox Clone ampunbg: Fixed in 3.5s
[2025-11-21 01:15:44] [SUCCESS] ✅ ampunbg > Roblox Clone ampunbg: Fixed in 3.5s
[2025-11-21 01:15:44] [INFO] 
────────────────────────────────────────────────────────────
[2025-11-21 01:15:44] [INFO] ✅ Cycle Complete (23.7s)
[2025-11-21 01:15:44] [INFO]    Healthy: 0
[2025-11-21 01:15:44] [INFO]    Fixed: 30
[2025-11-21 01:15:44] [INFO]    Issues: 30 crash
[2025-11-21 01:15:44] [INFO] ────────────────────────────────────────────────────────────
[2025-11-21 01:15:44] [INFO] 
💤 Waiting 30s for next cycle...
[2025-11-21 01:16:14] [INFO] 
🔍 Starting check cycle for 30 clones...
[2025-11-21 01:16:18] [WARNING] ⚠️  13-2 > Roblox Clone 13-2: CRASH detected
[2025-11-21 01:16:18] [WARNING] ⚠️  13-2 > Roblox Clone 13-2: CRASH detected
[2025-11-21 01:16:19] [WARNING] ⚠️  13-2 > Roblox Clone 13-2: CRASH detected
[2025-11-21 01:16:19] [WARNING] ⚠️  13-2 > Roblox Clone 13-2: CRASH detected
[2025-11-21 01:16:19] [WARNING] DB Error updating status: bad parameter or other API misuse
[2025-11-21 01:16:19] [WARNING] ⚠️  13-2 > Roblox Clone 13-2: CRASH detected
[2025-11-21 01:16:19] [WARNING] DB Error updating status: UNIQUE constraint failed: clone_status.clone_key
[2025-11-21 01:16:19] [WARNING] ⚠️  13-2 > Roblox Clone 13-2: CRASH detected
[2025-11-21 01:16:19] [WARNING] ⚠️  13-2 > Roblox Clone 13-2: CRASH detected
[2025-11-21 01:16:19] [WARNING] ⚠️  13-2 > Roblox Clone 13-2: CRASH detected
[2025-11-21 01:16:19] [WARNING] ⚠️  13-2 > Roblox Clone 13-2: CRASH detected
[2025-11-21 01:16:19] [WARNING] ⚠️  13-2 > Roblox Clone 13-2: CRASH detected
[2025-11-21 01:16:21] [SUCCESS] ✅ 13-2 > Roblox Clone 13-2: Fixed in 3.0s
[2025-11-21 01:16:21] [SUCCESS] ✅ 13-2 > Roblox Clone 13-2: Fixed in 3.0s
[2025-11-21 01:16:22] [SUCCESS] ✅ 13-2 > Roblox Clone 13-2: Fixed in 3.7s
[2025-11-21 01:16:23] [SUCCESS] ✅ 13-2 > Roblox Clone 13-2: Fixed in 4.3s
[2025-11-21 01:16:23] [SUCCESS] ✅ 13-2 > Roblox Clone 13-2: Fixed in 4.2s
[2025-11-21 01:16:23] [SUCCESS] ✅ 13-2 > Roblox Clone 13-2: Fixed in 4.3s
[2025-11-21 01:16:23] [SUCCESS] ✅ 13-2 > Roblox Clone 13-2: Fixed in 4.3s
[2025-11-21 01:16:23] [SUCCESS] ✅ 13-2 > Roblox Clone 13-2: Fixed in 4.3s
[2025-11-21 01:16:23] [SUCCESS] ✅ 13-2 > Roblox Clone 13-2: Fixed in 4.3s
[2025-11-21 01:16:23] [SUCCESS] ✅ 13-2 > Roblox Clone 13-2: Fixed in 4.3s
[2025-11-21 01:16:23] [WARNING] ⚠️  kesatu > Roblox Clone kesatu: CRASH detected
[2025-11-21 01:16:23] [WARNING] ⚠️  kesatu > Roblox Clone kesatu: CRASH detected
[2025-11-21 01:16:25] [WARNING] ⚠️  kesatu > Roblox Clone kesatu: CRASH detected
[2025-11-21 01:16:26] [WARNING] ⚠️  kesatu > Roblox Clone kesatu: CRASH detected
[2025-11-21 01:16:26] [WARNING] ⚠️  kesatu > Roblox Clone kesatu: CRASH detected
[2025-11-21 01:16:26] [WARNING] ⚠️  kesatu > Roblox Clone kesatu: CRASH detected
[2025-11-21 01:16:26] [WARNING] ⚠️  kesatu > Roblox Clone kesatu: CRASH detected
[2025-11-21 01:16:26] [WARNING] ⚠️  kesatu > Roblox Clone kesatu: CRASH detected
[2025-11-21 01:16:26] [WARNING] ⚠️  kesatu > Roblox Clone kesatu: CRASH detected
[2025-11-21 01:16:26] [WARNING] ⚠️  kesatu > Roblox Clone kesatu: CRASH detected
[2025-11-21 01:16:26] [SUCCESS] ✅ kesatu > Roblox Clone kesatu: Fixed in 3.1s
[2025-11-21 01:16:26] [SUCCESS] ✅ kesatu > Roblox Clone kesatu: Fixed in 3.1s
[2025-11-21 01:16:27] [SUCCESS] ✅ kesatu > Roblox Clone kesatu: Fixed in 2.2s
[2025-11-21 01:16:29] [SUCCESS] ✅ kesatu > Roblox Clone kesatu: Fixed in 2.7s
[2025-11-21 01:16:29] [WARNING] DB Error: error return without exception set
[2025-11-21 01:16:29] [SUCCESS] ✅ kesatu > Roblox Clone kesatu: Fixed in 2.8s
[2025-11-21 01:16:29] [SUCCESS] ✅ kesatu > Roblox Clone kesatu: Fixed in 2.6s
[2025-11-21 01:16:29] [SUCCESS] ✅ kesatu > Roblox Clone kesatu: Fixed in 2.8s
[2025-11-21 01:16:29] [SUCCESS] ✅ kesatu > Roblox Clone kesatu: Fixed in 2.6s
[2025-11-21 01:16:29] [SUCCESS] ✅ kesatu > Roblox Clone kesatu: Fixed in 2.6s
[2025-11-21 01:16:29] [SUCCESS] ✅ kesatu > Roblox Clone kesatu: Fixed in 2.7s
[2025-11-21 01:16:29] [WARNING] ⚠️  ampunbg > Roblox Clone ampunbg: CRASH detected
[2025-11-21 01:16:29] [WARNING] ⚠️  ampunbg > Roblox Clone ampunbg: CRASH detected
[2025-11-21 01:16:29] [WARNING] ⚠️  ampunbg > Roblox Clone ampunbg: CRASH detected
[2025-11-21 01:16:31] [WARNING] ⚠️  ampunbg > Roblox Clone ampunbg: CRASH detected
[2025-11-21 01:16:31] [WARNING] ⚠️  ampunbg > Roblox Clone ampunbg: CRASH detected
[2025-11-21 01:16:31] [WARNING] DB Error updating status: cannot commit - no transaction is active
[2025-11-21 01:16:31] [WARNING] ⚠️  ampunbg > Roblox Clone ampunbg: CRASH detected
[2025-11-21 01:16:31] [WARNING] DB Error updating status: bad parameter or other API misuse
[2025-11-21 01:16:31] [WARNING] ⚠️  ampunbg > Roblox Clone ampunbg: CRASH detected
[2025-11-21 01:16:31] [WARNING] ⚠️  ampunbg > Roblox Clone ampunbg: CRASH detected
[2025-11-21 01:16:31] [WARNING] ⚠️  ampunbg > Roblox Clone ampunbg: CRASH detected
[2025-11-21 01:16:32] [WARNING] ⚠️  ampunbg > Roblox Clone ampunbg: CRASH detected
[2025-11-21 01:16:32] [SUCCESS] ✅ ampunbg > Roblox Clone ampunbg: Fixed in 2.4s
[2025-11-21 01:16:32] [SUCCESS] ✅ ampunbg > Roblox Clone ampunbg: Fixed in 2.3s
[2025-11-21 01:16:32] [SUCCESS] ✅ ampunbg > Roblox Clone ampunbg: Fixed in 2.5s
[2025-11-21 01:16:33] [SUCCESS] ✅ ampunbg > Roblox Clone ampunbg: Fixed in 1.7s
[2025-11-21 01:16:33] [SUCCESS] ✅ ampunbg > Roblox Clone ampunbg: Fixed in 1.8s
[2025-11-21 01:16:33] [SUCCESS] ✅ ampunbg > Roblox Clone ampunbg: Fixed in 1.8s
[2025-11-21 01:16:34] [SUCCESS] ✅ ampunbg > Roblox Clone ampunbg: Fixed in 2.2s
[2025-11-21 01:16:34] [SUCCESS] ✅ ampunbg > Roblox Clone ampunbg: Fixed in 2.2s
[2025-11-21 01:16:34] [SUCCESS] ✅ ampunbg > Roblox Clone ampunbg: Fixed in 2.2s
[2025-11-21 01:16:34] [SUCCESS] ✅ ampunbg > Roblox Clone ampunbg: Fixed in 2.2s
[2025-11-21 01:16:34] [INFO] 
────────────────────────────────────────────────────────────
[2025-11-21 01:16:34] [INFO] ✅ Cycle Complete (19.6s)
[2025-11-21 01:16:34] [INFO]    Healthy: 0
[2025-11-21 01:16:34] [INFO]    Fixed: 30
[2025-11-21 01:16:34] [INFO]    Issues: 30 crash
[2025-11-21 01:16:34] [INFO] ────────────────────────────────────────────────────────────
[2025-11-21 01:16:34] [INFO] 
💤 Waiting 30s for next cycle...
[2025-11-21 01:17:04] [INFO] 
🔍 Starting check cycle for 30 clones...
[2025-11-21 01:17:08] [WARNING] ⚠️  13-2 > Roblox Clone 13-2: CRASH detected
[2025-11-21 01:17:08] [WARNING] ⚠️  13-2 > Roblox Clone 13-2: CRASH detected
[2025-11-21 01:17:08] [WARNING] ⚠️  13-2 > Roblox Clone 13-2: CRASH detected
[2025-11-21 01:17:08] [WARNING] DB Error updating status: UNIQUE constraint failed: clone_status.clone_key
[2025-11-21 01:17:08] [WARNING] ⚠️  13-2 > Roblox Clone 13-2: CRASH detected
[2025-11-21 01:17:08] [WARNING] ⚠️  13-2 > Roblox Clone 13-2: CRASH detected
[2025-11-21 01:17:08] [WARNING] ⚠️  13-2 > Roblox Clone 13-2: CRASH detected
[2025-11-21 01:17:08] [WARNING] ⚠️  13-2 > Roblox Clone 13-2: CRASH detected
[2025-11-21 01:17:08] [WARNING] ⚠️  13-2 > Roblox Clone 13-2: CRASH detected
[2025-11-21 01:17:08] [WARNING] ⚠️  13-2 > Roblox Clone 13-2: CRASH detected
[2025-11-21 01:17:08] [WARNING] ⚠️  13-2 > Roblox Clone 13-2: CRASH detected
[2025-11-21 01:17:11] [SUCCESS] ✅ 13-2 > Roblox Clone 13-2: Fixed in 3.0s
[2025-11-21 01:17:11] [SUCCESS] ✅ 13-2 > Roblox Clone 13-2: Fixed in 3.0s
[2025-11-21 01:17:12] [SUCCESS] ✅ 13-2 > Roblox Clone 13-2: Fixed in 3.6s
[2025-11-21 01:17:12] [SUCCESS] ✅ 13-2 > Roblox Clone 13-2: Fixed in 3.6s
[2025-11-21 01:17:12] [SUCCESS] ✅ 13-2 > Roblox Clone 13-2: Fixed in 3.7s
[2025-11-21 01:17:12] [SUCCESS] ✅ 13-2 > Roblox Clone 13-2: Fixed in 4.2s
[2025-11-21 01:17:12] [SUCCESS] ✅ 13-2 > Roblox Clone 13-2: Fixed in 4.2s
[2025-11-21 01:17:12] [SUCCESS] ✅ 13-2 > Roblox Clone 13-2: Fixed in 4.2s
[2025-11-21 01:17:12] [SUCCESS] ✅ 13-2 > Roblox Clone 13-2: Fixed in 4.2s
[2025-11-21 01:17:12] [SUCCESS] ✅ 13-2 > Roblox Clone 13-2: Fixed in 4.3s
[2025-11-21 01:17:13] [WARNING] ⚠️  kesatu > Roblox Clone kesatu: CRASH detected
[2025-11-21 01:17:13] [WARNING] ⚠️  kesatu > Roblox Clone kesatu: CRASH detected
[2025-11-21 01:17:14] [WARNING] ⚠️  kesatu > Roblox Clone kesatu: CRASH detected
[2025-11-21 01:17:14] [WARNING] ⚠️  kesatu > Roblox Clone kesatu: CRASH detected
[2025-11-21 01:17:14] [WARNING] ⚠️  kesatu > Roblox Clone kesatu: CRASH detected
[2025-11-21 01:17:15] [WARNING] ⚠️  kesatu > Roblox Clone kesatu: CRASH detected
[2025-11-21 01:17:15] [WARNING] ⚠️  kesatu > Roblox Clone kesatu: CRASH detected
[2025-11-21 01:17:15] [WARNING] ⚠️  kesatu > Roblox Clone kesatu: CRASH detected
[2025-11-21 01:17:15] [WARNING] ⚠️  kesatu > Roblox Clone kesatu: CRASH detected
[2025-11-21 01:17:15] [SUCCESS] ✅ kesatu > Roblox Clone kesatu: Fixed in 2.7s
[2025-11-21 01:17:15] [SUCCESS] ✅ kesatu > Roblox Clone kesatu: Fixed in 2.6s
[2025-11-21 01:17:16] [WARNING] ⚠️  kesatu > Roblox Clone kesatu: CRASH detected
[2025-11-21 01:17:17] [SUCCESS] ✅ kesatu > Roblox Clone kesatu: Fixed in 2.4s
[2025-11-21 01:17:17] [SUCCESS] ✅ kesatu > Roblox Clone kesatu: Fixed in 2.5s
[2025-11-21 01:17:17] [SUCCESS] ✅ kesatu > Roblox Clone kesatu: Fixed in 2.4s
[2025-11-21 01:17:18] [SUCCESS] ✅ kesatu > Roblox Clone kesatu: Fixed in 2.7s
[2025-11-21 01:17:18] [SUCCESS] ✅ kesatu > Roblox Clone kesatu: Fixed in 2.7s
[2025-11-21 01:17:18] [SUCCESS] ✅ kesatu > Roblox Clone kesatu: Fixed in 2.8s
[2025-11-21 01:17:18] [SUCCESS] ✅ kesatu > Roblox Clone kesatu: Fixed in 2.8s
[2025-11-21 01:17:18] [SUCCESS] ✅ kesatu > Roblox Clone kesatu: Fixed in 2.5s
[2025-11-21 01:17:19] [WARNING] ⚠️  ampunbg > Roblox Clone ampunbg: CRASH detected
[2025-11-21 01:17:19] [WARNING] ⚠️  ampunbg > Roblox Clone ampunbg: CRASH detected
[2025-11-21 01:17:20] [WARNING] ⚠️  ampunbg > Roblox Clone ampunbg: CRASH detected
[2025-11-21 01:17:20] [WARNING] ⚠️  ampunbg > Roblox Clone ampunbg: CRASH detected
[2025-11-21 01:17:20] [WARNING] ⚠️  ampunbg > Roblox Clone ampunbg: CRASH detected
[2025-11-21 01:17:21] [WARNING] ⚠️  ampunbg > Roblox Clone ampunbg: CRASH detected
[2025-11-21 01:17:21] [WARNING] ⚠️  ampunbg > Roblox Clone ampunbg: CRASH detected
[2025-11-21 01:17:21] [WARNING] ⚠️  ampunbg > Roblox Clone ampunbg: CRASH detected
[2025-11-21 01:17:21] [WARNING] ⚠️  ampunbg > Roblox Clone ampunbg: CRASH detected
[2025-11-21 01:17:22] [WARNING] ⚠️  ampunbg > Roblox Clone ampunbg: CRASH detected
[2025-11-21 01:17:22] [SUCCESS] ✅ ampunbg > Roblox Clone ampunbg: Fixed in 3.5s
[2025-11-21 01:17:22] [SUCCESS] ✅ ampunbg > Roblox Clone ampunbg: Fixed in 3.6s
[2025-11-21 01:17:22] [SUCCESS] ✅ ampunbg > Roblox Clone ampunbg: Fixed in 2.7s
[2025-11-21 01:17:22] [SUCCESS] ✅ ampunbg > Roblox Clone ampunbg: Fixed in 2.7s
[2025-11-21 01:17:22] [SUCCESS] ✅ ampunbg > Roblox Clone ampunbg: Fixed in 2.6s
[2025-11-21 01:17:24] [SUCCESS] ✅ ampunbg > Roblox Clone ampunbg: Fixed in 2.7s
[2025-11-21 01:17:24] [SUCCESS] ✅ ampunbg > Roblox Clone ampunbg: Fixed in 2.7s
[2025-11-21 01:17:24] [SUCCESS] ✅ ampunbg > Roblox Clone ampunbg: Fixed in 2.7s
[2025-11-21 01:17:24] [SUCCESS] ✅ ampunbg > Roblox Clone ampunbg: Fixed in 3.2s
[2025-11-21 01:17:25] [SUCCESS] ✅ ampunbg > Roblox Clone ampunbg: Fixed in 3.1s
[2025-11-21 01:17:25] [INFO] 
────────────────────────────────────────────────────────────
[2025-11-21 01:17:25] [INFO] ✅ Cycle Complete (21.0s)
[2025-11-21 01:17:25] [INFO]    Healthy: 0
[2025-11-21 01:17:25] [INFO]    Fixed: 30
[2025-11-21 01:17:25] [INFO]    Issues: 30 crash
[2025-11-21 01:17:25] [INFO] ────────────────────────────────────────────────────────────
[2025-11-21 01:17:25] [INFO] 
💤 Waiting 30s for next cycle...
[2025-11-21 01:17:55] [INFO] 
🔍 Starting check cycle for 30 clones...
[2025-11-21 01:17:58] [WARNING] ⚠️  13-2 > Roblox Clone 13-2: CRASH detected
[2025-11-21 01:17:59] [WARNING] ⚠️  13-2 > Roblox Clone 13-2: CRASH detected
[2025-11-21 01:17:59] [WARNING] ⚠️  13-2 > Roblox Clone 13-2: CRASH detected
[2025-11-21 01:17:59] [WARNING] ⚠️  13-2 > Roblox Clone 13-2: CRASH detected
[2025-11-21 01:17:59] [WARNING] ⚠️  13-2 > Roblox Clone 13-2: CRASH detected
[2025-11-21 01:17:59] [WARNING] ⚠️  13-2 > Roblox Clone 13-2: CRASH detected
[2025-11-21 01:17:59] [WARNING] DB Error updating status: UNIQUE constraint failed: clone_status.clone_key
[2025-11-21 01:17:59] [WARNING] ⚠️  13-2 > Roblox Clone 13-2: CRASH detected
[2025-11-21 01:17:59] [WARNING] DB Error updating status: bad parameter or other API misuse
[2025-11-21 01:17:59] [WARNING] ⚠️  13-2 > Roblox Clone 13-2: CRASH detected
[2025-11-21 01:17:59] [WARNING] ⚠️  13-2 > Roblox Clone 13-2: CRASH detected
[2025-11-21 01:17:59] [WARNING] ⚠️  13-2 > Roblox Clone 13-2: CRASH detected
[2025-11-21 01:18:01] [SUCCESS] ✅ 13-2 > Roblox Clone 13-2: Fixed in 2.6s
[2025-11-21 01:18:02] [SUCCESS] ✅ 13-2 > Roblox Clone 13-2: Fixed in 3.5s
[2025-11-21 01:18:03] [SUCCESS] ✅ 13-2 > Roblox Clone 13-2: Fixed in 3.8s
[2025-11-21 01:18:03] [WARNING] ⚠️  kesatu > Roblox Clone kesatu: CRASH detected
[2025-11-21 01:18:03] [SUCCESS] ✅ 13-2 > Roblox Clone 13-2: Fixed in 3.9s
[2025-11-21 01:18:03] [SUCCESS] ✅ 13-2 > Roblox Clone 13-2: Fixed in 3.9s
[2025-11-21 01:18:03] [SUCCESS] ✅ 13-2 > Roblox Clone 13-2: Fixed in 4.0s
[2025-11-21 01:18:03] [SUCCESS] ✅ 13-2 > Roblox Clone 13-2: Fixed in 4.0s
[2025-11-21 01:18:03] [SUCCESS] ✅ 13-2 > Roblox Clone 13-2: Fixed in 4.1s
[2025-11-21 01:18:03] [SUCCESS] ✅ 13-2 > Roblox Clone 13-2: Fixed in 4.0s
[2025-11-21 01:18:03] [SUCCESS] ✅ 13-2 > Roblox Clone 13-2: Fixed in 4.1s
[2025-11-21 01:18:05] [WARNING] ⚠️  kesatu > Roblox Clone kesatu: CRASH detected
[2025-11-21 01:18:06] [WARNING] ⚠️  kesatu > Roblox Clone kesatu: CRASH detected
[2025-11-21 01:18:06] [SUCCESS] ✅ kesatu > Roblox Clone kesatu: Fixed in 3.3s
[2025-11-21 01:18:06] [WARNING] ⚠️  kesatu > Roblox Clone kesatu: CRASH detected
[2025-11-21 01:18:06] [WARNING] ⚠️  kesatu > Roblox Clone kesatu: CRASH detected
[2025-11-21 01:18:06] [WARNING] ⚠️  kesatu > Roblox Clone kesatu: CRASH detected
[2025-11-21 01:18:06] [WARNING] ⚠️  kesatu > Roblox Clone kesatu: CRASH detected
[2025-11-21 01:18:06] [WARNING] ⚠️  kesatu > Roblox Clone kesatu: CRASH detected
[2025-11-21 01:18:06] [WARNING] ⚠️  kesatu > Roblox Clone kesatu: CRASH detected
[2025-11-21 01:18:06] [WARNING] ⚠️  kesatu > Roblox Clone kesatu: CRASH detected
[2025-11-21 01:18:08] [SUCCESS] ✅ kesatu > Roblox Clone kesatu: Fixed in 2.2s
[2025-11-21 01:18:09] [SUCCESS] ✅ kesatu > Roblox Clone kesatu: Fixed in 2.7s
[2025-11-21 01:18:09] [SUCCESS] ✅ kesatu > Roblox Clone kesatu: Fixed in 2.7s
[2025-11-21 01:18:09] [SUCCESS] ✅ kesatu > Roblox Clone kesatu: Fixed in 2.9s
[2025-11-21 01:18:09] [WARNING] DB Error: bad parameter or other API misuse
[2025-11-21 01:18:09] [SUCCESS] ✅ kesatu > Roblox Clone kesatu: Fixed in 2.8s
[2025-11-21 01:18:09] [SUCCESS] ✅ kesatu > Roblox Clone kesatu: Fixed in 2.8s
[2025-11-21 01:18:09] [SUCCESS] ✅ kesatu > Roblox Clone kesatu: Fixed in 2.8s
[2025-11-21 01:18:09] [SUCCESS] ✅ kesatu > Roblox Clone kesatu: Fixed in 2.8s
[2025-11-21 01:18:09] [SUCCESS] ✅ kesatu > Roblox Clone kesatu: Fixed in 2.7s
[2025-11-21 01:18:10] [WARNING] ⚠️  ampunbg > Roblox Clone ampunbg: CRASH detected
[2025-11-21 01:18:10] [WARNING] ⚠️  ampunbg > Roblox Clone ampunbg: CRASH detected
[2025-11-21 01:18:11] [WARNING] ⚠️  ampunbg > Roblox Clone ampunbg: CRASH detected
[2025-11-21 01:18:12] [WARNING] ⚠️  ampunbg > Roblox Clone ampunbg: CRASH detected
[2025-11-21 01:18:13] [WARNING] ⚠️  ampunbg > Roblox Clone ampunbg: CRASH detected
[2025-11-21 01:18:13] [WARNING] DB Error updating status: UNIQUE constraint failed: clone_status.clone_key
[2025-11-21 01:18:13] [WARNING] DB Error updating status: UNIQUE constraint failed: clone_status.clone_key
[2025-11-21 01:18:13] [WARNING] ⚠️  ampunbg > Roblox Clone ampunbg: CRASH detected
[2025-11-21 01:18:13] [WARNING] ⚠️  ampunbg > Roblox Clone ampunbg: CRASH detected
[2025-11-21 01:18:13] [WARNING] ⚠️  ampunbg > Roblox Clone ampunbg: CRASH detected
[2025-11-21 01:18:14] [SUCCESS] ✅ ampunbg > Roblox Clone ampunbg: Fixed in 3.8s
[2025-11-21 01:18:14] [WARNING] ⚠️  ampunbg > Roblox Clone ampunbg: CRASH detected
[2025-11-21 01:18:14] [SUCCESS] ✅ ampunbg > Roblox Clone ampunbg: Fixed in 3.6s
[2025-11-21 01:18:14] [WARNING] ⚠️  ampunbg > Roblox Clone ampunbg: CRASH detected
[2025-11-21 01:18:14] [SUCCESS] ✅ ampunbg > Roblox Clone ampunbg: Fixed in 2.3s
[2025-11-21 01:18:15] [SUCCESS] ✅ ampunbg > Roblox Clone ampunbg: Fixed in 2.7s
[2025-11-21 01:18:16] [WARNING] DB Error: bad parameter or other API misuse
[2025-11-21 01:18:16] [SUCCESS] ✅ ampunbg > Roblox Clone ampunbg: Fixed in 3.0s
[2025-11-21 01:18:16] [SUCCESS] ✅ ampunbg > Roblox Clone ampunbg: Fixed in 3.0s
[2025-11-21 01:18:16] [SUCCESS] ✅ ampunbg > Roblox Clone ampunbg: Fixed in 3.0s
[2025-11-21 01:18:16] [SUCCESS] ✅ ampunbg > Roblox Clone ampunbg: Fixed in 3.5s
[2025-11-21 01:18:17] [SUCCESS] ✅ ampunbg > Roblox Clone ampunbg: Fixed in 3.2s
[2025-11-21 01:18:17] [SUCCESS] ✅ ampunbg > Roblox Clone ampunbg: Fixed in 3.2s
[2025-11-21 01:18:17] [INFO] 
────────────────────────────────────────────────────────────
[2025-11-21 01:18:17] [INFO] ✅ Cycle Complete (22.1s)
[2025-11-21 01:18:17] [INFO]    Healthy: 0
[2025-11-21 01:18:17] [INFO]    Fixed: 30
[2025-11-21 01:18:17] [INFO]    Issues: 30 crash
[2025-11-21 01:18:17] [INFO] ────────────────────────────────────────────────────────────
[2025-11-21 01:18:17] [INFO] 
💤 Waiting 30s for next cycle...
[2025-11-21 01:18:47] [INFO] 
🔍 Starting check cycle for 30 clones...
[2025-11-21 01:18:51] [WARNING] ⚠️  13-2 > Roblox Clone 13-2: CRASH detected
[2025-11-21 01:18:51] [WARNING] ⚠️  13-2 > Roblox Clone 13-2: CRASH detected
[2025-11-21 01:18:52] [WARNING] ⚠️  13-2 > Roblox Clone 13-2: CRASH detected
[2025-11-21 01:18:52] [WARNING] ⚠️  13-2 > Roblox Clone 13-2: CRASH detected
[2025-11-21 01:18:52] [WARNING] DB Error updating status: cannot commit - no transaction is active
[2025-11-21 01:18:52] [WARNING] ⚠️  13-2 > Roblox Clone 13-2: CRASH detected
[2025-11-21 01:18:52] [WARNING] ⚠️  13-2 > Roblox Clone 13-2: CRASH detected
[2025-11-21 01:18:52] [WARNING] DB Error updating status: no more rows available
[2025-11-21 01:18:52] [WARNING] ⚠️  13-2 > Roblox Clone 13-2: CRASH detected
[2025-11-21 01:18:52] [WARNING] ⚠️  13-2 > Roblox Clone 13-2: CRASH detected
[2025-11-21 01:18:52] [WARNING] ⚠️  13-2 > Roblox Clone 13-2: CRASH detected
[2025-11-21 01:18:52] [WARNING] ⚠️  13-2 > Roblox Clone 13-2: CRASH detected
[2025-11-21 01:18:54] [SUCCESS] ✅ 13-2 > Roblox Clone 13-2: Fixed in 2.9s
[2025-11-21 01:18:54] [SUCCESS] ✅ 13-2 > Roblox Clone 13-2: Fixed in 2.8s
[2025-11-21 01:18:55] [SUCCESS] ✅ 13-2 > Roblox Clone 13-2: Fixed in 2.9s
[2025-11-21 01:18:55] [SUCCESS] ✅ 13-2 > Roblox Clone 13-2: Fixed in 3.4s
[2025-11-21 01:18:55] [SUCCESS] ✅ 13-2 > Roblox Clone 13-2: Fixed in 3.4s
[2025-11-21 01:18:55] [SUCCESS] ✅ 13-2 > Roblox Clone 13-2: Fixed in 3.4s
[2025-11-21 01:18:55] [SUCCESS] ✅ 13-2 > Roblox Clone 13-2: Fixed in 3.6s
[2025-11-21 01:18:56] [SUCCESS] ✅ 13-2 > Roblox Clone 13-2: Fixed in 3.9s
[2025-11-21 01:18:56] [SUCCESS] ✅ 13-2 > Roblox Clone 13-2: Fixed in 3.9s
[2025-11-21 01:18:56] [SUCCESS] ✅ 13-2 > Roblox Clone 13-2: Fixed in 3.9s
[2025-11-21 01:18:56] [WARNING] ⚠️  kesatu > Roblox Clone kesatu: CRASH detected
[2025-11-21 01:18:56] [WARNING] ⚠️  kesatu > Roblox Clone kesatu: CRASH detected
[2025-11-21 01:18:57] [WARNING] ⚠️  kesatu > Roblox Clone kesatu: CRASH detected
[2025-11-21 01:18:58] [WARNING] ⚠️  kesatu > Roblox Clone kesatu: CRASH detected
[2025-11-21 01:18:58] [WARNING] ⚠️  kesatu > Roblox Clone kesatu: CRASH detected
[2025-11-21 01:18:58] [WARNING] ⚠️  kesatu > Roblox Clone kesatu: CRASH detected
[2025-11-21 01:18:58] [WARNING] ⚠️  kesatu > Roblox Clone kesatu: CRASH detected
[2025-11-21 01:18:58] [WARNING] ⚠️  kesatu > Roblox Clone kesatu: CRASH detected
[2025-11-21 01:18:58] [WARNING] ⚠️  kesatu > Roblox Clone kesatu: CRASH detected
[2025-11-21 01:18:58] [WARNING] DB Error updating status: cannot commit - no transaction is active
[2025-11-21 01:18:58] [WARNING] ⚠️  kesatu > Roblox Clone kesatu: CRASH detected
[2025-11-21 01:18:59] [SUCCESS] ✅ kesatu > Roblox Clone kesatu: Fixed in 2.6s
[2025-11-21 01:18:59] [SUCCESS] ✅ kesatu > Roblox Clone kesatu: Fixed in 2.5s
[2025-11-21 01:18:59] [SUCCESS] ✅ kesatu > Roblox Clone kesatu: Fixed in 2.5s
[2025-11-21 01:19:01] [SUCCESS] ✅ kesatu > Roblox Clone kesatu: Fixed in 3.0s
[2025-11-21 01:19:01] [SUCCESS] ✅ kesatu > Roblox Clone kesatu: Fixed in 3.0s
[2025-11-21 01:19:01] [SUCCESS] ✅ kesatu > Roblox Clone kesatu: Fixed in 3.0s
[2025-11-21 01:19:01] [SUCCESS] ✅ kesatu > Roblox Clone kesatu: Fixed in 3.2s
[2025-11-21 01:19:01] [SUCCESS] ✅ kesatu > Roblox Clone kesatu: Fixed in 3.1s
[2025-11-21 01:19:01] [SUCCESS] ✅ kesatu > Roblox Clone kesatu: Fixed in 3.0s
[2025-11-21 01:19:02] [SUCCESS] ✅ kesatu > Roblox Clone kesatu: Fixed in 3.4s
[2025-11-21 01:19:02] [WARNING] DB Error updating status: bad parameter or other API misuse
[2025-11-21 01:19:02] [WARNING] ⚠️  ampunbg > Roblox Clone ampunbg: CRASH detected
[2025-11-21 01:19:02] [WARNING] DB Error updating status: UNIQUE constraint failed: clone_status.clone_key
[2025-11-21 01:19:02] [WARNING] ⚠️  ampunbg > Roblox Clone ampunbg: CRASH detected
[2025-11-21 01:19:02] [WARNING] ⚠️  ampunbg > Roblox Clone ampunbg: CRASH detected
[2025-11-21 01:19:03] [WARNING] ⚠️  ampunbg > Roblox Clone ampunbg: CRASH detected
[2025-11-21 01:19:03] [WARNING] ⚠️  ampunbg > Roblox Clone ampunbg: CRASH detected
[2025-11-21 01:19:03] [WARNING] ⚠️  ampunbg > Roblox Clone ampunbg: CRASH detected
[2025-11-21 01:19:04] [WARNING] ⚠️  ampunbg > Roblox Clone ampunbg: CRASH detected
[2025-11-21 01:19:04] [WARNING] ⚠️  ampunbg > Roblox Clone ampunbg: CRASH detected
[2025-11-21 01:19:05] [WARNING] ⚠️  ampunbg > Roblox Clone ampunbg: CRASH detected
[2025-11-21 01:19:05] [WARNING] ⚠️  ampunbg > Roblox Clone ampunbg: CRASH detected
[2025-11-21 01:19:05] [SUCCESS] ✅ ampunbg > Roblox Clone ampunbg: Fixed in 3.2s
[2025-11-21 01:19:05] [SUCCESS] ✅ ampunbg > Roblox Clone ampunbg: Fixed in 3.2s
[2025-11-21 01:19:06] [SUCCESS] ✅ ampunbg > Roblox Clone ampunbg: Fixed in 3.3s
[2025-11-21 01:19:06] [SUCCESS] ✅ ampunbg > Roblox Clone ampunbg: Fixed in 2.5s
[2025-11-21 01:19:06] [SUCCESS] ✅ ampunbg > Roblox Clone ampunbg: Fixed in 2.5s
[2025-11-21 01:19:06] [SUCCESS] ✅ ampunbg > Roblox Clone ampunbg: Fixed in 3.0s
[2025-11-21 01:19:06] [SUCCESS] ✅ ampunbg > Roblox Clone ampunbg: Fixed in 2.5s
[2025-11-21 01:19:07] [SUCCESS] ✅ ampunbg > Roblox Clone ampunbg: Fixed in 3.1s
[2025-11-21 01:19:07] [SUCCESS] ✅ ampunbg > Roblox Clone ampunbg: Fixed in 2.9s
[2025-11-21 01:19:08] [SUCCESS] ✅ ampunbg > Roblox Clone ampunbg: Fixed in 3.0s
[2025-11-21 01:19:08] [INFO] 
────────────────────────────────────────────────────────────
[2025-11-21 01:19:08] [INFO] ✅ Cycle Complete (20.7s)
[2025-11-21 01:19:08] [INFO]    Healthy: 0
[2025-11-21 01:19:08] [INFO]    Fixed: 30
[2025-11-21 01:19:08] [INFO]    Issues: 30 crash
[2025-11-21 01:19:08] [INFO] ────────────────────────────────────────────────────────────
[2025-11-21 01:19:08] [INFO] 
💤 Waiting 30s for next cycle...
[2025-11-21 01:19:38] [INFO] 
🔍 Starting check cycle for 30 clones...
[2025-11-21 01:20:32] [ERROR] API error: HTTPSConnectionPool(host='api.vsphone.com', port=443): Max retries exceeded with url: /vsphone/api/padApi/syncCmd (Caused by NameResolutionError("<urllib3.connection.HTTPSConnection object at 0x0000021F0EC69BD0>: Failed to resolve 'api.vsphone.com' ([Errno 11001] getaddrinfo failed)"))
[2025-11-21 01:20:32] [ERROR] API error: HTTPSConnectionPool(host='api.vsphone.com', port=443): Max retries exceeded with url: /vsphone/api/padApi/syncCmd (Caused by NameResolutionError("<urllib3.connection.HTTPSConnection object at 0x0000021F0EC69D10>: Failed to resolve 'api.vsphone.com' ([Errno 11001] getaddrinfo failed)"))
[2025-11-21 01:20:32] [ERROR] API error: HTTPSConnectionPool(host='api.vsphone.com', port=443): Max retries exceeded with url: /vsphone/api/padApi/syncCmd (Caused by NameResolutionError("<urllib3.connection.HTTPSConnection object at 0x0000021F0EC69E50>: Failed to resolve 'api.vsphone.com' ([Errno 11001] getaddrinfo failed)"))
[2025-11-21 01:20:32] [ERROR] API error: HTTPSConnectionPool(host='api.vsphone.com', port=443): Max retries exceeded with url: /vsphone/api/padApi/syncCmd (Caused by NameResolutionError("<urllib3.connection.HTTPSConnection object at 0x0000021F0EC69F90>: Failed to resolve 'api.vsphone.com' ([Errno 11001] getaddrinfo failed)"))
[2025-11-21 01:20:32] [ERROR] API error: HTTPSConnectionPool(host='api.vsphone.com', port=443): Max retries exceeded with url: /vsphone/api/padApi/syncCmd (Caused by NameResolutionError("<urllib3.connection.HTTPSConnection object at 0x0000021F0EC6A490>: Failed to resolve 'api.vsphone.com' ([Errno 11001] getaddrinfo failed)"))
[2025-11-21 01:20:32] [ERROR] API error: HTTPSConnectionPool(host='api.vsphone.com', port=443): Max retries exceeded with url: /vsphone/api/padApi/syncCmd (Caused by NameResolutionError("<urllib3.connection.HTTPSConnection object at 0x0000021F0EC6A350>: Failed to resolve 'api.vsphone.com' ([Errno 11001] getaddrinfo failed)"))
[2025-11-21 01:20:32] [ERROR] API error: HTTPSConnectionPool(host='api.vsphone.com', port=443): Max retries exceeded with url: /vsphone/api/padApi/syncCmd (Caused by NameResolutionError("<urllib3.connection.HTTPSConnection object at 0x0000021F0EC6A0D0>: Failed to resolve 'api.vsphone.com' ([Errno 11001] getaddrinfo failed)"))
[2025-11-21 01:20:32] [ERROR] API error: HTTPSConnectionPool(host='api.vsphone.com', port=443): Max retries exceeded with url: /vsphone/api/padApi/syncCmd (Caused by NameResolutionError("<urllib3.connection.HTTPSConnection object at 0x0000021F0EC6A5D0>: Failed to resolve 'api.vsphone.com' ([Errno 11001] getaddrinfo failed)"))
[2025-11-21 01:20:32] [ERROR] API error: HTTPSConnectionPool(host='api.vsphone.com', port=443): Max retries exceeded with url: /vsphone/api/padApi/syncCmd (Caused by NameResolutionError("<urllib3.connection.HTTPSConnection object at 0x0000021F0EC6A210>: Failed to resolve 'api.vsphone.com' ([Errno 11001] getaddrinfo failed)"))
[2025-11-21 01:20:32] [ERROR] API error: HTTPSConnectionPool(host='api.vsphone.com', port=443): Max retries exceeded with url: /vsphone/api/padApi/syncCmd (Caused by NameResolutionError("<urllib3.connection.HTTPSConnection object at 0x0000021F0EC6A710>: Failed to resolve 'api.vsphone.com' ([Errno 11001] getaddrinfo failed)"))
[2025-11-21 01:20:32] [WARNING] ⚠️  13-2 > Roblox Clone 13-2: CRASH detected
[2025-11-21 01:20:32] [WARNING] DB Error updating status: bad parameter or other API misuse
[2025-11-21 01:20:32] [WARNING] ⚠️  13-2 > Roblox Clone 13-2: CRASH detected
[2025-11-21 01:20:32] [WARNING] ⚠️  13-2 > Roblox Clone 13-2: CRASH detected
[2025-11-21 01:20:32] [WARNING] ⚠️  13-2 > Roblox Clone 13-2: CRASH detected
[2025-11-21 01:20:32] [WARNING] ⚠️  13-2 > Roblox Clone 13-2: CRASH detected
[2025-11-21 01:20:32] [WARNING] DB Error updating status: bad parameter or other API misuse
[2025-11-21 01:20:32] [WARNING] ⚠️  13-2 > Roblox Clone 13-2: CRASH detected
[2025-11-21 01:20:32] [WARNING] ⚠️  13-2 > Roblox Clone 13-2: CRASH detected
[2025-11-21 01:20:32] [WARNING] ⚠️  13-2 > Roblox Clone 13-2: CRASH detected
[2025-11-21 01:20:32] [WARNING] ⚠️  13-2 > Roblox Clone 13-2: CRASH detected
[2025-11-21 01:20:32] [WARNING] ⚠️  13-2 > Roblox Clone 13-2: CRASH detected
[2025-11-21 01:21:34] [ERROR] API error: HTTPSConnectionPool(host='api.vsphone.com', port=443): Max retries exceeded with url: /vsphone/api/padApi/syncCmd (Caused by NameResolutionError("<urllib3.connection.HTTPSConnection object at 0x0000021F0FD0CCD0>: Failed to resolve 'api.vsphone.com' ([Errno 11001] getaddrinfo failed)"))
[2025-11-21 01:21:34] [ERROR] API error: HTTPSConnectionPool(host='api.vsphone.com', port=443): Max retries exceeded with url: /vsphone/api/padApi/syncCmd (Caused by NameResolutionError("<urllib3.connection.HTTPSConnection object at 0x0000021F0FD0CE10>: Failed to resolve 'api.vsphone.com' ([Errno 11001] getaddrinfo failed)"))
[2025-11-21 01:21:34] [ERROR] API error: HTTPSConnectionPool(host='api.vsphone.com', port=443): Max retries exceeded with url: /vsphone/api/padApi/syncCmd (Caused by NameResolutionError("<urllib3.connection.HTTPSConnection object at 0x0000021F0FD0D090>: Failed to resolve 'api.vsphone.com' ([Errno 11001] getaddrinfo failed)"))
[2025-11-21 01:21:34] [ERROR] API error: HTTPSConnectionPool(host='api.vsphone.com', port=443): Max retries exceeded with url: /vsphone/api/padApi/syncCmd (Caused by NameResolutionError("<urllib3.connection.HTTPSConnection object at 0x0000021F0FD0D1D0>: Failed to resolve 'api.vsphone.com' ([Errno 11001] getaddrinfo failed)"))
[2025-11-21 01:21:34] [ERROR] API error: HTTPSConnectionPool(host='api.vsphone.com', port=443): Max retries exceeded with url: /vsphone/api/padApi/syncCmd (Caused by NameResolutionError("<urllib3.connection.HTTPSConnection object at 0x0000021F0FD0D310>: Failed to resolve 'api.vsphone.com' ([Errno 11001] getaddrinfo failed)"))
[2025-11-21 01:21:34] [ERROR] API error: HTTPSConnectionPool(host='api.vsphone.com', port=443): Max retries exceeded with url: /vsphone/api/padApi/syncCmd (Caused by NameResolutionError("<urllib3.connection.HTTPSConnection object at 0x0000021F0FD0D450>: Failed to resolve 'api.vsphone.com' ([Errno 11001] getaddrinfo failed)"))
[2025-11-21 01:21:34] [ERROR] API error: HTTPSConnectionPool(host='api.vsphone.com', port=443): Max retries exceeded with url: /vsphone/api/padApi/syncCmd (Caused by NameResolutionError("<urllib3.connection.HTTPSConnection object at 0x0000021F0FD0CF50>: Failed to resolve 'api.vsphone.com' ([Errno 11001] getaddrinfo failed)"))
[2025-11-21 01:21:34] [ERROR] API error: HTTPSConnectionPool(host='api.vsphone.com', port=443): Max retries exceeded with url: /vsphone/api/padApi/syncCmd (Caused by NameResolutionError("<urllib3.connection.HTTPSConnection object at 0x0000021F0FD0D590>: Failed to resolve 'api.vsphone.com' ([Errno 11001] getaddrinfo failed)"))
[2025-11-21 01:21:34] [ERROR] API error: HTTPSConnectionPool(host='api.vsphone.com', port=443): Max retries exceeded with url: /vsphone/api/padApi/syncCmd (Caused by NameResolutionError("<urllib3.connection.HTTPSConnection object at 0x0000021F0FD0D6D0>: Failed to resolve 'api.vsphone.com' ([Errno 11001] getaddrinfo failed)"))
[2025-11-21 01:21:34] [ERROR] API error: HTTPSConnectionPool(host='api.vsphone.com', port=443): Max retries exceeded with url: /vsphone/api/padApi/syncCmd (Caused by NameResolutionError("<urllib3.connection.HTTPSConnection object at 0x0000021F0FD0D810>: Failed to resolve 'api.vsphone.com' ([Errno 11001] getaddrinfo failed)"))
[2025-11-21 01:21:34] [ERROR] ❌ 13-2 > Roblox Clone 13-2: Fix failed - API call failed
[2025-11-21 01:21:34] [ERROR] ❌ 13-2 > Roblox Clone 13-2: Fix failed - API call failed
[2025-11-21 01:21:34] [WARNING] DB Error: error return without exception set
[2025-11-21 01:21:34] [WARNING] DB Error: bad parameter or other API misuse
[2025-11-21 01:21:34] [ERROR] ❌ 13-2 > Roblox Clone 13-2: Fix failed - API call failed
[2025-11-21 01:21:34] [ERROR] ❌ 13-2 > Roblox Clone 13-2: Fix failed - API call failed
[2025-11-21 01:21:34] [ERROR] ❌ 13-2 > Roblox Clone 13-2: Fix failed - API call failed
[2025-11-21 01:21:34] [ERROR] ❌ 13-2 > Roblox Clone 13-2: Fix failed - API call failed
[2025-11-21 01:21:34] [ERROR] ❌ 13-2 > Roblox Clone 13-2: Fix failed - API call failed
[2025-11-21 01:21:34] [ERROR] ❌ 13-2 > Roblox Clone 13-2: Fix failed - API call failed
[2025-11-21 01:21:34] [ERROR] ❌ 13-2 > Roblox Clone 13-2: Fix failed - API call failed
[2025-11-21 01:21:34] [ERROR] ❌ 13-2 > Roblox Clone 13-2: Fix failed - API call failed
[2025-11-21 01:22:13] [ERROR] API error: HTTPSConnectionPool(host='api.vsphone.com', port=443): Max retries exceeded with url: /vsphone/api/padApi/syncCmd (Caused by NameResolutionError("<urllib3.connection.HTTPSConnection object at 0x0000021F0FE04050>: Failed to resolve 'api.vsphone.com' ([Errno 11001] getaddrinfo failed)"))
[2025-11-21 01:22:13] [ERROR] API error: HTTPSConnectionPool(host='api.vsphone.com', port=443): Max retries exceeded with url: /vsphone/api/padApi/syncCmd (Caused by NameResolutionError("<urllib3.connection.HTTPSConnection object at 0x0000021F0FE04190>: Failed to resolve 'api.vsphone.com' ([Errno 11001] getaddrinfo failed)"))
[2025-11-21 01:22:13] [ERROR] API error: HTTPSConnectionPool(host='api.vsphone.com', port=443): Max retries exceeded with url: /vsphone/api/padApi/syncCmd (Caused by NameResolutionError("<urllib3.connection.HTTPSConnection object at 0x0000021F0FD83D90>: Failed to resolve 'api.vsphone.com' ([Errno 11001] getaddrinfo failed)"))
[2025-11-21 01:22:13] [ERROR] API error: HTTPSConnectionPool(host='api.vsphone.com', port=443): Max retries exceeded with url: /vsphone/api/padApi/syncCmd (Caused by NameResolutionError("<urllib3.connection.HTTPSConnection object at 0x0000021F0FE042D0>: Failed to resolve 'api.vsphone.com' ([Errno 11001] getaddrinfo failed)"))
[2025-11-21 01:22:13] [ERROR] API error: HTTPSConnectionPool(host='api.vsphone.com', port=443): Max retries exceeded with url: /vsphone/api/padApi/syncCmd (Caused by NameResolutionError("<urllib3.connection.HTTPSConnection object at 0x0000021F0FE04690>: Failed to resolve 'api.vsphone.com' ([Errno 11001] getaddrinfo failed)"))
[2025-11-21 01:22:13] [ERROR] API error: HTTPSConnectionPool(host='api.vsphone.com', port=443): Max retries exceeded with url: /vsphone/api/padApi/syncCmd (Caused by NameResolutionError("<urllib3.connection.HTTPSConnection object at 0x0000021F0FD83ED0>: Failed to resolve 'api.vsphone.com' ([Errno 11001] getaddrinfo failed)"))
[2025-11-21 01:22:13] [ERROR] API error: HTTPSConnectionPool(host='api.vsphone.com', port=443): Max retries exceeded with url: /vsphone/api/padApi/syncCmd (Caused by NameResolutionError("<urllib3.connection.HTTPSConnection object at 0x0000021F0FE04B90>: Failed to resolve 'api.vsphone.com' ([Errno 11001] getaddrinfo failed)"))
[2025-11-21 01:22:13] [ERROR] API error: HTTPSConnectionPool(host='api.vsphone.com', port=443): Max retries exceeded with url: /vsphone/api/padApi/syncCmd (Caused by NameResolutionError("<urllib3.connection.HTTPSConnection object at 0x0000021F0FE056D0>: Failed to resolve 'api.vsphone.com' ([Errno 11001] getaddrinfo failed)"))
[2025-11-21 01:22:13] [ERROR] API error: HTTPSConnectionPool(host='api.vsphone.com', port=443): Max retries exceeded with url: /vsphone/api/padApi/syncCmd (Caused by NameResolutionError("<urllib3.connection.HTTPSConnection object at 0x0000021F0FE04A50>: Failed to resolve 'api.vsphone.com' ([Errno 11001] getaddrinfo failed)"))
[2025-11-21 01:22:13] [ERROR] API error: HTTPSConnectionPool(host='api.vsphone.com', port=443): Max retries exceeded with url: /vsphone/api/padApi/syncCmd (Caused by NameResolutionError("<urllib3.connection.HTTPSConnection object at 0x0000021F0FE05F90>: Failed to resolve 'api.vsphone.com' ([Errno 11001] getaddrinfo failed)"))
[2025-11-21 01:22:13] [WARNING] DB Error updating status: bad parameter or other API misuse
[2025-11-21 01:22:13] [WARNING] DB Error updating status: bad parameter or other API misuse
[2025-11-21 01:22:13] [WARNING] DB Error updating status: bad parameter or other API misuse
[2025-11-21 01:22:13] [WARNING] DB Error updating status: bad parameter or other API misuse
[2025-11-21 01:22:13] [WARNING] ⚠️  kesatu > Roblox Clone kesatu: CRASH detected
[2025-11-21 01:22:13] [WARNING] ⚠️  kesatu > Roblox Clone kesatu: CRASH detected
[2025-11-21 01:22:13] [WARNING] ⚠️  kesatu > Roblox Clone kesatu: CRASH detected
[2025-11-21 01:22:13] [WARNING] ⚠️  kesatu > Roblox Clone kesatu: CRASH detected
[2025-11-21 01:22:13] [WARNING] ⚠️  kesatu > Roblox Clone kesatu: CRASH detected
[2025-11-21 01:22:13] [WARNING] ⚠️  kesatu > Roblox Clone kesatu: CRASH detected
[2025-11-21 01:22:13] [WARNING] ⚠️  kesatu > Roblox Clone kesatu: CRASH detected
[2025-11-21 01:22:13] [WARNING] ⚠️  kesatu > Roblox Clone kesatu: CRASH detected
[2025-11-21 01:22:13] [WARNING] ⚠️  kesatu > Roblox Clone kesatu: CRASH detected
[2025-11-21 01:22:13] [WARNING] ⚠️  kesatu > Roblox Clone kesatu: CRASH detected
[2025-11-21 01:22:28] [ERROR] API error: HTTPSConnectionPool(host='api.vsphone.com', port=443): Max retries exceeded with url: /vsphone/api/padApi/syncCmd (Caused by NameResolutionError("<urllib3.connection.HTTPSConnection object at 0x0000021F0FE5AE90>: Failed to resolve 'api.vsphone.com' ([Errno 11001] getaddrinfo failed)"))
[2025-11-21 01:22:28] [ERROR] API error: HTTPSConnectionPool(host='api.vsphone.com', port=443): Max retries exceeded with url: /vsphone/api/padApi/syncCmd (Caused by NameResolutionError("<urllib3.connection.HTTPSConnection object at 0x0000021F0FE5AFD0>: Failed to resolve 'api.vsphone.com' ([Errno 11001] getaddrinfo failed)"))
[2025-11-21 01:22:28] [ERROR] API error: HTTPSConnectionPool(host='api.vsphone.com', port=443): Max retries exceeded with url: /vsphone/api/padApi/syncCmd (Caused by NameResolutionError("<urllib3.connection.HTTPSConnection object at 0x0000021F0FE5B610>: Failed to resolve 'api.vsphone.com' ([Errno 11001] getaddrinfo failed)"))
[2025-11-21 01:22:28] [ERROR] API error: HTTPSConnectionPool(host='api.vsphone.com', port=443): Max retries exceeded with url: /vsphone/api/padApi/syncCmd (Caused by NameResolutionError("<urllib3.connection.HTTPSConnection object at 0x0000021F0FE5B9D0>: Failed to resolve 'api.vsphone.com' ([Errno 11001] getaddrinfo failed)"))
[2025-11-21 01:22:28] [ERROR] API error: HTTPSConnectionPool(host='api.vsphone.com', port=443): Max retries exceeded with url: /vsphone/api/padApi/syncCmd (Caused by NameResolutionError("<urllib3.connection.HTTPSConnection object at 0x0000021F0FE5BB10>: Failed to resolve 'api.vsphone.com' ([Errno 11001] getaddrinfo failed)"))
[2025-11-21 01:22:28] [ERROR] API error: HTTPSConnectionPool(host='api.vsphone.com', port=443): Max retries exceeded with url: /vsphone/api/padApi/syncCmd (Caused by NameResolutionError("<urllib3.connection.HTTPSConnection object at 0x0000021F0FEC4190>: Failed to resolve 'api.vsphone.com' ([Errno 11001] getaddrinfo failed)"))
[2025-11-21 01:22:28] [ERROR] API error: HTTPSConnectionPool(host='api.vsphone.com', port=443): Max retries exceeded with url: /vsphone/api/padApi/syncCmd (Caused by NameResolutionError("<urllib3.connection.HTTPSConnection object at 0x0000021F0FEC4550>: Failed to resolve 'api.vsphone.com' ([Errno 11001] getaddrinfo failed)"))
[2025-11-21 01:22:28] [ERROR] API error: HTTPSConnectionPool(host='api.vsphone.com', port=443): Max retries exceeded with url: /vsphone/api/padApi/syncCmd (Caused by NameResolutionError("<urllib3.connection.HTTPSConnection object at 0x0000021F0FEC4910>: Failed to resolve 'api.vsphone.com' ([Errno 11001] getaddrinfo failed)"))
[2025-11-21 01:22:28] [ERROR] API error: HTTPSConnectionPool(host='api.vsphone.com', port=443): Max retries exceeded with url: /vsphone/api/padApi/syncCmd (Caused by NameResolutionError("<urllib3.connection.HTTPSConnection object at 0x0000021F0FEC4CD0>: Failed to resolve 'api.vsphone.com' ([Errno 11001] getaddrinfo failed)"))
[2025-11-21 01:22:28] [ERROR] API error: HTTPSConnectionPool(host='api.vsphone.com', port=443): Max retries exceeded with url: /vsphone/api/padApi/syncCmd (Caused by NameResolutionError("<urllib3.connection.HTTPSConnection object at 0x0000021F0FEC4E10>: Failed to resolve 'api.vsphone.com' ([Errno 11001] getaddrinfo failed)"))
[2025-11-21 01:22:28] [ERROR] ❌ kesatu > Roblox Clone kesatu: Fix failed - API call failed
[2025-11-21 01:22:28] [ERROR] ❌ kesatu > Roblox Clone kesatu: Fix failed - API call failed
[2025-11-21 01:22:28] [ERROR] ❌ kesatu > Roblox Clone kesatu: Fix failed - API call failed
[2025-11-21 01:22:28] [ERROR] ❌ kesatu > Roblox Clone kesatu: Fix failed - API call failed
[2025-11-21 01:22:28] [ERROR] ❌ kesatu > Roblox Clone kesatu: Fix failed - API call failed
[2025-11-21 01:22:28] [WARNING] DB Error: error return without exception set
[2025-11-21 01:22:28] [ERROR] ❌ kesatu > Roblox Clone kesatu: Fix failed - API call failed
[2025-11-21 01:22:28] [ERROR] ❌ kesatu > Roblox Clone kesatu: Fix failed - API call failed
[2025-11-21 01:22:28] [ERROR] ❌ kesatu > Roblox Clone kesatu: Fix failed - API call failed
[2025-11-21 01:22:28] [ERROR] ❌ kesatu > Roblox Clone kesatu: Fix failed - API call failed
[2025-11-21 01:22:28] [ERROR] ❌ kesatu > Roblox Clone kesatu: Fix failed - API call failed
[2025-11-21 01:23:07] [ERROR] API error: HTTPSConnectionPool(host='api.vsphone.com', port=443): Max retries exceeded with url: /vsphone/api/padApi/syncCmd (Caused by NameResolutionError("<urllib3.connection.HTTPSConnection object at 0x0000021F0FF55F90>: Failed to resolve 'api.vsphone.com' ([Errno 11001] getaddrinfo failed)"))
[2025-11-21 01:23:07] [ERROR] API error: HTTPSConnectionPool(host='api.vsphone.com', port=443): Max retries exceeded with url: /vsphone/api/padApi/syncCmd (Caused by NameResolutionError("<urllib3.connection.HTTPSConnection object at 0x0000021F0FE5AD50>: Failed to resolve 'api.vsphone.com' ([Errno 11001] getaddrinfo failed)"))
[2025-11-21 01:23:07] [ERROR] API error: HTTPSConnectionPool(host='api.vsphone.com', port=443): Max retries exceeded with url: /vsphone/api/padApi/syncCmd (Caused by NameResolutionError("<urllib3.connection.HTTPSConnection object at 0x0000021F0FE5A710>: Failed to resolve 'api.vsphone.com' ([Errno 11001] getaddrinfo failed)"))
[2025-11-21 01:23:07] [ERROR] API error: HTTPSConnectionPool(host='api.vsphone.com', port=443): Max retries exceeded with url: /vsphone/api/padApi/syncCmd (Caused by NameResolutionError("<urllib3.connection.HTTPSConnection object at 0x0000021F0FE5AC10>: Failed to resolve 'api.vsphone.com' ([Errno 11001] getaddrinfo failed)"))
[2025-11-21 01:23:07] [ERROR] API error: HTTPSConnectionPool(host='api.vsphone.com', port=443): Max retries exceeded with url: /vsphone/api/padApi/syncCmd (Caused by NameResolutionError("<urllib3.connection.HTTPSConnection object at 0x0000021F0FE5AAD0>: Failed to resolve 'api.vsphone.com' ([Errno 11001] getaddrinfo failed)"))
[2025-11-21 01:23:07] [ERROR] API error: HTTPSConnectionPool(host='api.vsphone.com', port=443): Max retries exceeded with url: /vsphone/api/padApi/syncCmd (Caused by NameResolutionError("<urllib3.connection.HTTPSConnection object at 0x0000021F0FE5A490>: Failed to resolve 'api.vsphone.com' ([Errno 11001] getaddrinfo failed)"))
[2025-11-21 01:23:07] [ERROR] API error: HTTPSConnectionPool(host='api.vsphone.com', port=443): Max retries exceeded with url: /vsphone/api/padApi/syncCmd (Caused by NameResolutionError("<urllib3.connection.HTTPSConnection object at 0x0000021F0FE5A850>: Failed to resolve 'api.vsphone.com' ([Errno 11001] getaddrinfo failed)"))
[2025-11-21 01:23:07] [ERROR] API error: HTTPSConnectionPool(host='api.vsphone.com', port=443): Max retries exceeded with url: /vsphone/api/padApi/syncCmd (Caused by NameResolutionError("<urllib3.connection.HTTPSConnection object at 0x0000021F0FE5A990>: Failed to resolve 'api.vsphone.com' ([Errno 11001] getaddrinfo failed)"))
[2025-11-21 01:23:07] [ERROR] API error: HTTPSConnectionPool(host='api.vsphone.com', port=443): Max retries exceeded with url: /vsphone/api/padApi/syncCmd (Caused by NameResolutionError("<urllib3.connection.HTTPSConnection object at 0x0000021F0FE5A0D0>: Failed to resolve 'api.vsphone.com' ([Errno 11001] getaddrinfo failed)"))
[2025-11-21 01:23:07] [ERROR] API error: HTTPSConnectionPool(host='api.vsphone.com', port=443): Max retries exceeded with url: /vsphone/api/padApi/syncCmd (Caused by NameResolutionError("<urllib3.connection.HTTPSConnection object at 0x0000021F0FE5A5D0>: Failed to resolve 'api.vsphone.com' ([Errno 11001] getaddrinfo failed)"))
[2025-11-21 01:23:07] [WARNING] ⚠️  ampunbg > Roblox Clone ampunbg: CRASH detected
[2025-11-21 01:23:07] [WARNING] DB Error updating status: bad parameter or other API misuse
[2025-11-21 01:23:07] [WARNING] DB Error updating status: bad parameter or other API misuse
[2025-11-21 01:23:07] [WARNING] DB Error updating status: UNIQUE constraint failed: clone_status.clone_key
[2025-11-21 01:23:07] [WARNING] DB Error updating status: bad parameter or other API misuse
[2025-11-21 01:23:07] [WARNING] DB Error updating status: bad parameter or other API misuse
[2025-11-21 01:23:07] [WARNING] ⚠️  ampunbg > Roblox Clone ampunbg: CRASH detected
[2025-11-21 01:23:07] [WARNING] ⚠️  ampunbg > Roblox Clone ampunbg: CRASH detected
[2025-11-21 01:23:07] [WARNING] ⚠️  ampunbg > Roblox Clone ampunbg: CRASH detected
[2025-11-21 01:23:07] [WARNING] ⚠️  ampunbg > Roblox Clone ampunbg: CRASH detected
[2025-11-21 01:23:07] [WARNING] ⚠️  ampunbg > Roblox Clone ampunbg: CRASH detected
[2025-11-21 01:23:07] [WARNING] ⚠️  ampunbg > Roblox Clone ampunbg: CRASH detected
[2025-11-21 01:23:07] [WARNING] ⚠️  ampunbg > Roblox Clone ampunbg: CRASH detected
[2025-11-21 01:23:07] [WARNING] ⚠️  ampunbg > Roblox Clone ampunbg: CRASH detected
[2025-11-21 01:23:07] [WARNING] ⚠️  ampunbg > Roblox Clone ampunbg: CRASH detected
[2025-11-21 01:23:34] [ERROR] API error: HTTPSConnectionPool(host='api.vsphone.com', port=443): Max retries exceeded with url: /vsphone/api/padApi/syncCmd (Caused by NameResolutionError("<urllib3.connection.HTTPSConnection object at 0x0000021F0FF57D90>: Failed to resolve 'api.vsphone.com' ([Errno 11001] getaddrinfo failed)"))
[2025-11-21 01:23:34] [ERROR] API error: HTTPSConnectionPool(host='api.vsphone.com', port=443): Max retries exceeded with url: /vsphone/api/padApi/syncCmd (Caused by NameResolutionError("<urllib3.connection.HTTPSConnection object at 0x0000021F0ECBC190>: Failed to resolve 'api.vsphone.com' ([Errno 11001] getaddrinfo failed)"))
[2025-11-21 01:23:34] [ERROR] API error: HTTPSConnectionPool(host='api.vsphone.com', port=443): Max retries exceeded with url: /vsphone/api/padApi/syncCmd (Caused by NameResolutionError("<urllib3.connection.HTTPSConnection object at 0x0000021F0FF57ED0>: Failed to resolve 'api.vsphone.com' ([Errno 11001] getaddrinfo failed)"))
[2025-11-21 01:23:34] [ERROR] API error: HTTPSConnectionPool(host='api.vsphone.com', port=443): Max retries exceeded with url: /vsphone/api/padApi/syncCmd (Caused by NameResolutionError("<urllib3.connection.HTTPSConnection object at 0x0000021F0ECBC550>: Failed to resolve 'api.vsphone.com' ([Errno 11001] getaddrinfo failed)"))
[2025-11-21 01:23:34] [ERROR] API error: HTTPSConnectionPool(host='api.vsphone.com', port=443): Max retries exceeded with url: /vsphone/api/padApi/syncCmd (Caused by NameResolutionError("<urllib3.connection.HTTPSConnection object at 0x0000021F0ECBC2D0>: Failed to resolve 'api.vsphone.com' ([Errno 11001] getaddrinfo failed)"))
[2025-11-21 01:23:34] [ERROR] API error: HTTPSConnectionPool(host='api.vsphone.com', port=443): Max retries exceeded with url: /vsphone/api/padApi/syncCmd (Caused by NameResolutionError("<urllib3.connection.HTTPSConnection object at 0x0000021F0ECBC410>: Failed to resolve 'api.vsphone.com' ([Errno 11001] getaddrinfo failed)"))
[2025-11-21 01:23:34] [ERROR] API error: HTTPSConnectionPool(host='api.vsphone.com', port=443): Max retries exceeded with url: /vsphone/api/padApi/syncCmd (Caused by NameResolutionError("<urllib3.connection.HTTPSConnection object at 0x0000021F0ECBC690>: Failed to resolve 'api.vsphone.com' ([Errno 11001] getaddrinfo failed)"))
[2025-11-21 01:23:34] [ERROR] API error: HTTPSConnectionPool(host='api.vsphone.com', port=443): Max retries exceeded with url: /vsphone/api/padApi/syncCmd (Caused by NameResolutionError("<urllib3.connection.HTTPSConnection object at 0x0000021F0ECBC7D0>: Failed to resolve 'api.vsphone.com' ([Errno 11001] getaddrinfo failed)"))
[2025-11-21 01:23:34] [ERROR] API error: HTTPSConnectionPool(host='api.vsphone.com', port=443): Max retries exceeded with url: /vsphone/api/padApi/syncCmd (Caused by NameResolutionError("<urllib3.connection.HTTPSConnection object at 0x0000021F0ECBC910>: Failed to resolve 'api.vsphone.com' ([Errno 11001] getaddrinfo failed)"))
[2025-11-21 01:23:34] [ERROR] API error: HTTPSConnectionPool(host='api.vsphone.com', port=443): Max retries exceeded with url: /vsphone/api/padApi/syncCmd (Caused by NameResolutionError("<urllib3.connection.HTTPSConnection object at 0x0000021F0ECBC050>: Failed to resolve 'api.vsphone.com' ([Errno 11001] getaddrinfo failed)"))
[2025-11-21 01:23:34] [ERROR] ❌ ampunbg > Roblox Clone ampunbg: Fix failed - API call failed
[2025-11-21 01:23:34] [ERROR] ❌ ampunbg > Roblox Clone ampunbg: Fix failed - API call failed
[2025-11-21 01:23:34] [ERROR] ❌ ampunbg > Roblox Clone ampunbg: Fix failed - API call failed
[2025-11-21 01:23:34] [ERROR] ❌ ampunbg > Roblox Clone ampunbg: Fix failed - API call failed
[2025-11-21 01:23:34] [ERROR] ❌ ampunbg > Roblox Clone ampunbg: Fix failed - API call failed
[2025-11-21 01:23:34] [ERROR] ❌ ampunbg > Roblox Clone ampunbg: Fix failed - API call failed
[2025-11-21 01:23:34] [ERROR] ❌ ampunbg > Roblox Clone ampunbg: Fix failed - API call failed
[2025-11-21 01:23:34] [ERROR] ❌ ampunbg > Roblox Clone ampunbg: Fix failed - API call failed
[2025-11-21 01:23:34] [ERROR] ❌ ampunbg > Roblox Clone ampunbg: Fix failed - API call failed
[2025-11-21 01:23:34] [ERROR] ❌ ampunbg > Roblox Clone ampunbg: Fix failed - API call failed
[2025-11-21 01:23:34] [INFO] 
────────────────────────────────────────────────────────────
[2025-11-21 01:23:34] [INFO] ✅ Cycle Complete (236.4s)
[2025-11-21 01:23:34] [INFO]    Healthy: 0
[2025-11-21 01:23:34] [WARNING]    ⚠️  Failed to fix: 30
[2025-11-21 01:23:34] [INFO] ────────────────────────────────────────────────────────────
[2025-11-21 01:23:34] [INFO] 
💤 Waiting 30s for next cycle...
[2025-11-21 01:24:04] [INFO] 
🔍 Starting check cycle for 30 clones...
[2025-11-21 01:24:19] [ERROR] API error: HTTPSConnectionPool(host='api.vsphone.com', port=443): Max retries exceeded with url: /vsphone/api/padApi/syncCmd (Caused by NameResolutionError("<urllib3.connection.HTTPSConnection object at 0x0000021F0FDD6E90>: Failed to resolve 'api.vsphone.com' ([Errno 11001] getaddrinfo failed)"))
[2025-11-21 01:24:19] [ERROR] API error: HTTPSConnectionPool(host='api.vsphone.com', port=443): Max retries exceeded with url: /vsphone/api/padApi/syncCmd (Caused by NameResolutionError("<urllib3.connection.HTTPSConnection object at 0x0000021F0FDD7250>: Failed to resolve 'api.vsphone.com' ([Errno 11001] getaddrinfo failed)"))
[2025-11-21 01:24:19] [WARNING] ⚠️  13-2 > Roblox Clone 13-2: CRASH detected
[2025-11-21 01:24:19] [ERROR] API error: HTTPSConnectionPool(host='api.vsphone.com', port=443): Max retries exceeded with url: /vsphone/api/padApi/syncCmd (Caused by NameResolutionError("<urllib3.connection.HTTPSConnection object at 0x0000021F0FDD7610>: Failed to resolve 'api.vsphone.com' ([Errno 11001] getaddrinfo failed)"))
[2025-11-21 01:24:19] [WARNING] ⚠️  13-2 > Roblox Clone 13-2: CRASH detected
[2025-11-21 01:24:19] [ERROR] API error: HTTPSConnectionPool(host='api.vsphone.com', port=443): Max retries exceeded with url: /vsphone/api/padApi/syncCmd (Caused by NameResolutionError("<urllib3.connection.HTTPSConnection object at 0x0000021F0FDD79D0>: Failed to resolve 'api.vsphone.com' ([Errno 11001] getaddrinfo failed)"))
[2025-11-21 01:24:19] [ERROR] API error: HTTPSConnectionPool(host='api.vsphone.com', port=443): Max retries exceeded with url: /vsphone/api/padApi/syncCmd (Caused by NameResolutionError("<urllib3.connection.HTTPSConnection object at 0x0000021F0FDD7B10>: Failed to resolve 'api.vsphone.com' ([Errno 11001] getaddrinfo failed)"))
[2025-11-21 01:24:19] [ERROR] API error: HTTPSConnectionPool(host='api.vsphone.com', port=443): Max retries exceeded with url: /vsphone/api/padApi/syncCmd (Caused by NameResolutionError("<urllib3.connection.HTTPSConnection object at 0x0000021F0FD7C550>: Failed to resolve 'api.vsphone.com' ([Errno 11001] getaddrinfo failed)"))
[2025-11-21 01:24:19] [ERROR] API error: HTTPSConnectionPool(host='api.vsphone.com', port=443): Max retries exceeded with url: /vsphone/api/padApi/syncCmd (Caused by NameResolutionError("<urllib3.connection.HTTPSConnection object at 0x0000021F0FD7C910>: Failed to resolve 'api.vsphone.com' ([Errno 11001] getaddrinfo failed)"))
[2025-11-21 01:24:19] [ERROR] API error: HTTPSConnectionPool(host='api.vsphone.com', port=443): Max retries exceeded with url: /vsphone/api/padApi/syncCmd (Caused by NameResolutionError("<urllib3.connection.HTTPSConnection object at 0x0000021F0FDD7750>: Failed to resolve 'api.vsphone.com' ([Errno 11001] getaddrinfo failed)"))
[2025-11-21 01:24:19] [WARNING] ⚠️  13-2 > Roblox Clone 13-2: CRASH detected
[2025-11-21 01:24:19] [ERROR] API error: HTTPSConnectionPool(host='api.vsphone.com', port=443): Max retries exceeded with url: /vsphone/api/padApi/syncCmd (Caused by NameResolutionError("<urllib3.connection.HTTPSConnection object at 0x0000021F0FDD6FD0>: Failed to resolve 'api.vsphone.com' ([Errno 11001] getaddrinfo failed)"))
[2025-11-21 01:24:19] [ERROR] API error: HTTPSConnectionPool(host='api.vsphone.com', port=443): Max retries exceeded with url: /vsphone/api/padApi/syncCmd (Caused by NameResolutionError("<urllib3.connection.HTTPSConnection object at 0x0000021F0FD7CA50>: Failed to resolve 'api.vsphone.com' ([Errno 11001] getaddrinfo failed)"))
[2025-11-21 01:24:19] [WARNING] ⚠️  13-2 > Roblox Clone 13-2: CRASH detected
[2025-11-21 01:24:19] [WARNING] DB Error updating status: bad parameter or other API misuse
[2025-11-21 01:24:19] [WARNING] ⚠️  13-2 > Roblox Clone 13-2: CRASH detected
[2025-11-21 01:24:19] [WARNING] ⚠️  13-2 > Roblox Clone 13-2: CRASH detected
[2025-11-21 01:24:19] [WARNING] ⚠️  13-2 > Roblox Clone 13-2: CRASH detected
[2025-11-21 01:24:19] [WARNING] ⚠️  13-2 > Roblox Clone 13-2: CRASH detected
[2025-11-21 01:24:19] [WARNING] ⚠️  13-2 > Roblox Clone 13-2: CRASH detected
[2025-11-21 01:24:19] [WARNING] ⚠️  13-2 > Roblox Clone 13-2: CRASH detected
[2025-11-21 01:24:34] [ERROR] API error: HTTPSConnectionPool(host='api.vsphone.com', port=443): Max retries exceeded with url: /vsphone/api/padApi/syncCmd (Caused by NameResolutionError("<urllib3.connection.HTTPSConnection object at 0x0000021F0FCE6AD0>: Failed to resolve 'api.vsphone.com' ([Errno 11001] getaddrinfo failed)"))
[2025-11-21 01:24:34] [ERROR] API error: HTTPSConnectionPool(host='api.vsphone.com', port=443): Max retries exceeded with url: /vsphone/api/padApi/syncCmd (Caused by NameResolutionError("<urllib3.connection.HTTPSConnection object at 0x0000021F0FCE6E90>: Failed to resolve 'api.vsphone.com' ([Errno 11001] getaddrinfo failed)"))
[2025-11-21 01:24:34] [ERROR] ❌ 13-2 > Roblox Clone 13-2: Fix failed - API call failed
[2025-11-21 01:24:34] [ERROR] API error: HTTPSConnectionPool(host='api.vsphone.com', port=443): Max retries exceeded with url: /vsphone/api/padApi/syncCmd (Caused by NameResolutionError("<urllib3.connection.HTTPSConnection object at 0x0000021F0FCE7250>: Failed to resolve 'api.vsphone.com' ([Errno 11001] getaddrinfo failed)"))
[2025-11-21 01:24:34] [ERROR] ❌ 13-2 > Roblox Clone 13-2: Fix failed - API call failed
[2025-11-21 01:24:34] [ERROR] ❌ 13-2 > Roblox Clone 13-2: Fix failed - API call failed
[2025-11-21 01:24:34] [ERROR] API error: HTTPSConnectionPool(host='api.vsphone.com', port=443): Max retries exceeded with url: /vsphone/api/padApi/syncCmd (Caused by NameResolutionError("<urllib3.connection.HTTPSConnection object at 0x0000021F0FCE7ED0>: Failed to resolve 'api.vsphone.com' ([Errno 11001] getaddrinfo failed)"))
[2025-11-21 01:24:34] [ERROR] API error: HTTPSConnectionPool(host='api.vsphone.com', port=443): Max retries exceeded with url: /vsphone/api/padApi/syncCmd (Caused by NameResolutionError("<urllib3.connection.HTTPSConnection object at 0x0000021F0FFC0050>: Failed to resolve 'api.vsphone.com' ([Errno 11001] getaddrinfo failed)"))
[2025-11-21 01:24:34] [ERROR] API error: HTTPSConnectionPool(host='api.vsphone.com', port=443): Max retries exceeded with url: /vsphone/api/padApi/syncCmd (Caused by NameResolutionError("<urllib3.connection.HTTPSConnection object at 0x0000021F0FCE7D90>: Failed to resolve 'api.vsphone.com' ([Errno 11001] getaddrinfo failed)"))
[2025-11-21 01:24:34] [ERROR] API error: HTTPSConnectionPool(host='api.vsphone.com', port=443): Max retries exceeded with url: /vsphone/api/padApi/syncCmd (Caused by NameResolutionError("<urllib3.connection.HTTPSConnection object at 0x0000021F0FFC0190>: Failed to resolve 'api.vsphone.com' ([Errno 11001] getaddrinfo failed)"))
[2025-11-21 01:24:34] [ERROR] API error: HTTPSConnectionPool(host='api.vsphone.com', port=443): Max retries exceeded with url: /vsphone/api/padApi/syncCmd (Caused by NameResolutionError("<urllib3.connection.HTTPSConnection object at 0x0000021F0FCE74D0>: Failed to resolve 'api.vsphone.com' ([Errno 11001] getaddrinfo failed)"))
[2025-11-21 01:24:34] [ERROR] API error: HTTPSConnectionPool(host='api.vsphone.com', port=443): Max retries exceeded with url: /vsphone/api/padApi/syncCmd (Caused by NameResolutionError("<urllib3.connection.HTTPSConnection object at 0x0000021F0FCE7250>: Failed to resolve 'api.vsphone.com' ([Errno 11001] getaddrinfo failed)"))
[2025-11-21 01:24:34] [ERROR] API error: HTTPSConnectionPool(host='api.vsphone.com', port=443): Max retries exceeded with url: /vsphone/api/padApi/syncCmd (Caused by NameResolutionError("<urllib3.connection.HTTPSConnection object at 0x0000021F0FCE6E90>: Failed to resolve 'api.vsphone.com' ([Errno 11001] getaddrinfo failed)"))
[2025-11-21 01:24:34] [ERROR] ❌ 13-2 > Roblox Clone 13-2: Fix failed - API call failed
[2025-11-21 01:24:34] [ERROR] ❌ 13-2 > Roblox Clone 13-2: Fix failed - API call failed
[2025-11-21 01:24:34] [WARNING] DB Error: bad parameter or other API misuse
[2025-11-21 01:24:34] [WARNING] DB Error: bad parameter or other API misuse
[2025-11-21 01:24:34] [ERROR] ❌ 13-2 > Roblox Clone 13-2: Fix failed - API call failed
[2025-11-21 01:24:34] [ERROR] ❌ 13-2 > Roblox Clone 13-2: Fix failed - API call failed
[2025-11-21 01:24:34] [ERROR] ❌ 13-2 > Roblox Clone 13-2: Fix failed - API call failed
[2025-11-21 01:24:34] [ERROR] ❌ 13-2 > Roblox Clone 13-2: Fix failed - API call failed
[2025-11-21 01:24:34] [ERROR] ❌ 13-2 > Roblox Clone 13-2: Fix failed - API call failed
[2025-11-21 01:24:49] [ERROR] API error: HTTPSConnectionPool(host='api.vsphone.com', port=443): Max retries exceeded with url: /vsphone/api/padApi/syncCmd (Caused by NameResolutionError("<urllib3.connection.HTTPSConnection object at 0x0000021F10032AD0>: Failed to resolve 'api.vsphone.com' ([Errno 11001] getaddrinfo failed)"))
[2025-11-21 01:24:49] [ERROR] API error: HTTPSConnectionPool(host='api.vsphone.com', port=443): Max retries exceeded with url: /vsphone/api/padApi/syncCmd (Caused by NameResolutionError("<urllib3.connection.HTTPSConnection object at 0x0000021F10032C10>: Failed to resolve 'api.vsphone.com' ([Errno 11001] getaddrinfo failed)"))
[2025-11-21 01:24:49] [WARNING] ⚠️  kesatu > Roblox Clone kesatu: CRASH detected
[2025-11-21 01:24:49] [WARNING] ⚠️  kesatu > Roblox Clone kesatu: CRASH detected
[2025-11-21 01:24:49] [ERROR] API error: HTTPSConnectionPool(host='api.vsphone.com', port=443): Max retries exceeded with url: /vsphone/api/padApi/syncCmd (Caused by NameResolutionError("<urllib3.connection.HTTPSConnection object at 0x0000021F10033750>: Failed to resolve 'api.vsphone.com' ([Errno 11001] getaddrinfo failed)"))
[2025-11-21 01:24:49] [WARNING] ⚠️  kesatu > Roblox Clone kesatu: CRASH detected
[2025-11-21 01:24:49] [ERROR] API error: HTTPSConnectionPool(host='api.vsphone.com', port=443): Max retries exceeded with url: /vsphone/api/padApi/syncCmd (Caused by NameResolutionError("<urllib3.connection.HTTPSConnection object at 0x0000021F10033D90>: Failed to resolve 'api.vsphone.com' ([Errno 11001] getaddrinfo failed)"))
[2025-11-21 01:24:49] [ERROR] API error: HTTPSConnectionPool(host='api.vsphone.com', port=443): Max retries exceeded with url: /vsphone/api/padApi/syncCmd (Caused by NameResolutionError("<urllib3.connection.HTTPSConnection object at 0x0000021F100A42D0>: Failed to resolve 'api.vsphone.com' ([Errno 11001] getaddrinfo failed)"))
[2025-11-21 01:24:49] [ERROR] API error: HTTPSConnectionPool(host='api.vsphone.com', port=443): Max retries exceeded with url: /vsphone/api/padApi/syncCmd (Caused by NameResolutionError("<urllib3.connection.HTTPSConnection object at 0x0000021F100A4410>: Failed to resolve 'api.vsphone.com' ([Errno 11001] getaddrinfo failed)"))
[2025-11-21 01:24:49] [ERROR] API error: HTTPSConnectionPool(host='api.vsphone.com', port=443): Max retries exceeded with url: /vsphone/api/padApi/syncCmd (Caused by NameResolutionError("<urllib3.connection.HTTPSConnection object at 0x0000021F10032FD0>: Failed to resolve 'api.vsphone.com' ([Errno 11001] getaddrinfo failed)"))
[2025-11-21 01:24:49] [ERROR] API error: HTTPSConnectionPool(host='api.vsphone.com', port=443): Max retries exceeded with url: /vsphone/api/padApi/syncCmd (Caused by NameResolutionError("<urllib3.connection.HTTPSConnection object at 0x0000021F10032E90>: Failed to resolve 'api.vsphone.com' ([Errno 11001] getaddrinfo failed)"))
[2025-11-21 01:24:49] [ERROR] API error: HTTPSConnectionPool(host='api.vsphone.com', port=443): Max retries exceeded with url: /vsphone/api/padApi/syncCmd (Caused by NameResolutionError("<urllib3.connection.HTTPSConnection object at 0x0000021F10032C10>: Failed to resolve 'api.vsphone.com' ([Errno 11001] getaddrinfo failed)"))
[2025-11-21 01:24:49] [ERROR] API error: HTTPSConnectionPool(host='api.vsphone.com', port=443): Max retries exceeded with url: /vsphone/api/padApi/syncCmd (Caused by NameResolutionError("<urllib3.connection.HTTPSConnection object at 0x0000021F10030CD0>: Failed to resolve 'api.vsphone.com' ([Errno 11001] getaddrinfo failed)"))
[2025-11-21 01:24:49] [WARNING] ⚠️  kesatu > Roblox Clone kesatu: CRASH detected
[2025-11-21 01:24:49] [WARNING] ⚠️  kesatu > Roblox Clone kesatu: CRASH detected
[2025-11-21 01:24:49] [WARNING] DB Error updating status: bad parameter or other API misuse
[2025-11-21 01:24:49] [WARNING] ⚠️  kesatu > Roblox Clone kesatu: CRASH detected
[2025-11-21 01:24:49] [WARNING] ⚠️  kesatu > Roblox Clone kesatu: CRASH detected
[2025-11-21 01:24:49] [WARNING] ⚠️  kesatu > Roblox Clone kesatu: CRASH detected
[2025-11-21 01:24:49] [WARNING] ⚠️  kesatu > Roblox Clone kesatu: CRASH detected
[2025-11-21 01:24:49] [WARNING] ⚠️  kesatu > Roblox Clone kesatu: CRASH detected
[2025-11-21 01:25:04] [ERROR] API error: HTTPSConnectionPool(host='api.vsphone.com', port=443): Max retries exceeded with url: /vsphone/api/padApi/syncCmd (Caused by NameResolutionError("<urllib3.connection.HTTPSConnection object at 0x0000021F0FCE4B90>: Failed to resolve 'api.vsphone.com' ([Errno 11001] getaddrinfo failed)"))
[2025-11-21 01:25:04] [ERROR] API error: HTTPSConnectionPool(host='api.vsphone.com', port=443): Max retries exceeded with url: /vsphone/api/padApi/syncCmd (Caused by NameResolutionError("<urllib3.connection.HTTPSConnection object at 0x0000021F0FCE4910>: Failed to resolve 'api.vsphone.com' ([Errno 11001] getaddrinfo failed)"))
[2025-11-21 01:25:04] [ERROR] ❌ kesatu > Roblox Clone kesatu: Fix failed - API call failed
[2025-11-21 01:25:04] [ERROR] ❌ kesatu > Roblox Clone kesatu: Fix failed - API call failed
[2025-11-21 01:25:04] [ERROR] API error: HTTPSConnectionPool(host='api.vsphone.com', port=443): Max retries exceeded with url: /vsphone/api/padApi/syncCmd (Caused by NameResolutionError("<urllib3.connection.HTTPSConnection object at 0x0000021F0FF57C50>: Failed to resolve 'api.vsphone.com' ([Errno 11001] getaddrinfo failed)"))
[2025-11-21 01:25:04] [ERROR] ❌ kesatu > Roblox Clone kesatu: Fix failed - API call failed
[2025-11-21 01:25:04] [ERROR] API error: HTTPSConnectionPool(host='api.vsphone.com', port=443): Max retries exceeded with url: /vsphone/api/padApi/syncCmd (Caused by NameResolutionError("<urllib3.connection.HTTPSConnection object at 0x0000021F0FF57750>: Failed to resolve 'api.vsphone.com' ([Errno 11001] getaddrinfo failed)"))
[2025-11-21 01:25:04] [ERROR] API error: HTTPSConnectionPool(host='api.vsphone.com', port=443): Max retries exceeded with url: /vsphone/api/padApi/syncCmd (Caused by NameResolutionError("<urllib3.connection.HTTPSConnection object at 0x0000021F0FF57250>: Failed to resolve 'api.vsphone.com' ([Errno 11001] getaddrinfo failed)"))
[2025-11-21 01:25:04] [ERROR] API error: HTTPSConnectionPool(host='api.vsphone.com', port=443): Max retries exceeded with url: /vsphone/api/padApi/syncCmd (Caused by NameResolutionError("<urllib3.connection.HTTPSConnection object at 0x0000021F0FF56AD0>: Failed to resolve 'api.vsphone.com' ([Errno 11001] getaddrinfo failed)"))
[2025-11-21 01:25:04] [ERROR] API error: HTTPSConnectionPool(host='api.vsphone.com', port=443): Max retries exceeded with url: /vsphone/api/padApi/syncCmd (Caused by NameResolutionError("<urllib3.connection.HTTPSConnection object at 0x0000021F0FF56D50>: Failed to resolve 'api.vsphone.com' ([Errno 11001] getaddrinfo failed)"))
[2025-11-21 01:25:04] [ERROR] API error: HTTPSConnectionPool(host='api.vsphone.com', port=443): Max retries exceeded with url: /vsphone/api/padApi/syncCmd (Caused by NameResolutionError("<urllib3.connection.HTTPSConnection object at 0x0000021F0FF56350>: Failed to resolve 'api.vsphone.com' ([Errno 11001] getaddrinfo failed)"))
[2025-11-21 01:25:04] [ERROR] API error: HTTPSConnectionPool(host='api.vsphone.com', port=443): Max retries exceeded with url: /vsphone/api/padApi/syncCmd (Caused by NameResolutionError("<urllib3.connection.HTTPSConnection object at 0x0000021F0FF56710>: Failed to resolve 'api.vsphone.com' ([Errno 11001] getaddrinfo failed)"))
[2025-11-21 01:25:04] [ERROR] API error: HTTPSConnectionPool(host='api.vsphone.com', port=443): Max retries exceeded with url: /vsphone/api/padApi/syncCmd (Caused by NameResolutionError("<urllib3.connection.HTTPSConnection object at 0x0000021F0FF565D0>: Failed to resolve 'api.vsphone.com' ([Errno 11001] getaddrinfo failed)"))
[2025-11-21 01:25:04] [ERROR] ❌ kesatu > Roblox Clone kesatu: Fix failed - API call failed
[2025-11-21 01:25:04] [WARNING] DB Error: bad parameter or other API misuse
[2025-11-21 01:25:04] [ERROR] ❌ kesatu > Roblox Clone kesatu: Fix failed - API call failed
[2025-11-21 01:25:04] [ERROR] ❌ kesatu > Roblox Clone kesatu: Fix failed - API call failed
[2025-11-21 01:25:04] [WARNING] DB Error: bad parameter or other API misuse
[2025-11-21 01:25:04] [ERROR] ❌ kesatu > Roblox Clone kesatu: Fix failed - API call failed
[2025-11-21 01:25:04] [ERROR] ❌ kesatu > Roblox Clone kesatu: Fix failed - API call failed
[2025-11-21 01:25:04] [ERROR] ❌ kesatu > Roblox Clone kesatu: Fix failed - API call failed
[2025-11-21 01:25:04] [ERROR] ❌ kesatu > Roblox Clone kesatu: Fix failed - API call failed
[2025-11-21 01:25:19] [ERROR] API error: HTTPSConnectionPool(host='api.vsphone.com', port=443): Max retries exceeded with url: /vsphone/api/padApi/syncCmd (Caused by NameResolutionError("<urllib3.connection.HTTPSConnection object at 0x0000021F0FE5A850>: Failed to resolve 'api.vsphone.com' ([Errno 11001] getaddrinfo failed)"))
[2025-11-21 01:25:19] [ERROR] API error: HTTPSConnectionPool(host='api.vsphone.com', port=443): Max retries exceeded with url: /vsphone/api/padApi/syncCmd (Caused by NameResolutionError("<urllib3.connection.HTTPSConnection object at 0x0000021F0FE5A990>: Failed to resolve 'api.vsphone.com' ([Errno 11001] getaddrinfo failed)"))
[2025-11-21 01:25:19] [WARNING] ⚠️  ampunbg > Roblox Clone ampunbg: CRASH detected
[2025-11-21 01:25:19] [WARNING] ⚠️  ampunbg > Roblox Clone ampunbg: CRASH detected
[2025-11-21 01:25:19] [ERROR] API error: HTTPSConnectionPool(host='api.vsphone.com', port=443): Max retries exceeded with url: /vsphone/api/padApi/syncCmd (Caused by NameResolutionError("<urllib3.connection.HTTPSConnection object at 0x0000021F0FE5A0D0>: Failed to resolve 'api.vsphone.com' ([Errno 11001] getaddrinfo failed)"))
[2025-11-21 01:25:19] [WARNING] ⚠️  ampunbg > Roblox Clone ampunbg: CRASH detected
[2025-11-21 01:25:19] [ERROR] API error: HTTPSConnectionPool(host='api.vsphone.com', port=443): Max retries exceeded with url: /vsphone/api/padApi/syncCmd (Caused by NameResolutionError("<urllib3.connection.HTTPSConnection object at 0x0000021F0FE58F50>: Failed to resolve 'api.vsphone.com' ([Errno 11001] getaddrinfo failed)"))
[2025-11-21 01:25:19] [ERROR] API error: HTTPSConnectionPool(host='api.vsphone.com', port=443): Max retries exceeded with url: /vsphone/api/padApi/syncCmd (Caused by NameResolutionError("<urllib3.connection.HTTPSConnection object at 0x0000021F0FE5A5D0>: Failed to resolve 'api.vsphone.com' ([Errno 11001] getaddrinfo failed)"))
[2025-11-21 01:25:19] [ERROR] API error: HTTPSConnectionPool(host='api.vsphone.com', port=443): Max retries exceeded with url: /vsphone/api/padApi/syncCmd (Caused by NameResolutionError("<urllib3.connection.HTTPSConnection object at 0x0000021F0FE58410>: Failed to resolve 'api.vsphone.com' ([Errno 11001] getaddrinfo failed)"))
[2025-11-21 01:25:19] [ERROR] API error: HTTPSConnectionPool(host='api.vsphone.com', port=443): Max retries exceeded with url: /vsphone/api/padApi/syncCmd (Caused by NameResolutionError("<urllib3.connection.HTTPSConnection object at 0x0000021F0FE582D0>: Failed to resolve 'api.vsphone.com' ([Errno 11001] getaddrinfo failed)"))
[2025-11-21 01:25:19] [WARNING] ⚠️  ampunbg > Roblox Clone ampunbg: CRASH detected
[2025-11-21 01:25:19] [WARNING] DB Error updating status: bad parameter or other API misuse
[2025-11-21 01:25:19] [WARNING] DB Error updating status: UNIQUE constraint failed: clone_status.clone_key
[2025-11-21 01:25:19] [ERROR] API error: HTTPSConnectionPool(host='api.vsphone.com', port=443): Max retries exceeded with url: /vsphone/api/padApi/syncCmd (Caused by NameResolutionError("<urllib3.connection.HTTPSConnection object at 0x0000021F100A42D0>: Failed to resolve 'api.vsphone.com' ([Errno 11001] getaddrinfo failed)"))
[2025-11-21 01:25:19] [ERROR] API error: HTTPSConnectionPool(host='api.vsphone.com', port=443): Max retries exceeded with url: /vsphone/api/padApi/syncCmd (Caused by NameResolutionError("<urllib3.connection.HTTPSConnection object at 0x0000021F100A4410>: Failed to resolve 'api.vsphone.com' ([Errno 11001] getaddrinfo failed)"))
[2025-11-21 01:25:19] [ERROR] API error: HTTPSConnectionPool(host='api.vsphone.com', port=443): Max retries exceeded with url: /vsphone/api/padApi/syncCmd (Caused by NameResolutionError("<urllib3.connection.HTTPSConnection object at 0x0000021F100A4910>: Failed to resolve 'api.vsphone.com' ([Errno 11001] getaddrinfo failed)"))
[2025-11-21 01:25:19] [WARNING] ⚠️  ampunbg > Roblox Clone ampunbg: CRASH detected
[2025-11-21 01:25:19] [WARNING] ⚠️  ampunbg > Roblox Clone ampunbg: CRASH detected
[2025-11-21 01:25:19] [WARNING] ⚠️  ampunbg > Roblox Clone ampunbg: CRASH detected
[2025-11-21 01:25:19] [WARNING] ⚠️  ampunbg > Roblox Clone ampunbg: CRASH detected
[2025-11-21 01:25:19] [WARNING] ⚠️  ampunbg > Roblox Clone ampunbg: CRASH detected
[2025-11-21 01:25:19] [WARNING] ⚠️  ampunbg > Roblox Clone ampunbg: CRASH detected
[2025-11-21 01:25:34] [ERROR] API error: HTTPSConnectionPool(host='api.vsphone.com', port=443): Max retries exceeded with url: /vsphone/api/padApi/syncCmd (Caused by NameResolutionError("<urllib3.connection.HTTPSConnection object at 0x0000021F0FD49810>: Failed to resolve 'api.vsphone.com' ([Errno 11001] getaddrinfo failed)"))
[2025-11-21 01:25:34] [ERROR] API error: HTTPSConnectionPool(host='api.vsphone.com', port=443): Max retries exceeded with url: /vsphone/api/padApi/syncCmd (Caused by NameResolutionError("<urllib3.connection.HTTPSConnection object at 0x0000021F0FD49BD0>: Failed to resolve 'api.vsphone.com' ([Errno 11001] getaddrinfo failed)"))
[2025-11-21 01:25:34] [ERROR] API error: HTTPSConnectionPool(host='api.vsphone.com', port=443): Max retries exceeded with url: /vsphone/api/padApi/syncCmd (Caused by NameResolutionError("<urllib3.connection.HTTPSConnection object at 0x0000021F0FD49F90>: Failed to resolve 'api.vsphone.com' ([Errno 11001] getaddrinfo failed)"))
[2025-11-21 01:25:34] [ERROR] ❌ ampunbg > Roblox Clone ampunbg: Fix failed - API call failed
[2025-11-21 01:25:34] [ERROR] ❌ ampunbg > Roblox Clone ampunbg: Fix failed - API call failed
[2025-11-21 01:25:34] [ERROR] ❌ ampunbg > Roblox Clone ampunbg: Fix failed - API call failed
[2025-11-21 01:25:34] [ERROR] API error: HTTPSConnectionPool(host='api.vsphone.com', port=443): Max retries exceeded with url: /vsphone/api/padApi/syncCmd (Caused by NameResolutionError("<urllib3.connection.HTTPSConnection object at 0x0000021F0FD4A350>: Failed to resolve 'api.vsphone.com' ([Errno 11001] getaddrinfo failed)"))
[2025-11-21 01:25:34] [ERROR] ❌ ampunbg > Roblox Clone ampunbg: Fix failed - API call failed
[2025-11-21 01:25:34] [ERROR] API error: HTTPSConnectionPool(host='api.vsphone.com', port=443): Max retries exceeded with url: /vsphone/api/padApi/syncCmd (Caused by NameResolutionError("<urllib3.connection.HTTPSConnection object at 0x0000021F0FD4A710>: Failed to resolve 'api.vsphone.com' ([Errno 11001] getaddrinfo failed)"))
[2025-11-21 01:25:34] [ERROR] API error: HTTPSConnectionPool(host='api.vsphone.com', port=443): Max retries exceeded with url: /vsphone/api/padApi/syncCmd (Caused by NameResolutionError("<urllib3.connection.HTTPSConnection object at 0x0000021F0FD4AAD0>: Failed to resolve 'api.vsphone.com' ([Errno 11001] getaddrinfo failed)"))
[2025-11-21 01:25:34] [ERROR] ❌ ampunbg > Roblox Clone ampunbg: Fix failed - API call failed
[2025-11-21 01:25:34] [ERROR] ❌ ampunbg > Roblox Clone ampunbg: Fix failed - API call failed
[2025-11-21 01:25:34] [ERROR] API error: HTTPSConnectionPool(host='api.vsphone.com', port=443): Max retries exceeded with url: /vsphone/api/padApi/syncCmd (Caused by NameResolutionError("<urllib3.connection.HTTPSConnection object at 0x0000021F0FD4AE90>: Failed to resolve 'api.vsphone.com' ([Errno 11001] getaddrinfo failed)"))
[2025-11-21 01:25:34] [ERROR] API error: HTTPSConnectionPool(host='api.vsphone.com', port=443): Max retries exceeded with url: /vsphone/api/padApi/syncCmd (Caused by NameResolutionError("<urllib3.connection.HTTPSConnection object at 0x0000021F0FD4AC10>: Failed to resolve 'api.vsphone.com' ([Errno 11001] getaddrinfo failed)"))
[2025-11-21 01:25:34] [ERROR] API error: HTTPSConnectionPool(host='api.vsphone.com', port=443): Max retries exceeded with url: /vsphone/api/padApi/syncCmd (Caused by NameResolutionError("<urllib3.connection.HTTPSConnection object at 0x0000021F0FD4A990>: Failed to resolve 'api.vsphone.com' ([Errno 11001] getaddrinfo failed)"))
[2025-11-21 01:25:34] [ERROR] API error: HTTPSConnectionPool(host='api.vsphone.com', port=443): Max retries exceeded with url: /vsphone/api/padApi/syncCmd (Caused by NameResolutionError("<urllib3.connection.HTTPSConnection object at 0x0000021F0FD4A490>: Failed to resolve 'api.vsphone.com' ([Errno 11001] getaddrinfo failed)"))
[2025-11-21 01:25:34] [ERROR] ❌ ampunbg > Roblox Clone ampunbg: Fix failed - API call failed
[2025-11-21 01:25:34] [ERROR] ❌ ampunbg > Roblox Clone ampunbg: Fix failed - API call failed
[2025-11-21 01:25:34] [ERROR] ❌ ampunbg > Roblox Clone ampunbg: Fix failed - API call failed
[2025-11-21 01:25:34] [WARNING] DB Error: cannot commit - no transaction is active
[2025-11-21 01:25:34] [ERROR] ❌ ampunbg > Roblox Clone ampunbg: Fix failed - API call failed
[2025-11-21 01:25:34] [INFO] 
────────────────────────────────────────────────────────────
[2025-11-21 01:25:34] [INFO] ✅ Cycle Complete (90.3s)
[2025-11-21 01:25:34] [INFO]    Healthy: 0
[2025-11-21 01:25:34] [WARNING]    ⚠️  Failed to fix: 30
[2025-11-21 01:25:34] [INFO] ────────────────────────────────────────────────────────────
[2025-11-21 01:25:34] [INFO] 
📊 Last 24h Database Stats:
[2025-11-21 01:25:34] [INFO]    Total events: 1322
[2025-11-21 01:25:34] [INFO]    Restarts: 1322
[2025-11-21 01:25:34] [INFO]    Crashes: 1322
[2025-11-21 01:25:34] [INFO]    Disconnects: 0
[2025-11-21 01:25:34] [INFO] 
💤 Waiting 30s for next cycle...
[2025-11-21 01:26:04] [INFO] 
🔍 Starting check cycle for 30 clones...
[2025-11-21 01:26:55] [ERROR] API error: HTTPSConnectionPool(host='api.vsphone.com', port=443): Max retries exceeded with url: /vsphone/api/padApi/syncCmd (Caused by NameResolutionError("<urllib3.connection.HTTPSConnection object at 0x0000021F100B02D0>: Failed to resolve 'api.vsphone.com' ([Errno 11001] getaddrinfo failed)"))
[2025-11-21 01:26:55] [ERROR] API error: HTTPSConnectionPool(host='api.vsphone.com', port=443): Max retries exceeded with url: /vsphone/api/padApi/syncCmd (Caused by NameResolutionError("<urllib3.connection.HTTPSConnection object at 0x0000021F100B0190>: Failed to resolve 'api.vsphone.com' ([Errno 11001] getaddrinfo failed)"))
[2025-11-21 01:26:55] [ERROR] API error: HTTPSConnectionPool(host='api.vsphone.com', port=443): Max retries exceeded with url: /vsphone/api/padApi/syncCmd (Caused by NameResolutionError("<urllib3.connection.HTTPSConnection object at 0x0000021F100B0410>: Failed to resolve 'api.vsphone.com' ([Errno 11001] getaddrinfo failed)"))
[2025-11-21 01:26:55] [ERROR] API error: HTTPSConnectionPool(host='api.vsphone.com', port=443): Max retries exceeded with url: /vsphone/api/padApi/syncCmd (Caused by NameResolutionError("<urllib3.connection.HTTPSConnection object at 0x0000021F100B0A50>: Failed to resolve 'api.vsphone.com' ([Errno 11001] getaddrinfo failed)"))
[2025-11-21 01:26:55] [ERROR] API error: HTTPSConnectionPool(host='api.vsphone.com', port=443): Max retries exceeded with url: /vsphone/api/padApi/syncCmd (Caused by NameResolutionError("<urllib3.connection.HTTPSConnection object at 0x0000021F100B1090>: Failed to resolve 'api.vsphone.com' ([Errno 11001] getaddrinfo failed)"))
[2025-11-21 01:26:55] [ERROR] API error: HTTPSConnectionPool(host='api.vsphone.com', port=443): Max retries exceeded with url: /vsphone/api/padApi/syncCmd (Caused by NameResolutionError("<urllib3.connection.HTTPSConnection object at 0x0000021F100B1590>: Failed to resolve 'api.vsphone.com' ([Errno 11001] getaddrinfo failed)"))
[2025-11-21 01:26:55] [ERROR] API error: HTTPSConnectionPool(host='api.vsphone.com', port=443): Max retries exceeded with url: /vsphone/api/padApi/syncCmd (Caused by NameResolutionError("<urllib3.connection.HTTPSConnection object at 0x0000021F100B1450>: Failed to resolve 'api.vsphone.com' ([Errno 11001] getaddrinfo failed)"))
[2025-11-21 01:26:55] [ERROR] API error: HTTPSConnectionPool(host='api.vsphone.com', port=443): Max retries exceeded with url: /vsphone/api/padApi/syncCmd (Caused by NameResolutionError("<urllib3.connection.HTTPSConnection object at 0x0000021F100B16D0>: Failed to resolve 'api.vsphone.com' ([Errno 11001] getaddrinfo failed)"))
[2025-11-21 01:26:55] [ERROR] API error: HTTPSConnectionPool(host='api.vsphone.com', port=443): Max retries exceeded with url: /vsphone/api/padApi/syncCmd (Caused by NameResolutionError("<urllib3.connection.HTTPSConnection object at 0x0000021F100B1A90>: Failed to resolve 'api.vsphone.com' ([Errno 11001] getaddrinfo failed)"))
[2025-11-21 01:26:55] [ERROR] API error: HTTPSConnectionPool(host='api.vsphone.com', port=443): Max retries exceeded with url: /vsphone/api/padApi/syncCmd (Caused by NameResolutionError("<urllib3.connection.HTTPSConnection object at 0x0000021F100B1BD0>: Failed to resolve 'api.vsphone.com' ([Errno 11001] getaddrinfo failed)"))
[2025-11-21 01:26:55] [WARNING] DB Error updating status: bad parameter or other API misuse
[2025-11-21 01:26:55] [WARNING] DB Error updating status: UNIQUE constraint failed: clone_status.clone_key
[2025-11-21 01:26:55] [WARNING] ⚠️  13-2 > Roblox Clone 13-2: CRASH detected
[2025-11-21 01:26:55] [WARNING] DB Error updating status: bad parameter or other API misuse
[2025-11-21 01:26:56] [WARNING] ⚠️  13-2 > Roblox Clone 13-2: CRASH detected
[2025-11-21 01:26:56] [WARNING] DB Error updating status: bad parameter or other API misuse
[2025-11-21 01:26:56] [WARNING] DB Error updating status: UNIQUE constraint failed: clone_status.clone_key
[2025-11-21 01:26:56] [WARNING] ⚠️  13-2 > Roblox Clone 13-2: CRASH detected
[2025-11-21 01:26:56] [WARNING] ⚠️  13-2 > Roblox Clone 13-2: CRASH detected
[2025-11-21 01:26:56] [WARNING] ⚠️  13-2 > Roblox Clone 13-2: CRASH detected
[2025-11-21 01:26:56] [WARNING] ⚠️  13-2 > Roblox Clone 13-2: CRASH detected
[2025-11-21 01:26:56] [WARNING] ⚠️  13-2 > Roblox Clone 13-2: CRASH detected
[2025-11-21 01:26:56] [WARNING] ⚠️  13-2 > Roblox Clone 13-2: CRASH detected
[2025-11-21 01:26:56] [WARNING] ⚠️  13-2 > Roblox Clone 13-2: CRASH detected
[2025-11-21 01:26:56] [WARNING] ⚠️  13-2 > Roblox Clone 13-2: CRASH detected
[2025-11-21 01:27:47] [ERROR] API error: HTTPSConnectionPool(host='api.vsphone.com', port=443): Max retries exceeded with url: /vsphone/api/padApi/syncCmd (Caused by NameResolutionError("<urllib3.connection.HTTPSConnection object at 0x0000021F0FE5A210>: Failed to resolve 'api.vsphone.com' ([Errno 11001] getaddrinfo failed)"))
[2025-11-21 01:27:47] [ERROR] API error: HTTPSConnectionPool(host='api.vsphone.com', port=443): Max retries exceeded with url: /vsphone/api/padApi/syncCmd (Caused by NameResolutionError("<urllib3.connection.HTTPSConnection object at 0x0000021F0EC69BD0>: Failed to resolve 'api.vsphone.com' ([Errno 11001] getaddrinfo failed)"))
[2025-11-21 01:27:47] [ERROR] API error: HTTPSConnectionPool(host='api.vsphone.com', port=443): Max retries exceeded with url: /vsphone/api/padApi/syncCmd (Caused by NameResolutionError("<urllib3.connection.HTTPSConnection object at 0x0000021F0FE59F90>: Failed to resolve 'api.vsphone.com' ([Errno 11001] getaddrinfo failed)"))
[2025-11-21 01:27:47] [ERROR] API error: HTTPSConnectionPool(host='api.vsphone.com', port=443): Max retries exceeded with url: /vsphone/api/padApi/syncCmd (Caused by NameResolutionError("<urllib3.connection.HTTPSConnection object at 0x0000021F0EC6A850>: Failed to resolve 'api.vsphone.com' ([Errno 11001] getaddrinfo failed)"))
[2025-11-21 01:27:47] [ERROR] API error: HTTPSConnectionPool(host='api.vsphone.com', port=443): Max retries exceeded with url: /vsphone/api/padApi/syncCmd (Caused by NameResolutionError("<urllib3.connection.HTTPSConnection object at 0x0000021F0EC6B390>: Failed to resolve 'api.vsphone.com' ([Errno 11001] getaddrinfo failed)"))
[2025-11-21 01:27:47] [ERROR] API error: HTTPSConnectionPool(host='api.vsphone.com', port=443): Max retries exceeded with url: /vsphone/api/padApi/syncCmd (Caused by NameResolutionError("<urllib3.connection.HTTPSConnection object at 0x0000021F0EC6B250>: Failed to resolve 'api.vsphone.com' ([Errno 11001] getaddrinfo failed)"))
[2025-11-21 01:27:47] [ERROR] API error: HTTPSConnectionPool(host='api.vsphone.com', port=443): Max retries exceeded with url: /vsphone/api/padApi/syncCmd (Caused by NameResolutionError("<urllib3.connection.HTTPSConnection object at 0x0000021F0EC69F90>: Failed to resolve 'api.vsphone.com' ([Errno 11001] getaddrinfo failed)"))
[2025-11-21 01:27:47] [ERROR] API error: HTTPSConnectionPool(host='api.vsphone.com', port=443): Max retries exceeded with url: /vsphone/api/padApi/syncCmd (Caused by NameResolutionError("<urllib3.connection.HTTPSConnection object at 0x0000021F0EC6A490>: Failed to resolve 'api.vsphone.com' ([Errno 11001] getaddrinfo failed)"))
[2025-11-21 01:27:47] [ERROR] API error: HTTPSConnectionPool(host='api.vsphone.com', port=443): Max retries exceeded with url: /vsphone/api/padApi/syncCmd (Caused by NameResolutionError("<urllib3.connection.HTTPSConnection object at 0x0000021F0EC6AE90>: Failed to resolve 'api.vsphone.com' ([Errno 11001] getaddrinfo failed)"))
[2025-11-21 01:27:47] [ERROR] API error: HTTPSConnectionPool(host='api.vsphone.com', port=443): Max retries exceeded with url: /vsphone/api/padApi/syncCmd (Caused by NameResolutionError("<urllib3.connection.HTTPSConnection object at 0x0000021F0EC6AD50>: Failed to resolve 'api.vsphone.com' ([Errno 11001] getaddrinfo failed)"))
[2025-11-21 01:27:47] [ERROR] ❌ 13-2 > Roblox Clone 13-2: Fix failed - API call failed
[2025-11-21 01:27:47] [ERROR] ❌ 13-2 > Roblox Clone 13-2: Fix failed - API call failed
[2025-11-21 01:27:47] [INFO] Received termination signal
[2025-11-21 01:27:47] [ERROR] ❌ 13-2 > Roblox Clone 13-2: Fix failed - API call failed
[2025-11-21 01:27:47] [WARNING] DB Error: error return without exception set
[2025-11-21 01:27:47] [ERROR] ❌ 13-2 > Roblox Clone 13-2: Fix failed - API call failed
[2025-11-21 01:27:47] [ERROR] ❌ 13-2 > Roblox Clone 13-2: Fix failed - API call failed
[2025-11-21 01:27:47] [ERROR] ❌ 13-2 > Roblox Clone 13-2: Fix failed - API call failed
[2025-11-21 01:27:47] [ERROR] ❌ 13-2 > Roblox Clone 13-2: Fix failed - API call failed
[2025-11-21 01:27:47] [ERROR] ❌ 13-2 > Roblox Clone 13-2: Fix failed - API call failed
[2025-11-21 01:27:47] [ERROR] ❌ 13-2 > Roblox Clone 13-2: Fix failed - API call failed
[2025-11-21 01:27:47] [ERROR] ❌ 13-2 > Roblox Clone 13-2: Fix failed - API call failed
[2025-11-21 01:28:38] [ERROR] API error: HTTPSConnectionPool(host='api.vsphone.com', port=443): Max retries exceeded with url: /vsphone/api/padApi/syncCmd (Caused by NameResolutionError("<urllib3.connection.HTTPSConnection object at 0x0000021F0FCE7B10>: Failed to resolve 'api.vsphone.com' ([Errno 11001] getaddrinfo failed)"))
[2025-11-21 01:28:38] [ERROR] API error: HTTPSConnectionPool(host='api.vsphone.com', port=443): Max retries exceeded with url: /vsphone/api/padApi/syncCmd (Caused by NameResolutionError("<urllib3.connection.HTTPSConnection object at 0x0000021F0FCE7ED0>: Failed to resolve 'api.vsphone.com' ([Errno 11001] getaddrinfo failed)"))
[2025-11-21 01:28:38] [ERROR] API error: HTTPSConnectionPool(host='api.vsphone.com', port=443): Max retries exceeded with url: /vsphone/api/padApi/syncCmd (Caused by NameResolutionError("<urllib3.connection.HTTPSConnection object at 0x0000021F0FCE6C10>: Failed to resolve 'api.vsphone.com' ([Errno 11001] getaddrinfo failed)"))
[2025-11-21 01:28:38] [ERROR] API error: HTTPSConnectionPool(host='api.vsphone.com', port=443): Max retries exceeded with url: /vsphone/api/padApi/syncCmd (Caused by NameResolutionError("<urllib3.connection.HTTPSConnection object at 0x0000021F0FFC02D0>: Failed to resolve 'api.vsphone.com' ([Errno 11001] getaddrinfo failed)"))
[2025-11-21 01:28:38] [ERROR] API error: HTTPSConnectionPool(host='api.vsphone.com', port=443): Max retries exceeded with url: /vsphone/api/padApi/syncCmd (Caused by NameResolutionError("<urllib3.connection.HTTPSConnection object at 0x0000021F0FCE6E90>: Failed to resolve 'api.vsphone.com' ([Errno 11001] getaddrinfo failed)"))
[2025-11-21 01:28:38] [ERROR] API error: HTTPSConnectionPool(host='api.vsphone.com', port=443): Max retries exceeded with url: /vsphone/api/padApi/syncCmd (Caused by NameResolutionError("<urllib3.connection.HTTPSConnection object at 0x0000021F0FFC0050>: Failed to resolve 'api.vsphone.com' ([Errno 11001] getaddrinfo failed)"))
[2025-11-21 01:28:38] [ERROR] API error: HTTPSConnectionPool(host='api.vsphone.com', port=443): Max retries exceeded with url: /vsphone/api/padApi/syncCmd (Caused by NameResolutionError("<urllib3.connection.HTTPSConnection object at 0x0000021F0FFC0F50>: Failed to resolve 'api.vsphone.com' ([Errno 11001] getaddrinfo failed)"))
[2025-11-21 01:28:38] [ERROR] API error: HTTPSConnectionPool(host='api.vsphone.com', port=443): Max retries exceeded with url: /vsphone/api/padApi/syncCmd (Caused by NameResolutionError("<urllib3.connection.HTTPSConnection object at 0x0000021F0FFC1090>: Failed to resolve 'api.vsphone.com' ([Errno 11001] getaddrinfo failed)"))
[2025-11-21 01:28:38] [ERROR] API error: HTTPSConnectionPool(host='api.vsphone.com', port=443): Max retries exceeded with url: /vsphone/api/padApi/syncCmd (Caused by NameResolutionError("<urllib3.connection.HTTPSConnection object at 0x0000021F0FFC11D0>: Failed to resolve 'api.vsphone.com' ([Errno 11001] getaddrinfo failed)"))
[2025-11-21 01:28:38] [ERROR] API error: HTTPSConnectionPool(host='api.vsphone.com', port=443): Max retries exceeded with url: /vsphone/api/padApi/syncCmd (Caused by NameResolutionError("<urllib3.connection.HTTPSConnection object at 0x0000021F0FFC1310>: Failed to resolve 'api.vsphone.com' ([Errno 11001] getaddrinfo failed)"))
[2025-11-21 01:28:38] [WARNING] DB Error updating status: not an error
[2025-11-21 01:28:38] [WARNING] DB Error updating status: bad parameter or other API misuse
[2025-11-21 01:28:38] [WARNING] DB Error updating status: bad parameter or other API misuse
[2025-11-21 01:28:38] [WARNING] ⚠️  kesatu > Roblox Clone kesatu: CRASH detected
[2025-11-21 01:28:38] [WARNING] DB Error updating status: bad parameter or other API misuse
[2025-11-21 01:28:38] [WARNING] DB Error updating status: bad parameter or other API misuse
[2025-11-21 01:28:38] [WARNING] DB Error updating status: UNIQUE constraint failed: clone_status.clone_key
[2025-11-21 01:28:38] [WARNING] DB Error updating status: UNIQUE constraint failed: clone_status.clone_key
[2025-11-21 01:28:38] [WARNING] ⚠️  kesatu > Roblox Clone kesatu: CRASH detected
[2025-11-21 01:28:38] [WARNING] ⚠️  kesatu > Roblox Clone kesatu: CRASH detected
[2025-11-21 01:28:38] [WARNING] ⚠️  kesatu > Roblox Clone kesatu: CRASH detected
[2025-11-21 01:28:38] [WARNING] ⚠️  kesatu > Roblox Clone kesatu: CRASH detected
[2025-11-21 01:28:38] [WARNING] ⚠️  kesatu > Roblox Clone kesatu: CRASH detected
[2025-11-21 01:28:38] [WARNING] ⚠️  kesatu > Roblox Clone kesatu: CRASH detected
[2025-11-21 01:28:38] [WARNING] ⚠️  kesatu > Roblox Clone kesatu: CRASH detected
[2025-11-21 01:28:38] [WARNING] ⚠️  kesatu > Roblox Clone kesatu: CRASH detected
[2025-11-21 01:28:38] [WARNING] ⚠️  kesatu > Roblox Clone kesatu: CRASH detected
[2025-11-21 01:28:53] [ERROR] API error: HTTPSConnectionPool(host='api.vsphone.com', port=443): Max retries exceeded with url: /vsphone/api/padApi/syncCmd (Caused by NameResolutionError("<urllib3.connection.HTTPSConnection object at 0x0000021F10119810>: Failed to resolve 'api.vsphone.com' ([Errno 11001] getaddrinfo failed)"))
[2025-11-21 01:28:53] [ERROR] API error: HTTPSConnectionPool(host='api.vsphone.com', port=443): Max retries exceeded with url: /vsphone/api/padApi/syncCmd (Caused by NameResolutionError("<urllib3.connection.HTTPSConnection object at 0x0000021F10119BD0>: Failed to resolve 'api.vsphone.com' ([Errno 11001] getaddrinfo failed)"))
[2025-11-21 01:28:53] [ERROR] API error: HTTPSConnectionPool(host='api.vsphone.com', port=443): Max retries exceeded with url: /vsphone/api/padApi/syncCmd (Caused by NameResolutionError("<urllib3.connection.HTTPSConnection object at 0x0000021F10119F90>: Failed to resolve 'api.vsphone.com' ([Errno 11001] getaddrinfo failed)"))
[2025-11-21 01:28:53] [ERROR] API error: HTTPSConnectionPool(host='api.vsphone.com', port=443): Max retries exceeded with url: /vsphone/api/padApi/syncCmd (Caused by NameResolutionError("<urllib3.connection.HTTPSConnection object at 0x0000021F100311D0>: Failed to resolve 'api.vsphone.com' ([Errno 11001] getaddrinfo failed)"))
[2025-11-21 01:28:53] [ERROR] API error: HTTPSConnectionPool(host='api.vsphone.com', port=443): Max retries exceeded with url: /vsphone/api/padApi/syncCmd (Caused by NameResolutionError("<urllib3.connection.HTTPSConnection object at 0x0000021F10119810>: Failed to resolve 'api.vsphone.com' ([Errno 11001] getaddrinfo failed)"))
[2025-11-21 01:28:53] [ERROR] ❌ kesatu > Roblox Clone kesatu: Fix failed - API call failed
[2025-11-21 01:28:53] [WARNING] DB Error: cannot start a transaction within a transaction
[2025-11-21 01:28:53] [ERROR] API error: HTTPSConnectionPool(host='api.vsphone.com', port=443): Max retries exceeded with url: /vsphone/api/padApi/syncCmd (Caused by NameResolutionError("<urllib3.connection.HTTPSConnection object at 0x0000021F1011A5D0>: Failed to resolve 'api.vsphone.com' ([Errno 11001] getaddrinfo failed)"))
[2025-11-21 01:28:53] [ERROR] ❌ kesatu > Roblox Clone kesatu: Fix failed - API call failed
[2025-11-21 01:28:53] [ERROR] API error: HTTPSConnectionPool(host='api.vsphone.com', port=443): Max retries exceeded with url: /vsphone/api/padApi/syncCmd (Caused by NameResolutionError("<urllib3.connection.HTTPSConnection object at 0x0000021F1011A490>: Failed to resolve 'api.vsphone.com' ([Errno 11001] getaddrinfo failed)"))
[2025-11-21 01:28:53] [ERROR] API error: HTTPSConnectionPool(host='api.vsphone.com', port=443): Max retries exceeded with url: /vsphone/api/padApi/syncCmd (Caused by NameResolutionError("<urllib3.connection.HTTPSConnection object at 0x0000021F1011A990>: Failed to resolve 'api.vsphone.com' ([Errno 11001] getaddrinfo failed)"))
[2025-11-21 01:28:53] [ERROR] ❌ kesatu > Roblox Clone kesatu: Fix failed - API call failed
[2025-11-21 01:28:53] [ERROR] API error: HTTPSConnectionPool(host='api.vsphone.com', port=443): Max retries exceeded with url: /vsphone/api/padApi/syncCmd (Caused by NameResolutionError("<urllib3.connection.HTTPSConnection object at 0x0000021F1011AFD0>: Failed to resolve 'api.vsphone.com' ([Errno 11001] getaddrinfo failed)"))
[2025-11-21 01:28:53] [ERROR] API error: HTTPSConnectionPool(host='api.vsphone.com', port=443): Max retries exceeded with url: /vsphone/api/padApi/syncCmd (Caused by NameResolutionError("<urllib3.connection.HTTPSConnection object at 0x0000021F1011B110>: Failed to resolve 'api.vsphone.com' ([Errno 11001] getaddrinfo failed)"))
[2025-11-21 01:28:53] [ERROR] ❌ kesatu > Roblox Clone kesatu: Fix failed - API call failed
[2025-11-21 01:28:53] [ERROR] ❌ kesatu > Roblox Clone kesatu: Fix failed - API call failed
[2025-11-21 01:28:53] [ERROR] ❌ kesatu > Roblox Clone kesatu: Fix failed - API call failed
[2025-11-21 01:28:53] [WARNING] DB Error: bad parameter or other API misuse
[2025-11-21 01:28:53] [ERROR] ❌ kesatu > Roblox Clone kesatu: Fix failed - API call failed
[2025-11-21 01:28:53] [WARNING] DB Error: bad parameter or other API misuse
[2025-11-21 01:28:53] [ERROR] ❌ kesatu > Roblox Clone kesatu: Fix failed - API call failed
[2025-11-21 01:28:53] [ERROR] ❌ kesatu > Roblox Clone kesatu: Fix failed - API call failed
[2025-11-21 01:28:53] [ERROR] ❌ kesatu > Roblox Clone kesatu: Fix failed - API call failed
[2025-11-21 01:29:27] [ERROR] API error: HTTPSConnectionPool(host='api.vsphone.com', port=443): Max retries exceeded with url: /vsphone/api/padApi/syncCmd (Caused by NameResolutionError("<urllib3.connection.HTTPSConnection object at 0x0000021F0FD9CE10>: Failed to resolve 'api.vsphone.com' ([Errno 11001] getaddrinfo failed)"))
[2025-11-21 01:29:27] [ERROR] API error: HTTPSConnectionPool(host='api.vsphone.com', port=443): Max retries exceeded with url: /vsphone/api/padApi/syncCmd (Caused by NameResolutionError("<urllib3.connection.HTTPSConnection object at 0x0000021F0FD9D090>: Failed to resolve 'api.vsphone.com' ([Errno 11001] getaddrinfo failed)"))
[2025-11-21 01:29:27] [ERROR] API error: HTTPSConnectionPool(host='api.vsphone.com', port=443): Max retries exceeded with url: /vsphone/api/padApi/syncCmd (Caused by NameResolutionError("<urllib3.connection.HTTPSConnection object at 0x0000021F0FD9D310>: Failed to resolve 'api.vsphone.com' ([Errno 11001] getaddrinfo failed)"))
[2025-11-21 01:29:27] [ERROR] API error: HTTPSConnectionPool(host='api.vsphone.com', port=443): Max retries exceeded with url: /vsphone/api/padApi/syncCmd (Caused by NameResolutionError("<urllib3.connection.HTTPSConnection object at 0x0000021F0FD9D1D0>: Failed to resolve 'api.vsphone.com' ([Errno 11001] getaddrinfo failed)"))
[2025-11-21 01:29:27] [ERROR] API error: HTTPSConnectionPool(host='api.vsphone.com', port=443): Max retries exceeded with url: /vsphone/api/padApi/syncCmd (Caused by NameResolutionError("<urllib3.connection.HTTPSConnection object at 0x0000021F0FD9CF50>: Failed to resolve 'api.vsphone.com' ([Errno 11001] getaddrinfo failed)"))
[2025-11-21 01:29:27] [ERROR] API error: HTTPSConnectionPool(host='api.vsphone.com', port=443): Max retries exceeded with url: /vsphone/api/padApi/syncCmd (Caused by NameResolutionError("<urllib3.connection.HTTPSConnection object at 0x0000021F0FD9D450>: Failed to resolve 'api.vsphone.com' ([Errno 11001] getaddrinfo failed)"))
[2025-11-21 01:29:27] [ERROR] API error: HTTPSConnectionPool(host='api.vsphone.com', port=443): Max retries exceeded with url: /vsphone/api/padApi/syncCmd (Caused by NameResolutionError("<urllib3.connection.HTTPSConnection object at 0x0000021F0FD9D590>: Failed to resolve 'api.vsphone.com' ([Errno 11001] getaddrinfo failed)"))
[2025-11-21 01:29:27] [ERROR] API error: HTTPSConnectionPool(host='api.vsphone.com', port=443): Max retries exceeded with url: /vsphone/api/padApi/syncCmd (Caused by NameResolutionError("<urllib3.connection.HTTPSConnection object at 0x0000021F0FD9D6D0>: Failed to resolve 'api.vsphone.com' ([Errno 11001] getaddrinfo failed)"))
[2025-11-21 01:29:27] [ERROR] API error: HTTPSConnectionPool(host='api.vsphone.com', port=443): Max retries exceeded with url: /vsphone/api/padApi/syncCmd (Caused by NameResolutionError("<urllib3.connection.HTTPSConnection object at 0x0000021F0FD9D810>: Failed to resolve 'api.vsphone.com' ([Errno 11001] getaddrinfo failed)"))
[2025-11-21 01:29:27] [ERROR] API error: HTTPSConnectionPool(host='api.vsphone.com', port=443): Max retries exceeded with url: /vsphone/api/padApi/syncCmd (Caused by NameResolutionError("<urllib3.connection.HTTPSConnection object at 0x0000021F0FD9D950>: Failed to resolve 'api.vsphone.com' ([Errno 11001] getaddrinfo failed)"))
[2025-11-21 01:29:27] [WARNING] DB Error updating status: bad parameter or other API misuse
[2025-11-21 01:29:27] [WARNING] DB Error updating status: bad parameter or other API misuse
[2025-11-21 01:29:27] [WARNING] DB Error updating status: another row available
[2025-11-21 01:29:27] [WARNING] DB Error updating status: bad parameter or other API misuse
[2025-11-21 01:29:27] [WARNING] DB Error updating status: bad parameter or other API misuse
[2025-11-21 01:29:27] [WARNING] ⚠️  ampunbg > Roblox Clone ampunbg: CRASH detected
[2025-11-21 01:29:27] [WARNING] ⚠️  ampunbg > Roblox Clone ampunbg: CRASH detected
[2025-11-21 01:29:27] [WARNING] DB Error updating status: UNIQUE constraint failed: clone_status.clone_key
[2025-11-21 01:29:27] [WARNING] ⚠️  ampunbg > Roblox Clone ampunbg: CRASH detected
[2025-11-21 01:29:27] [WARNING] ⚠️  ampunbg > Roblox Clone ampunbg: CRASH detected
[2025-11-21 01:29:27] [WARNING] ⚠️  ampunbg > Roblox Clone ampunbg: CRASH detected
[2025-11-21 01:29:27] [WARNING] ⚠️  ampunbg > Roblox Clone ampunbg: CRASH detected
[2025-11-21 01:29:27] [WARNING] ⚠️  ampunbg > Roblox Clone ampunbg: CRASH detected
[2025-11-21 01:29:27] [WARNING] ⚠️  ampunbg > Roblox Clone ampunbg: CRASH detected
[2025-11-21 01:29:27] [WARNING] ⚠️  ampunbg > Roblox Clone ampunbg: CRASH detected
[2025-11-21 01:29:27] [WARNING] ⚠️  ampunbg > Roblox Clone ampunbg: CRASH detected
[2025-11-21 01:41:33] [SUCCESS] ✅ Configuration loaded successfully
[2025-11-21 01:41:33] [INFO] ✅ Database enabled: vsphone_monitor.db
[2025-11-21 01:41:34] [INFO] 🌐 Starting web dashboard on http://localhost:5000
[2025-11-21 01:41:34] [SUCCESS] ✅ Web dashboard started
[2025-11-21 01:41:36] [INFO] ============================================================
[2025-11-21 01:41:36] [INFO] 🚀 VSPhone Monitor v5.0.0 Started
[2025-11-21 01:41:36] [INFO] 📊 Total Clones: 80
[2025-11-21 01:41:36] [INFO] 👤 Accounts: 1
[2025-11-21 01:41:36] [INFO] 📱 Instances: 8
[2025-11-21 01:41:36] [INFO] ⏱️  Check Interval: 30s
[2025-11-21 01:41:36] [INFO] ⚡ Parallel Workers: 10
[2025-11-21 01:41:36] [INFO] 💾 Database: ✅ Enabled
[2025-11-21 01:41:36] [INFO] ============================================================
[2025-11-21 01:41:36] [INFO] 
🔍 Starting check cycle for 80 clones...
[2025-11-21 01:41:42] [WARNING] ⚠️  33 - 1 > Roblox Clone 33-1: CRASH detected
[2025-11-21 01:41:42] [WARNING] ⚠️  33 - 1 > Roblox Clone 33-1: CRASH detected
[2025-11-21 01:41:42] [WARNING] ⚠️  33 - 1 > Roblox Clone 33-1: CRASH detected
[2025-11-21 01:41:42] [WARNING] ⚠️  33 - 1 > Roblox Clone 33-1: CRASH detected
[2025-11-21 01:41:42] [WARNING] ⚠️  33 - 1 > Roblox Clone 33-1: CRASH detected
[2025-11-21 01:41:42] [WARNING] ⚠️  33 - 1 > Roblox Clone 33-1: CRASH detected
[2025-11-21 01:41:42] [WARNING] ⚠️  33 - 1 > Roblox Clone 33-1: CRASH detected
[2025-11-21 01:41:42] [WARNING] ⚠️  33 - 1 > Roblox Clone 33-1: CRASH detected
[2025-11-21 01:41:42] [WARNING] ⚠️  33 - 1 > Roblox Clone 33-1: CRASH detected
[2025-11-21 01:41:42] [WARNING] ⚠️  33 - 1 > Roblox Clone 33-1: CRASH detected
[2025-11-21 01:41:49] [ERROR] ❌ 33 - 1 > Roblox Clone 33-1: Fix failed - Unknown error
[2025-11-21 01:41:49] [ERROR] ❌ 33 - 1 > Roblox Clone 33-1: Fix failed - Unknown error
[2025-11-21 01:41:49] [ERROR] ❌ 33 - 1 > Roblox Clone 33-1: Fix failed - Unknown error
[2025-11-21 01:41:49] [WARNING] DB Error: cannot commit - no transaction is active
[2025-11-21 01:41:49] [ERROR] ❌ 33 - 1 > Roblox Clone 33-1: Fix failed - Unknown error
[2025-11-21 01:41:49] [ERROR] ❌ 33 - 1 > Roblox Clone 33-1: Fix failed - Unknown error
[2025-11-21 01:41:49] [ERROR] ❌ 33 - 1 > Roblox Clone 33-1: Fix failed - Unknown error
[2025-11-21 01:41:49] [ERROR] ❌ 33 - 1 > Roblox Clone 33-1: Fix failed - Unknown error
[2025-11-21 01:41:49] [ERROR] ❌ 33 - 1 > Roblox Clone 33-1: Fix failed - Unknown error
[2025-11-21 01:41:49] [ERROR] ❌ 33 - 1 > Roblox Clone 33-1: Fix failed - Unknown error
[2025-11-21 01:41:49] [ERROR] ❌ 33 - 1 > Roblox Clone 33-1: Fix failed - Unknown error
[2025-11-21 01:41:50] [WARNING] ⚠️  33 - 2 > Roblox Clone 33-2: CRASH detected
[2025-11-21 01:41:51] [WARNING] ⚠️  33 - 2 > Roblox Clone 33-2: CRASH detected
[2025-11-21 01:41:51] [WARNING] ⚠️  33 - 2 > Roblox Clone 33-2: CRASH detected
[2025-11-21 01:41:51] [WARNING] ⚠️  33 - 2 > Roblox Clone 33-2: CRASH detected
[2025-11-21 01:41:52] [WARNING] ⚠️  33 - 2 > Roblox Clone 33-2: CRASH detected
[2025-11-21 01:41:52] [WARNING] ⚠️  33 - 2 > Roblox Clone 33-2: CRASH detected
[2025-11-21 01:41:52] [WARNING] ⚠️  33 - 2 > Roblox Clone 33-2: CRASH detected
[2025-11-21 01:41:52] [WARNING] ⚠️  33 - 2 > Roblox Clone 33-2: CRASH detected
[2025-11-21 01:41:52] [WARNING] ⚠️  33 - 2 > Roblox Clone 33-2: CRASH detected
[2025-11-21 01:41:52] [SUCCESS] ✅ 33 - 2 > Roblox Clone 33-2: Fixed in 1.5s
[2025-11-21 01:41:52] [WARNING] ⚠️  33 - 2 > Roblox Clone 33-2: CRASH detected
[2025-11-21 01:41:53] [SUCCESS] ✅ 33 - 2 > Roblox Clone 33-2: Fixed in 1.6s
[2025-11-21 01:41:53] [WARNING] DB Error: cannot commit - no transaction is active
[2025-11-21 01:41:53] [SUCCESS] ✅ 33 - 2 > Roblox Clone 33-2: Fixed in 1.6s
[2025-11-21 01:41:53] [SUCCESS] ✅ 33 - 2 > Roblox Clone 33-2: Fixed in 1.6s
[2025-11-21 01:41:53] [WARNING] ⚠️  13-2 > Roblox Clone 13-2: CRASH detected
[2025-11-21 01:41:53] [SUCCESS] ✅ 33 - 2 > Roblox Clone 33-2: Fixed in 1.8s
[2025-11-21 01:41:53] [SUCCESS] ✅ 33 - 2 > Roblox Clone 33-2: Fixed in 1.8s
[2025-11-21 01:41:53] [SUCCESS] ✅ 33 - 2 > Roblox Clone 33-2: Fixed in 1.8s
[2025-11-21 01:41:53] [SUCCESS] ✅ 33 - 2 > Roblox Clone 33-2: Fixed in 1.8s
[2025-11-21 01:41:53] [SUCCESS] ✅ 33 - 2 > Roblox Clone 33-2: Fixed in 1.8s
[2025-11-21 01:41:54] [SUCCESS] ✅ 33 - 2 > Roblox Clone 33-2: Fixed in 1.6s
[2025-11-21 01:41:54] [WARNING] ⚠️  13-2 > Roblox Clone 13-2: CRASH detected
[2025-11-21 01:41:54] [WARNING] ⚠️  13-2 > Roblox Clone 13-2: CRASH detected
[2025-11-21 01:41:54] [WARNING] ⚠️  13-2 > Roblox Clone 13-2: CRASH detected
[2025-11-21 01:41:54] [SUCCESS] ✅ 13-2 > Roblox Clone 13-2: Fixed in 1.1s
[2025-11-21 01:41:55] [WARNING] ⚠️  13-2 > Roblox Clone 13-2: CRASH detected
[2025-11-21 01:41:55] [WARNING] ⚠️  13-2 > Roblox Clone 13-2: CRASH detected
[2025-11-21 01:41:55] [WARNING] ⚠️  13-2 > Roblox Clone 13-2: CRASH detected
[2025-11-21 01:41:55] [WARNING] ⚠️  13-2 > Roblox Clone 13-2: CRASH detected
[2025-11-21 01:41:55] [WARNING] ⚠️  13-2 > Roblox Clone 13-2: CRASH detected
[2025-11-21 01:41:55] [WARNING] ⚠️  kesatu > Roblox Clone kesatu: CRASH detected
[2025-11-21 01:41:56] [WARNING] ⚠️  13-2 > Roblox Clone 13-2: CRASH detected
[2025-11-21 01:41:56] [SUCCESS] ✅ 13-2 > Roblox Clone 13-2: Fixed in 1.0s
[2025-11-21 01:41:56] [SUCCESS] ✅ 13-2 > Roblox Clone 13-2: Fixed in 1.8s
[2025-11-21 01:41:56] [SUCCESS] ✅ 13-2 > Roblox Clone 13-2: Fixed in 1.8s
[2025-11-21 01:41:56] [SUCCESS] ✅ 13-2 > Roblox Clone 13-2: Fixed in 1.8s
[2025-11-21 01:41:56] [SUCCESS] ✅ 13-2 > Roblox Clone 13-2: Fixed in 1.0s
[2025-11-21 01:41:56] [SUCCESS] ✅ 13-2 > Roblox Clone 13-2: Fixed in 1.1s
[2025-11-21 01:41:57] [SUCCESS] ✅ 13-2 > Roblox Clone 13-2: Fixed in 1.4s
[2025-11-21 01:41:57] [SUCCESS] ✅ kesatu > Roblox Clone kesatu: Fixed in 1.4s
[2025-11-21 01:41:57] [SUCCESS] ✅ 13-2 > Roblox Clone 13-2: Fixed in 1.4s
[2025-11-21 01:41:57] [SUCCESS] ✅ 13-2 > Roblox Clone 13-2: Fixed in 1.4s
[2025-11-21 01:41:57] [WARNING] ⚠️  kesatu > Roblox Clone kesatu: CRASH detected
[2025-11-21 01:41:57] [WARNING] ⚠️  kesatu > Roblox Clone kesatu: CRASH detected
[2025-11-21 01:41:57] [WARNING] ⚠️  kesatu > Roblox Clone kesatu: CRASH detected
[2025-11-21 01:41:57] [WARNING] ⚠️  kesatu > Roblox Clone kesatu: CRASH detected
[2025-11-21 01:41:57] [WARNING] ⚠️  kesatu > Roblox Clone kesatu: CRASH detected
[2025-11-21 01:41:57] [WARNING] ⚠️  kesatu > Roblox Clone kesatu: CRASH detected
[2025-11-21 01:41:58] [WARNING] ⚠️  kesatu > Roblox Clone kesatu: CRASH detected
[2025-11-21 01:41:58] [WARNING] ⚠️  kesatu > Roblox Clone kesatu: CRASH detected
[2025-11-21 01:41:58] [WARNING] ⚠️  kesatu > Roblox Clone kesatu: CRASH detected
[2025-11-21 01:41:59] [SUCCESS] ✅ kesatu > Roblox Clone kesatu: Fixed in 1.5s
[2025-11-21 01:41:59] [SUCCESS] ✅ kesatu > Roblox Clone kesatu: Fixed in 1.4s
[2025-11-21 01:41:59] [SUCCESS] ✅ kesatu > Roblox Clone kesatu: Fixed in 1.4s
[2025-11-21 01:41:59] [SUCCESS] ✅ kesatu > Roblox Clone kesatu: Fixed in 1.4s
[2025-11-21 01:41:59] [SUCCESS] ✅ kesatu > Roblox Clone kesatu: Fixed in 1.4s
[2025-11-21 01:41:59] [SUCCESS] ✅ kesatu > Roblox Clone kesatu: Fixed in 1.3s
[2025-11-21 01:41:59] [WARNING] ⚠️  ampunbg > Roblox Clone ampunbg: CRASH detected
[2025-11-21 01:41:59] [SUCCESS] ✅ kesatu > Roblox Clone kesatu: Fixed in 1.1s
[2025-11-21 01:41:59] [SUCCESS] ✅ kesatu > Roblox Clone kesatu: Fixed in 1.1s
[2025-11-21 01:41:59] [SUCCESS] ✅ kesatu > Roblox Clone kesatu: Fixed in 1.1s
[2025-11-21 01:42:01] [WARNING] ⚠️  ampunbg > Roblox Clone ampunbg: CRASH detected
[2025-11-21 01:42:01] [WARNING] ⚠️  ampunbg > Roblox Clone ampunbg: CRASH detected
[2025-11-21 01:42:01] [WARNING] ⚠️  ampunbg > Roblox Clone ampunbg: CRASH detected
[2025-11-21 01:42:01] [WARNING] ⚠️  ampunbg > Roblox Clone ampunbg: CRASH detected
[2025-11-21 01:42:01] [WARNING] ⚠️  ampunbg > Roblox Clone ampunbg: CRASH detected
[2025-11-21 01:42:02] [SUCCESS] ✅ ampunbg > Roblox Clone ampunbg: Fixed in 2.9s
[2025-11-21 01:42:02] [WARNING] ⚠️  ampunbg > Roblox Clone ampunbg: CRASH detected
[2025-11-21 01:42:02] [WARNING] ⚠️  ampunbg > Roblox Clone ampunbg: CRASH detected
[2025-11-21 01:42:02] [WARNING] ⚠️  ampunbg > Roblox Clone ampunbg: CRASH detected
[2025-11-21 01:42:02] [WARNING] ⚠️  ampunbg > Roblox Clone ampunbg: CRASH detected
[2025-11-21 01:42:02] [SUCCESS] ✅ ampunbg > Roblox Clone ampunbg: Fixed in 1.7s
[2025-11-21 01:42:03] [SUCCESS] ✅ ampunbg > Roblox Clone ampunbg: Fixed in 1.7s
[2025-11-21 01:42:03] [SUCCESS] ✅ ampunbg > Roblox Clone ampunbg: Fixed in 1.6s
[2025-11-21 01:42:03] [SUCCESS] ✅ ampunbg > Roblox Clone ampunbg: Fixed in 1.7s
[2025-11-21 01:42:03] [SUCCESS] ✅ ampunbg > Roblox Clone ampunbg: Fixed in 1.8s
[2025-11-21 01:42:04] [WARNING] ⚠️  zetsto > Roblox Clone zetsto: CRASH detected
[2025-11-21 01:42:04] [WARNING] ⚠️  zetsto > Roblox Clone zetsto: CRASH detected
[2025-11-21 01:42:04] [SUCCESS] ✅ ampunbg > Roblox Clone ampunbg: Fixed in 1.8s
[2025-11-21 01:42:04] [SUCCESS] ✅ ampunbg > Roblox Clone ampunbg: Fixed in 1.8s
[2025-11-21 01:42:04] [SUCCESS] ✅ ampunbg > Roblox Clone ampunbg: Fixed in 2.3s
[2025-11-21 01:42:04] [SUCCESS] ✅ ampunbg > Roblox Clone ampunbg: Fixed in 2.5s
[2025-11-21 01:42:05] [WARNING] ⚠️  zetsto > Roblox Clone zetsto: CRASH detected
[2025-11-21 01:42:05] [WARNING] ⚠️  zetsto > Roblox Clone zetsto: CRASH detected
[2025-11-21 01:42:05] [WARNING] ⚠️  zetsto > Roblox Clone zetsto: CRASH detected
[2025-11-21 01:42:05] [WARNING] ⚠️  zetsto > Roblox Clone zetsto: CRASH detected
[2025-11-21 01:42:05] [WARNING] ⚠️  zetsto > Roblox Clone zetsto: CRASH detected
[2025-11-21 01:42:05] [WARNING] ⚠️  zetsto > Roblox Clone zetsto: CRASH detected
[2025-11-21 01:42:05] [SUCCESS] ✅ zetsto > Roblox Clone zetsto: Fixed in 1.7s
[2025-11-21 01:42:05] [SUCCESS] ✅ zetsto > Roblox Clone zetsto: Fixed in 1.7s
[2025-11-21 01:42:05] [WARNING] ⚠️  zetsto > Roblox Clone zetsto: CRASH detected
[2025-11-21 01:42:06] [WARNING] ⚠️  zetsto > Roblox Clone zetsto: CRASH detected
[2025-11-21 01:42:06] [WARNING] ⚠️  ap 1-3,10 z4-9 > Roblox Clone ap 1-3,10 z4-9: CRASH detected
[2025-11-21 01:42:06] [WARNING] ⚠️  ap 1-3,10 z4-9 > Roblox Clone ap 1-3,10 z4-9: CRASH detected
[2025-11-21 01:42:06] [SUCCESS] ✅ zetsto > Roblox Clone zetsto: Fixed in 1.9s
[2025-11-21 01:42:06] [SUCCESS] ✅ zetsto > Roblox Clone zetsto: Fixed in 1.9s
[2025-11-21 01:42:06] [ERROR] ❌ ap 1-3,10 z4-9 > Roblox Clone ap 1-3,10 z4-9: Fix failed - Unknown error
[2025-11-21 01:42:07] [ERROR] ❌ ap 1-3,10 z4-9 > Roblox Clone ap 1-3,10 z4-9: Fix failed - Unknown error
[2025-11-21 01:42:07] [SUCCESS] ✅ zetsto > Roblox Clone zetsto: Fixed in 1.8s
[2025-11-21 01:42:07] [SUCCESS] ✅ zetsto > Roblox Clone zetsto: Fixed in 1.8s
[2025-11-21 01:42:07] [SUCCESS] ✅ zetsto > Roblox Clone zetsto: Fixed in 2.4s
[2025-11-21 01:42:07] [SUCCESS] ✅ zetsto > Roblox Clone zetsto: Fixed in 2.4s
[2025-11-21 01:42:07] [SUCCESS] ✅ zetsto > Roblox Clone zetsto: Fixed in 1.7s
[2025-11-21 01:42:07] [WARNING] ⚠️  ap 1-3,10 z4-9 > Roblox Clone ap 1-3,10 z4-9: CRASH detected
[2025-11-21 01:42:07] [WARNING] ⚠️  ap 1-3,10 z4-9 > Roblox Clone ap 1-3,10 z4-9: CRASH detected
[2025-11-21 01:42:07] [SUCCESS] ✅ zetsto > Roblox Clone zetsto: Fixed in 1.6s
[2025-11-21 01:42:07] [WARNING] ⚠️  ap 1-3,10 z4-9 > Roblox Clone ap 1-3,10 z4-9: CRASH detected
[2025-11-21 01:42:07] [WARNING] ⚠️  ap 1-3,10 z4-9 > Roblox Clone ap 1-3,10 z4-9: CRASH detected
[2025-11-21 01:42:08] [WARNING] ⚠️  ap 1-3,10 z4-9 > Roblox Clone ap 1-3,10 z4-9: CRASH detected
[2025-11-21 01:42:08] [WARNING] ⚠️  ap 1-3,10 z4-9 > Roblox Clone ap 1-3,10 z4-9: CRASH detected
[2025-11-21 01:42:08] [WARNING] ⚠️  ap 1-3,10 z4-9 > Roblox Clone ap 1-3,10 z4-9: CRASH detected
[2025-11-21 01:42:08] [WARNING] ⚠️  ap 1-3,10 z4-9 > Roblox Clone ap 1-3,10 z4-9: CRASH detected
[2025-11-21 01:42:08] [ERROR] ❌ ap 1-3,10 z4-9 > Roblox Clone ap 1-3,10 z4-9: Fix failed - Unknown error
[2025-11-21 01:42:08] [ERROR] ❌ ap 1-3,10 z4-9 > Roblox Clone ap 1-3,10 z4-9: Fix failed - Unknown error
[2025-11-21 01:42:08] [ERROR] ❌ ap 1-3,10 z4-9 > Roblox Clone ap 1-3,10 z4-9: Fix failed - Unknown error
[2025-11-21 01:42:08] [ERROR] ❌ ap 1-3,10 z4-9 > Roblox Clone ap 1-3,10 z4-9: Fix failed - Unknown error
[2025-11-21 01:42:09] [ERROR] ❌ ap 1-3,10 z4-9 > Roblox Clone ap 1-3,10 z4-9: Fix failed - Unknown error
[2025-11-21 01:42:09] [ERROR] ❌ ap 1-3,10 z4-9 > Roblox Clone ap 1-3,10 z4-9: Fix failed - Unknown error
[2025-11-21 01:42:09] [WARNING] ⚠️  73-1 > Roblox Clone 73-1: CRASH detected
[2025-11-21 01:42:09] [ERROR] ❌ ap 1-3,10 z4-9 > Roblox Clone ap 1-3,10 z4-9: Fix failed - Unknown error
[2025-11-21 01:42:09] [ERROR] ❌ ap 1-3,10 z4-9 > Roblox Clone ap 1-3,10 z4-9: Fix failed - Unknown error
[2025-11-21 01:42:09] [WARNING] ⚠️  73-1 > Roblox Clone 73-1: CRASH detected
[2025-11-21 01:42:10] [WARNING] DB Error updating status: bad parameter or other API misuse
[2025-11-21 01:42:10] [WARNING] ⚠️  73-1 > Roblox Clone 73-1: CRASH detected
[2025-11-21 01:42:10] [WARNING] DB Error updating status: UNIQUE constraint failed: clone_status.clone_key
[2025-11-21 01:42:10] [WARNING] ⚠️  73-1 > Roblox Clone 73-1: CRASH detected
[2025-11-21 01:42:10] [WARNING] ⚠️  73-1 > Roblox Clone 73-1: CRASH detected
[2025-11-21 01:42:10] [WARNING] ⚠️  73-1 > Roblox Clone 73-1: CRASH detected
[2025-11-21 01:42:10] [WARNING] ⚠️  73-1 > Roblox Clone 73-1: CRASH detected
[2025-11-21 01:42:11] [WARNING] ⚠️  73-1 > Roblox Clone 73-1: CRASH detected
[2025-11-21 01:42:11] [WARNING] ⚠️  73-1 > Roblox Clone 73-1: CRASH detected
[2025-11-21 01:42:11] [SUCCESS] ✅ 73-1 > Roblox Clone 73-1: Fixed in 1.6s
[2025-11-21 01:42:11] [WARNING] ⚠️  73-1 > Roblox Clone 73-1: CRASH detected
[2025-11-21 01:42:11] [SUCCESS] ✅ 73-1 > Roblox Clone 73-1: Fixed in 2.3s
[2025-11-21 01:42:12] [SUCCESS] ✅ 73-1 > Roblox Clone 73-1: Fixed in 1.8s
[2025-11-21 01:42:12] [SUCCESS] ✅ 73-1 > Roblox Clone 73-1: Fixed in 2.3s
[2025-11-21 01:42:13] [SUCCESS] ✅ 73-1 > Roblox Clone 73-1: Fixed in 1.7s
[2025-11-21 01:42:13] [SUCCESS] ✅ 73-1 > Roblox Clone 73-1: Fixed in 2.4s
[2025-11-21 01:42:13] [SUCCESS] ✅ 73-1 > Roblox Clone 73-1: Fixed in 1.6s
[2025-11-21 01:42:13] [SUCCESS] ✅ 73-1 > Roblox Clone 73-1: Fixed in 2.4s
[2025-11-21 01:42:13] [WARNING] DB Error: cannot commit - no transaction is active
[2025-11-21 01:42:13] [SUCCESS] ✅ 73-1 > Roblox Clone 73-1: Fixed in 2.4s
[2025-11-21 01:42:13] [SUCCESS] ✅ 73-1 > Roblox Clone 73-1: Fixed in 2.2s
[2025-11-21 01:42:13] [INFO] 
────────────────────────────────────────────────────────────
[2025-11-21 01:42:13] [INFO] ✅ Cycle Complete (37.3s)
[2025-11-21 01:42:13] [INFO]    Healthy: 0
[2025-11-21 01:42:13] [INFO]    Fixed: 60
[2025-11-21 01:42:13] [INFO]    Issues: 60 crash
[2025-11-21 01:42:13] [WARNING]    ⚠️  Failed to fix: 20
[2025-11-21 01:42:13] [INFO] ────────────────────────────────────────────────────────────
[2025-11-21 01:42:13] [INFO] 
💤 Waiting 30s for next cycle...
[2025-11-21 01:42:43] [INFO] 
🔍 Starting check cycle for 80 clones...
[2025-11-21 01:42:50] [WARNING] ⚠️  33 - 1 > Roblox Clone 33-1: CRASH detected
[2025-11-21 01:42:50] [WARNING] ⚠️  33 - 1 > Roblox Clone 33-1: CRASH detected
[2025-11-21 01:42:50] [WARNING] ⚠️  33 - 1 > Roblox Clone 33-1: CRASH detected
[2025-11-21 01:42:50] [WARNING] ⚠️  33 - 1 > Roblox Clone 33-1: CRASH detected
[2025-11-21 01:42:50] [WARNING] DB Error updating status: bad parameter or other API misuse
[2025-11-21 01:42:50] [WARNING] ⚠️  33 - 1 > Roblox Clone 33-1: CRASH detected
[2025-11-21 01:42:50] [WARNING] DB Error updating status: error return without exception set
[2025-11-21 01:42:50] [WARNING] DB Error updating status: error return without exception set
[2025-11-21 01:42:50] [WARNING] ⚠️  33 - 1 > Roblox Clone 33-1: CRASH detected
[2025-11-21 01:42:50] [WARNING] ⚠️  33 - 1 > Roblox Clone 33-1: CRASH detected
[2025-11-21 01:42:50] [WARNING] ⚠️  33 - 1 > Roblox Clone 33-1: CRASH detected
[2025-11-21 01:42:50] [WARNING] ⚠️  33 - 1 > Roblox Clone 33-1: CRASH detected
[2025-11-21 01:42:50] [WARNING] ⚠️  33 - 1 > Roblox Clone 33-1: CRASH detected
[2025-11-21 01:42:56] [ERROR] ❌ 33 - 1 > Roblox Clone 33-1: Fix failed - Unknown error
[2025-11-21 01:42:56] [ERROR] ❌ 33 - 1 > Roblox Clone 33-1: Fix failed - Unknown error
[2025-11-21 01:42:56] [ERROR] ❌ 33 - 1 > Roblox Clone 33-1: Fix failed - Unknown error
[2025-11-21 01:42:56] [ERROR] ❌ 33 - 1 > Roblox Clone 33-1: Fix failed - Unknown error
[2025-11-21 01:42:56] [ERROR] ❌ 33 - 1 > Roblox Clone 33-1: Fix failed - Unknown error
[2025-11-21 01:42:56] [ERROR] ❌ 33 - 1 > Roblox Clone 33-1: Fix failed - Unknown error
[2025-11-21 01:42:56] [ERROR] ❌ 33 - 1 > Roblox Clone 33-1: Fix failed - Unknown error
[2025-11-21 01:42:56] [ERROR] ❌ 33 - 1 > Roblox Clone 33-1: Fix failed - Unknown error
[2025-11-21 01:42:56] [WARNING] DB Error: error return without exception set
[2025-11-21 01:42:56] [ERROR] ❌ 33 - 1 > Roblox Clone 33-1: Fix failed - Unknown error
[2025-11-21 01:42:56] [ERROR] ❌ 33 - 1 > Roblox Clone 33-1: Fix failed - Unknown error
[2025-11-21 01:42:58] [WARNING] DB Error updating status: UNIQUE constraint failed: clone_status.clone_key
[2025-11-21 01:42:58] [WARNING] ⚠️  33 - 2 > Roblox Clone 33-2: CRASH detected
[2025-11-21 01:42:58] [WARNING] ⚠️  33 - 2 > Roblox Clone 33-2: CRASH detected
[2025-11-21 01:42:58] [WARNING] DB Error updating status: bad parameter or other API misuse
[2025-11-21 01:42:58] [WARNING] DB Error updating status: UNIQUE constraint failed: clone_status.clone_key
[2025-11-21 01:42:58] [WARNING] ⚠️  33 - 2 > Roblox Clone 33-2: CRASH detected
[2025-11-21 01:42:58] [WARNING] ⚠️  33 - 2 > Roblox Clone 33-2: CRASH detected
[2025-11-21 01:42:58] [WARNING] ⚠️  33 - 2 > Roblox Clone 33-2: CRASH detected
[2025-11-21 01:42:59] [WARNING] ⚠️  33 - 2 > Roblox Clone 33-2: CRASH detected
[2025-11-21 01:42:59] [WARNING] DB Error updating status: bad parameter or other API misuse
[2025-11-21 01:42:59] [WARNING] ⚠️  33 - 2 > Roblox Clone 33-2: CRASH detected
[2025-11-21 01:42:59] [WARNING] ⚠️  33 - 2 > Roblox Clone 33-2: CRASH detected
[2025-11-21 01:42:59] [WARNING] ⚠️  33 - 2 > Roblox Clone 33-2: CRASH detected
[2025-11-21 01:42:59] [WARNING] ⚠️  33 - 2 > Roblox Clone 33-2: CRASH detected
[2025-11-21 01:43:01] [SUCCESS] ✅ 33 - 2 > Roblox Clone 33-2: Fixed in 2.2s
[2025-11-21 01:43:01] [SUCCESS] ✅ 33 - 2 > Roblox Clone 33-2: Fixed in 2.2s
[2025-11-21 01:43:01] [SUCCESS] ✅ 33 - 2 > Roblox Clone 33-2: Fixed in 2.7s
[2025-11-21 01:43:01] [SUCCESS] ✅ 33 - 2 > Roblox Clone 33-2: Fixed in 2.8s
[2025-11-21 01:43:01] [SUCCESS] ✅ 33 - 2 > Roblox Clone 33-2: Fixed in 2.8s
[2025-11-21 01:43:01] [SUCCESS] ✅ 33 - 2 > Roblox Clone 33-2: Fixed in 2.9s
[2025-11-21 01:43:02] [SUCCESS] ✅ 33 - 2 > Roblox Clone 33-2: Fixed in 3.2s
[2025-11-21 01:43:02] [SUCCESS] ✅ 33 - 2 > Roblox Clone 33-2: Fixed in 3.3s
[2025-11-21 01:43:02] [SUCCESS] ✅ 33 - 2 > Roblox Clone 33-2: Fixed in 3.3s
[2025-11-21 01:43:02] [WARNING] ⚠️  13-2 > Roblox Clone 13-2: CRASH detected
[2025-11-21 01:43:02] [SUCCESS] ✅ 33 - 2 > Roblox Clone 33-2: Fixed in 3.4s
[2025-11-21 01:43:02] [WARNING] ⚠️  13-2 > Roblox Clone 13-2: CRASH detected
[2025-11-21 01:43:03] [WARNING] ⚠️  13-2 > Roblox Clone 13-2: CRASH detected
[2025-11-21 01:43:03] [WARNING] ⚠️  13-2 > Roblox Clone 13-2: CRASH detected
[2025-11-21 01:43:03] [WARNING] ⚠️  13-2 > Roblox Clone 13-2: CRASH detected
[2025-11-21 01:43:03] [WARNING] ⚠️  13-2 > Roblox Clone 13-2: CRASH detected
[2025-11-21 01:43:04] [WARNING] ⚠️  13-2 > Roblox Clone 13-2: CRASH detected
[2025-11-21 01:43:04] [WARNING] ⚠️  13-2 > Roblox Clone 13-2: CRASH detected
[2025-11-21 01:43:04] [WARNING] ⚠️  13-2 > Roblox Clone 13-2: CRASH detected
[2025-11-21 01:43:04] [SUCCESS] ✅ 13-2 > Roblox Clone 13-2: Fixed in 1.9s
[2025-11-21 01:43:04] [WARNING] ⚠️  13-2 > Roblox Clone 13-2: CRASH detected
[2025-11-21 01:43:04] [SUCCESS] ✅ 13-2 > Roblox Clone 13-2: Fixed in 1.7s
[2025-11-21 01:43:04] [SUCCESS] ✅ 13-2 > Roblox Clone 13-2: Fixed in 1.6s
[2025-11-21 01:43:04] [SUCCESS] ✅ 13-2 > Roblox Clone 13-2: Fixed in 1.1s
[2025-11-21 01:43:04] [SUCCESS] ✅ 13-2 > Roblox Clone 13-2: Fixed in 1.1s
[2025-11-21 01:43:04] [SUCCESS] ✅ 13-2 > Roblox Clone 13-2: Fixed in 1.1s
[2025-11-21 01:43:05] [SUCCESS] ✅ 13-2 > Roblox Clone 13-2: Fixed in 1.4s
[2025-11-21 01:43:05] [SUCCESS] ✅ 13-2 > Roblox Clone 13-2: Fixed in 1.5s
[2025-11-21 01:43:05] [SUCCESS] ✅ 13-2 > Roblox Clone 13-2: Fixed in 1.5s
[2025-11-21 01:43:05] [WARNING] ⚠️  kesatu > Roblox Clone kesatu: CRASH detected
[2025-11-21 01:43:05] [WARNING] ⚠️  kesatu > Roblox Clone kesatu: CRASH detected
[2025-11-21 01:43:05] [SUCCESS] ✅ 13-2 > Roblox Clone 13-2: Fixed in 1.5s
[2025-11-21 01:43:05] [WARNING] ⚠️  kesatu > Roblox Clone kesatu: CRASH detected
[2025-11-21 01:43:06] [WARNING] ⚠️  kesatu > Roblox Clone kesatu: CRASH detected
[2025-11-21 01:43:06] [WARNING] ⚠️  kesatu > Roblox Clone kesatu: CRASH detected
[2025-11-21 01:43:06] [WARNING] ⚠️  kesatu > Roblox Clone kesatu: CRASH detected
[2025-11-21 01:43:07] [WARNING] ⚠️  kesatu > Roblox Clone kesatu: CRASH detected
[2025-11-21 01:43:07] [WARNING] ⚠️  kesatu > Roblox Clone kesatu: CRASH detected
[2025-11-21 01:43:07] [SUCCESS] ✅ kesatu > Roblox Clone kesatu: Fixed in 1.5s
[2025-11-21 01:43:07] [SUCCESS] ✅ kesatu > Roblox Clone kesatu: Fixed in 1.5s
[2025-11-21 01:43:07] [WARNING] ⚠️  kesatu > Roblox Clone kesatu: CRASH detected
[2025-11-21 01:43:07] [WARNING] ⚠️  kesatu > Roblox Clone kesatu: CRASH detected
[2025-11-21 01:43:07] [SUCCESS] ✅ kesatu > Roblox Clone kesatu: Fixed in 1.4s
[2025-11-21 01:43:07] [SUCCESS] ✅ kesatu > Roblox Clone kesatu: Fixed in 1.4s
[2025-11-21 01:43:07] [SUCCESS] ✅ kesatu > Roblox Clone kesatu: Fixed in 1.4s
[2025-11-21 01:43:07] [SUCCESS] ✅ kesatu > Roblox Clone kesatu: Fixed in 1.4s
[2025-11-21 01:43:08] [SUCCESS] ✅ kesatu > Roblox Clone kesatu: Fixed in 1.2s
[2025-11-21 01:43:08] [SUCCESS] ✅ kesatu > Roblox Clone kesatu: Fixed in 1.5s
[2025-11-21 01:43:08] [SUCCESS] ✅ kesatu > Roblox Clone kesatu: Fixed in 1.5s
[2025-11-21 01:43:08] [SUCCESS] ✅ kesatu > Roblox Clone kesatu: Fixed in 1.5s
[2025-11-21 01:43:09] [WARNING] ⚠️  ampunbg > Roblox Clone ampunbg: CRASH detected
[2025-11-21 01:43:10] [WARNING] ⚠️  ampunbg > Roblox Clone ampunbg: CRASH detected
[2025-11-21 01:43:10] [WARNING] ⚠️  ampunbg > Roblox Clone ampunbg: CRASH detected
[2025-11-21 01:43:10] [WARNING] ⚠️  ampunbg > Roblox Clone ampunbg: CRASH detected
[2025-11-21 01:43:10] [WARNING] ⚠️  ampunbg > Roblox Clone ampunbg: CRASH detected
[2025-11-21 01:43:10] [WARNING] ⚠️  ampunbg > Roblox Clone ampunbg: CRASH detected
[2025-11-21 01:43:10] [WARNING] ⚠️  ampunbg > Roblox Clone ampunbg: CRASH detected
[2025-11-21 01:43:10] [WARNING] ⚠️  ampunbg > Roblox Clone ampunbg: CRASH detected
[2025-11-21 01:43:10] [WARNING] ⚠️  ampunbg > Roblox Clone ampunbg: CRASH detected
[2025-11-21 01:43:10] [WARNING] ⚠️  ampunbg > Roblox Clone ampunbg: CRASH detected
[2025-11-21 01:43:11] [SUCCESS] ✅ ampunbg > Roblox Clone ampunbg: Fixed in 1.6s
[2025-11-21 01:43:11] [SUCCESS] ✅ ampunbg > Roblox Clone ampunbg: Fixed in 1.8s
[2025-11-21 01:43:12] [SUCCESS] ✅ ampunbg > Roblox Clone ampunbg: Fixed in 2.3s
[2025-11-21 01:43:12] [SUCCESS] ✅ ampunbg > Roblox Clone ampunbg: Fixed in 2.4s
[2025-11-21 01:43:12] [SUCCESS] ✅ ampunbg > Roblox Clone ampunbg: Fixed in 2.4s
[2025-11-21 01:43:12] [SUCCESS] ✅ ampunbg > Roblox Clone ampunbg: Fixed in 2.4s
[2025-11-21 01:43:12] [SUCCESS] ✅ ampunbg > Roblox Clone ampunbg: Fixed in 2.4s
[2025-11-21 01:43:12] [SUCCESS] ✅ ampunbg > Roblox Clone ampunbg: Fixed in 2.4s
[2025-11-21 01:43:13] [SUCCESS] ✅ ampunbg > Roblox Clone ampunbg: Fixed in 2.3s
[2025-11-21 01:43:13] [SUCCESS] ✅ ampunbg > Roblox Clone ampunbg: Fixed in 2.3s
[2025-11-21 01:43:13] [WARNING] ⚠️  zetsto > Roblox Clone zetsto: CRASH detected
[2025-11-21 01:43:13] [WARNING] ⚠️  zetsto > Roblox Clone zetsto: CRASH detected
[2025-11-21 01:43:13] [WARNING] ⚠️  zetsto > Roblox Clone zetsto: CRASH detected
[2025-11-21 01:43:14] [WARNING] ⚠️  zetsto > Roblox Clone zetsto: CRASH detected
[2025-11-21 01:43:14] [WARNING] ⚠️  zetsto > Roblox Clone zetsto: CRASH detected
[2025-11-21 01:43:14] [WARNING] ⚠️  zetsto > Roblox Clone zetsto: CRASH detected
[2025-11-21 01:43:14] [WARNING] ⚠️  zetsto > Roblox Clone zetsto: CRASH detected
[2025-11-21 01:43:14] [WARNING] ⚠️  zetsto > Roblox Clone zetsto: CRASH detected
[2025-11-21 01:43:14] [WARNING] ⚠️  zetsto > Roblox Clone zetsto: CRASH detected
[2025-11-21 01:43:15] [WARNING] ⚠️  zetsto > Roblox Clone zetsto: CRASH detected
[2025-11-21 01:43:15] [SUCCESS] ✅ zetsto > Roblox Clone zetsto: Fixed in 1.9s
[2025-11-21 01:43:15] [SUCCESS] ✅ zetsto > Roblox Clone zetsto: Fixed in 1.7s
[2025-11-21 01:43:15] [SUCCESS] ✅ zetsto > Roblox Clone zetsto: Fixed in 1.6s
[2025-11-21 01:43:16] [WARNING] ⚠️  ap 1-3,10 z4-9 > Roblox Clone ap 1-3,10 z4-9: CRASH detected
[2025-11-21 01:43:16] [WARNING] ⚠️  ap 1-3,10 z4-9 > Roblox Clone ap 1-3,10 z4-9: CRASH detected
[2025-11-21 01:43:16] [WARNING] ⚠️  ap 1-3,10 z4-9 > Roblox Clone ap 1-3,10 z4-9: CRASH detected
[2025-11-21 01:43:16] [ERROR] ❌ ap 1-3,10 z4-9 > Roblox Clone ap 1-3,10 z4-9: Fix failed - Unknown error
[2025-11-21 01:43:16] [ERROR] ❌ ap 1-3,10 z4-9 > Roblox Clone ap 1-3,10 z4-9: Fix failed - Unknown error
[2025-11-21 01:43:16] [ERROR] ❌ ap 1-3,10 z4-9 > Roblox Clone ap 1-3,10 z4-9: Fix failed - Unknown error
[2025-11-21 01:43:16] [SUCCESS] ✅ zetsto > Roblox Clone zetsto: Fixed in 1.9s
[2025-11-21 01:43:16] [SUCCESS] ✅ zetsto > Roblox Clone zetsto: Fixed in 1.9s
[2025-11-21 01:43:16] [SUCCESS] ✅ zetsto > Roblox Clone zetsto: Fixed in 2.0s
[2025-11-21 01:43:17] [SUCCESS] ✅ zetsto > Roblox Clone zetsto: Fixed in 2.0s
[2025-11-21 01:43:17] [SUCCESS] ✅ zetsto > Roblox Clone zetsto: Fixed in 2.4s
[2025-11-21 01:43:17] [WARNING] ⚠️  ap 1-3,10 z4-9 > Roblox Clone ap 1-3,10 z4-9: CRASH detected
[2025-11-21 01:43:17] [WARNING] ⚠️  ap 1-3,10 z4-9 > Roblox Clone ap 1-3,10 z4-9: CRASH detected
[2025-11-21 01:43:17] [WARNING] ⚠️  ap 1-3,10 z4-9 > Roblox Clone ap 1-3,10 z4-9: CRASH detected
[2025-11-21 01:43:17] [WARNING] ⚠️  ap 1-3,10 z4-9 > Roblox Clone ap 1-3,10 z4-9: CRASH detected
[2025-11-21 01:43:17] [SUCCESS] ✅ zetsto > Roblox Clone zetsto: Fixed in 2.5s
[2025-11-21 01:43:17] [SUCCESS] ✅ zetsto > Roblox Clone zetsto: Fixed in 2.5s
[2025-11-21 01:43:17] [WARNING] ⚠️  ap 1-3,10 z4-9 > Roblox Clone ap 1-3,10 z4-9: CRASH detected
[2025-11-21 01:43:17] [WARNING] ⚠️  ap 1-3,10 z4-9 > Roblox Clone ap 1-3,10 z4-9: CRASH detected
[2025-11-21 01:43:17] [WARNING] ⚠️  ap 1-3,10 z4-9 > Roblox Clone ap 1-3,10 z4-9: CRASH detected
[2025-11-21 01:43:18] [ERROR] ❌ ap 1-3,10 z4-9 > Roblox Clone ap 1-3,10 z4-9: Fix failed - Unknown error
[2025-11-21 01:43:18] [ERROR] ❌ ap 1-3,10 z4-9 > Roblox Clone ap 1-3,10 z4-9: Fix failed - Unknown error
[2025-11-21 01:43:18] [ERROR] ❌ ap 1-3,10 z4-9 > Roblox Clone ap 1-3,10 z4-9: Fix failed - Unknown error
[2025-11-21 01:43:18] [ERROR] ❌ ap 1-3,10 z4-9 > Roblox Clone ap 1-3,10 z4-9: Fix failed - Unknown error
[2025-11-21 01:43:18] [ERROR] ❌ ap 1-3,10 z4-9 > Roblox Clone ap 1-3,10 z4-9: Fix failed - Unknown error
[2025-11-21 01:43:18] [ERROR] ❌ ap 1-3,10 z4-9 > Roblox Clone ap 1-3,10 z4-9: Fix failed - Unknown error
[2025-11-21 01:43:18] [ERROR] ❌ ap 1-3,10 z4-9 > Roblox Clone ap 1-3,10 z4-9: Fix failed - Unknown error
[2025-11-21 01:43:19] [WARNING] ⚠️  73-1 > Roblox Clone 73-1: CRASH detected
[2025-11-21 01:43:19] [WARNING] ⚠️  73-1 > Roblox Clone 73-1: CRASH detected
[2025-11-21 01:43:20] [WARNING] ⚠️  73-1 > Roblox Clone 73-1: CRASH detected
[2025-11-21 01:43:20] [WARNING] ⚠️  73-1 > Roblox Clone 73-1: CRASH detected
[2025-11-21 01:43:21] [WARNING] ⚠️  73-1 > Roblox Clone 73-1: CRASH detected
[2025-11-21 01:43:21] [WARNING] ⚠️  73-1 > Roblox Clone 73-1: CRASH detected
[2025-11-21 01:43:21] [WARNING] ⚠️  73-1 > Roblox Clone 73-1: CRASH detected
[2025-11-21 01:43:21] [WARNING] ⚠️  73-1 > Roblox Clone 73-1: CRASH detected
[2025-11-21 01:43:21] [WARNING] ⚠️  73-1 > Roblox Clone 73-1: CRASH detected
[2025-11-21 01:43:21] [WARNING] ⚠️  73-1 > Roblox Clone 73-1: CRASH detected
[2025-11-21 01:43:21] [SUCCESS] ✅ 73-1 > Roblox Clone 73-1: Fixed in 1.5s
[2025-11-21 01:43:21] [SUCCESS] ✅ 73-1 > Roblox Clone 73-1: Fixed in 1.9s
[2025-11-21 01:43:22] [SUCCESS] ✅ 73-1 > Roblox Clone 73-1: Fixed in 2.1s
[2025-11-21 01:43:22] [SUCCESS] ✅ 73-1 > Roblox Clone 73-1: Fixed in 1.6s
[2025-11-21 01:43:22] [SUCCESS] ✅ 73-1 > Roblox Clone 73-1: Fixed in 1.8s
[2025-11-21 01:43:22] [SUCCESS] ✅ 73-1 > Roblox Clone 73-1: Fixed in 1.8s
[2025-11-21 01:43:23] [SUCCESS] ✅ 73-1 > Roblox Clone 73-1: Fixed in 1.8s
[2025-11-21 01:43:23] [SUCCESS] ✅ 73-1 > Roblox Clone 73-1: Fixed in 1.7s
[2025-11-21 01:43:23] [SUCCESS] ✅ 73-1 > Roblox Clone 73-1: Fixed in 2.2s
[2025-11-21 01:43:23] [SUCCESS] ✅ 73-1 > Roblox Clone 73-1: Fixed in 2.3s
[2025-11-21 01:43:23] [INFO] 
────────────────────────────────────────────────────────────
[2025-11-21 01:43:23] [INFO] ✅ Cycle Complete (40.2s)
[2025-11-21 01:43:23] [INFO]    Healthy: 0
[2025-11-21 01:43:23] [INFO]    Fixed: 60
[2025-11-21 01:43:23] [INFO]    Issues: 60 crash
[2025-11-21 01:43:23] [WARNING]    ⚠️  Failed to fix: 20
[2025-11-21 01:43:23] [INFO] ────────────────────────────────────────────────────────────
[2025-11-21 01:43:23] [INFO] 
💤 Waiting 30s for next cycle...
[2025-11-21 01:43:53] [INFO] 
🔍 Starting check cycle for 80 clones...
[2025-11-21 01:44:01] [WARNING] ⚠️  33 - 1 > Roblox Clone 33-1: CRASH detected
[2025-11-21 01:44:01] [WARNING] ⚠️  33 - 1 > Roblox Clone 33-1: CRASH detected
[2025-11-21 01:44:01] [WARNING] ⚠️  33 - 1 > Roblox Clone 33-1: CRASH detected
[2025-11-21 01:44:01] [WARNING] ⚠️  33 - 1 > Roblox Clone 33-1: CRASH detected
[2025-11-21 01:44:01] [WARNING] ⚠️  33 - 1 > Roblox Clone 33-1: CRASH detected
[2025-11-21 01:44:01] [WARNING] ⚠️  33 - 1 > Roblox Clone 33-1: CRASH detected
[2025-11-21 01:44:01] [WARNING] ⚠️  33 - 1 > Roblox Clone 33-1: CRASH detected
[2025-11-21 01:44:01] [WARNING] ⚠️  33 - 1 > Roblox Clone 33-1: CRASH detected
[2025-11-21 01:44:01] [WARNING] ⚠️  33 - 1 > Roblox Clone 33-1: CRASH detected
[2025-11-21 01:44:01] [WARNING] ⚠️  33 - 1 > Roblox Clone 33-1: CRASH detected
[2025-11-21 01:44:08] [ERROR] ❌ 33 - 1 > Roblox Clone 33-1: Fix failed - Unknown error
[2025-11-21 01:44:08] [ERROR] ❌ 33 - 1 > Roblox Clone 33-1: Fix failed - Unknown error
[2025-11-21 01:44:08] [ERROR] ❌ 33 - 1 > Roblox Clone 33-1: Fix failed - Unknown error
[2025-11-21 01:44:08] [ERROR] ❌ 33 - 1 > Roblox Clone 33-1: Fix failed - Unknown error
[2025-11-21 01:44:08] [WARNING] DB Error: cannot commit - no transaction is active
[2025-11-21 01:44:08] [ERROR] ❌ 33 - 1 > Roblox Clone 33-1: Fix failed - Unknown error
[2025-11-21 01:44:08] [ERROR] ❌ 33 - 1 > Roblox Clone 33-1: Fix failed - Unknown error
[2025-11-21 01:44:08] [ERROR] ❌ 33 - 1 > Roblox Clone 33-1: Fix failed - Unknown error
[2025-11-21 01:44:08] [ERROR] ❌ 33 - 1 > Roblox Clone 33-1: Fix failed - Unknown error
[2025-11-21 01:44:08] [ERROR] ❌ 33 - 1 > Roblox Clone 33-1: Fix failed - Unknown error
[2025-11-21 01:44:08] [ERROR] ❌ 33 - 1 > Roblox Clone 33-1: Fix failed - Unknown error
[2025-11-21 01:44:10] [WARNING] DB Error updating status: bad parameter or other API misuse
[2025-11-21 01:44:10] [WARNING] DB Error updating status: bad parameter or other API misuse
[2025-11-21 01:44:10] [WARNING] ⚠️  33 - 2 > Roblox Clone 33-2: CRASH detected
[2025-11-21 01:44:10] [WARNING] ⚠️  33 - 2 > Roblox Clone 33-2: CRASH detected
[2025-11-21 01:44:10] [WARNING] ⚠️  33 - 2 > Roblox Clone 33-2: CRASH detected
[2025-11-21 01:44:10] [WARNING] DB Error updating status: cannot commit - no transaction is active
[2025-11-21 01:44:10] [WARNING] ⚠️  33 - 2 > Roblox Clone 33-2: CRASH detected
[2025-11-21 01:44:10] [WARNING] ⚠️  33 - 2 > Roblox Clone 33-2: CRASH detected
[2025-11-21 01:44:10] [WARNING] ⚠️  33 - 2 > Roblox Clone 33-2: CRASH detected
[2025-11-21 01:44:10] [WARNING] ⚠️  33 - 2 > Roblox Clone 33-2: CRASH detected
[2025-11-21 01:44:11] [WARNING] DB Error updating status: bad parameter or other API misuse
[2025-11-21 01:44:11] [WARNING] ⚠️  33 - 2 > Roblox Clone 33-2: CRASH detected
[2025-11-21 01:44:11] [WARNING] ⚠️  33 - 2 > Roblox Clone 33-2: CRASH detected
[2025-11-21 01:44:11] [WARNING] ⚠️  33 - 2 > Roblox Clone 33-2: CRASH detected
[2025-11-21 01:44:12] [SUCCESS] ✅ 33 - 2 > Roblox Clone 33-2: Fixed in 2.0s
[2025-11-21 01:44:12] [SUCCESS] ✅ 33 - 2 > Roblox Clone 33-2: Fixed in 2.0s
[2025-11-21 01:44:12] [SUCCESS] ✅ 33 - 2 > Roblox Clone 33-2: Fixed in 2.0s
[2025-11-21 01:44:12] [SUCCESS] ✅ 33 - 2 > Roblox Clone 33-2: Fixed in 2.0s
[2025-11-21 01:44:12] [SUCCESS] ✅ 33 - 2 > Roblox Clone 33-2: Fixed in 2.0s
[2025-11-21 01:44:12] [SUCCESS] ✅ 33 - 2 > Roblox Clone 33-2: Fixed in 2.0s
[2025-11-21 01:44:12] [SUCCESS] ✅ 33 - 2 > Roblox Clone 33-2: Fixed in 2.1s
[2025-11-21 01:44:12] [SUCCESS] ✅ 33 - 2 > Roblox Clone 33-2: Fixed in 1.8s
[2025-11-21 01:44:12] [SUCCESS] ✅ 33 - 2 > Roblox Clone 33-2: Fixed in 1.8s
[2025-11-21 01:44:12] [SUCCESS] ✅ 33 - 2 > Roblox Clone 33-2: Fixed in 1.9s
[2025-11-21 01:44:14] [WARNING] ⚠️  13-2 > Roblox Clone 13-2: CRASH detected
[2025-11-21 01:44:14] [WARNING] ⚠️  13-2 > Roblox Clone 13-2: CRASH detected
[2025-11-21 01:44:14] [WARNING] ⚠️  13-2 > Roblox Clone 13-2: CRASH detected
[2025-11-21 01:44:14] [WARNING] ⚠️  13-2 > Roblox Clone 13-2: CRASH detected
[2025-11-21 01:44:14] [WARNING] ⚠️  13-2 > Roblox Clone 13-2: CRASH detected
[2025-11-21 01:44:14] [WARNING] ⚠️  13-2 > Roblox Clone 13-2: CRASH detected
[2025-11-21 01:44:14] [WARNING] ⚠️  13-2 > Roblox Clone 13-2: CRASH detected
[2025-11-21 01:44:15] [WARNING] ⚠️  13-2 > Roblox Clone 13-2: CRASH detected
[2025-11-21 01:44:15] [WARNING] ⚠️  13-2 > Roblox Clone 13-2: CRASH detected
[2025-11-21 01:44:15] [WARNING] ⚠️  13-2 > Roblox Clone 13-2: CRASH detected
[2025-11-21 01:44:16] [SUCCESS] ✅ 13-2 > Roblox Clone 13-2: Fixed in 1.9s
[2025-11-21 01:44:16] [SUCCESS] ✅ 13-2 > Roblox Clone 13-2: Fixed in 1.9s
[2025-11-21 01:44:16] [SUCCESS] ✅ 13-2 > Roblox Clone 13-2: Fixed in 1.9s
[2025-11-21 01:44:16] [SUCCESS] ✅ 13-2 > Roblox Clone 13-2: Fixed in 2.0s
[2025-11-21 01:44:16] [SUCCESS] ✅ 13-2 > Roblox Clone 13-2: Fixed in 2.0s
[2025-11-21 01:44:16] [SUCCESS] ✅ 13-2 > Roblox Clone 13-2: Fixed in 1.8s
[2025-11-21 01:44:17] [SUCCESS] ✅ 13-2 > Roblox Clone 13-2: Fixed in 1.8s
[2025-11-21 01:44:17] [SUCCESS] ✅ 13-2 > Roblox Clone 13-2: Fixed in 1.7s
[2025-11-21 01:44:17] [SUCCESS] ✅ 13-2 > Roblox Clone 13-2: Fixed in 2.5s
[2025-11-21 01:44:17] [SUCCESS] ✅ 13-2 > Roblox Clone 13-2: Fixed in 2.4s
[2025-11-21 01:44:17] [WARNING] ⚠️  kesatu > Roblox Clone kesatu: CRASH detected
[2025-11-21 01:44:18] [WARNING] ⚠️  kesatu > Roblox Clone kesatu: CRASH detected
[2025-11-21 01:44:18] [WARNING] ⚠️  kesatu > Roblox Clone kesatu: CRASH detected
[2025-11-21 01:44:18] [WARNING] ⚠️  kesatu > Roblox Clone kesatu: CRASH detected
[2025-11-21 01:44:18] [WARNING] ⚠️  kesatu > Roblox Clone kesatu: CRASH detected
[2025-11-21 01:44:18] [WARNING] ⚠️  kesatu > Roblox Clone kesatu: CRASH detected
[2025-11-21 01:44:18] [WARNING] ⚠️  kesatu > Roblox Clone kesatu: CRASH detected
[2025-11-21 01:44:18] [WARNING] ⚠️  kesatu > Roblox Clone kesatu: CRASH detected
[2025-11-21 01:44:18] [WARNING] ⚠️  kesatu > Roblox Clone kesatu: CRASH detected
[2025-11-21 01:44:18] [WARNING] ⚠️  kesatu > Roblox Clone kesatu: CRASH detected
[2025-11-21 01:44:19] [SUCCESS] ✅ kesatu > Roblox Clone kesatu: Fixed in 1.4s
[2025-11-21 01:44:19] [WARNING] DB Error: cannot commit - no transaction is active
[2025-11-21 01:44:19] [SUCCESS] ✅ kesatu > Roblox Clone kesatu: Fixed in 1.4s
[2025-11-21 01:44:19] [SUCCESS] ✅ kesatu > Roblox Clone kesatu: Fixed in 1.4s
[2025-11-21 01:44:19] [SUCCESS] ✅ kesatu > Roblox Clone kesatu: Fixed in 1.4s
[2025-11-21 01:44:19] [SUCCESS] ✅ kesatu > Roblox Clone kesatu: Fixed in 1.4s
[2025-11-21 01:44:19] [SUCCESS] ✅ kesatu > Roblox Clone kesatu: Fixed in 1.5s
[2025-11-21 01:44:19] [SUCCESS] ✅ kesatu > Roblox Clone kesatu: Fixed in 1.4s
[2025-11-21 01:44:19] [SUCCESS] ✅ kesatu > Roblox Clone kesatu: Fixed in 1.4s
[2025-11-21 01:44:19] [SUCCESS] ✅ kesatu > Roblox Clone kesatu: Fixed in 1.5s
[2025-11-21 01:44:19] [SUCCESS] ✅ kesatu > Roblox Clone kesatu: Fixed in 1.4s
[2025-11-21 01:44:21] [WARNING] ⚠️  ampunbg > Roblox Clone ampunbg: CRASH detected
[2025-11-21 01:44:21] [WARNING] ⚠️  ampunbg > Roblox Clone ampunbg: CRASH detected
[2025-11-21 01:44:21] [WARNING] ⚠️  ampunbg > Roblox Clone ampunbg: CRASH detected
[2025-11-21 01:44:21] [WARNING] ⚠️  ampunbg > Roblox Clone ampunbg: CRASH detected
[2025-11-21 01:44:21] [WARNING] ⚠️  ampunbg > Roblox Clone ampunbg: CRASH detected
[2025-11-21 01:44:21] [WARNING] ⚠️  ampunbg > Roblox Clone ampunbg: CRASH detected
[2025-11-21 01:44:21] [WARNING] ⚠️  ampunbg > Roblox Clone ampunbg: CRASH detected
[2025-11-21 01:44:22] [WARNING] ⚠️  ampunbg > Roblox Clone ampunbg: CRASH detected
[2025-11-21 01:44:22] [WARNING] ⚠️  ampunbg > Roblox Clone ampunbg: CRASH detected
[2025-11-21 01:44:22] [WARNING] ⚠️  ampunbg > Roblox Clone ampunbg: CRASH detected
[2025-11-21 01:44:22] [SUCCESS] ✅ ampunbg > Roblox Clone ampunbg: Fixed in 1.3s
[2025-11-21 01:44:22] [WARNING] DB Error: bad parameter or other API misuse
[2025-11-21 01:44:22] [SUCCESS] ✅ ampunbg > Roblox Clone ampunbg: Fixed in 1.6s
[2025-11-21 01:44:22] [SUCCESS] ✅ ampunbg > Roblox Clone ampunbg: Fixed in 1.6s
[2025-11-21 01:44:23] [SUCCESS] ✅ ampunbg > Roblox Clone ampunbg: Fixed in 1.6s
[2025-11-21 01:44:23] [SUCCESS] ✅ ampunbg > Roblox Clone ampunbg: Fixed in 1.7s
[2025-11-21 01:44:23] [SUCCESS] ✅ ampunbg > Roblox Clone ampunbg: Fixed in 1.6s
[2025-11-21 01:44:23] [WARNING] ⚠️  zetsto > Roblox Clone zetsto: CRASH detected
[2025-11-21 01:44:23] [SUCCESS] ✅ ampunbg > Roblox Clone ampunbg: Fixed in 1.7s
[2025-11-21 01:44:23] [WARNING] DB Error updating status: cannot commit - no transaction is active
[2025-11-21 01:44:23] [WARNING] ⚠️  zetsto > Roblox Clone zetsto: CRASH detected
[2025-11-21 01:44:23] [SUCCESS] ✅ ampunbg > Roblox Clone ampunbg: Fixed in 2.2s
[2025-11-21 01:44:23] [SUCCESS] ✅ ampunbg > Roblox Clone ampunbg: Fixed in 2.2s
[2025-11-21 01:44:24] [SUCCESS] ✅ ampunbg > Roblox Clone ampunbg: Fixed in 1.7s
[2025-11-21 01:44:24] [WARNING] ⚠️  zetsto > Roblox Clone zetsto: CRASH detected
[2025-11-21 01:44:24] [WARNING] ⚠️  zetsto > Roblox Clone zetsto: CRASH detected
[2025-11-21 01:44:24] [WARNING] ⚠️  zetsto > Roblox Clone zetsto: CRASH detected
[2025-11-21 01:44:25] [WARNING] ⚠️  zetsto > Roblox Clone zetsto: CRASH detected
[2025-11-21 01:44:25] [WARNING] ⚠️  zetsto > Roblox Clone zetsto: CRASH detected
[2025-11-21 01:44:25] [WARNING] ⚠️  zetsto > Roblox Clone zetsto: CRASH detected
[2025-11-21 01:44:25] [SUCCESS] ✅ zetsto > Roblox Clone zetsto: Fixed in 2.0s
[2025-11-21 01:44:26] [WARNING] ⚠️  zetsto > Roblox Clone zetsto: CRASH detected
[2025-11-21 01:44:26] [SUCCESS] ✅ zetsto > Roblox Clone zetsto: Fixed in 1.9s
[2025-11-21 01:44:26] [SUCCESS] ✅ zetsto > Roblox Clone zetsto: Fixed in 1.9s
[2025-11-21 01:44:26] [SUCCESS] ✅ zetsto > Roblox Clone zetsto: Fixed in 1.6s
[2025-11-21 01:44:26] [SUCCESS] ✅ zetsto > Roblox Clone zetsto: Fixed in 2.6s
[2025-11-21 01:44:26] [WARNING] ⚠️  zetsto > Roblox Clone zetsto: CRASH detected
[2025-11-21 01:44:26] [WARNING] ⚠️  ap 1-3,10 z4-9 > Roblox Clone ap 1-3,10 z4-9: CRASH detected
[2025-11-21 01:44:26] [WARNING] ⚠️  ap 1-3,10 z4-9 > Roblox Clone ap 1-3,10 z4-9: CRASH detected
[2025-11-21 01:44:27] [WARNING] ⚠️  ap 1-3,10 z4-9 > Roblox Clone ap 1-3,10 z4-9: CRASH detected
[2025-11-21 01:44:27] [WARNING] ⚠️  ap 1-3,10 z4-9 > Roblox Clone ap 1-3,10 z4-9: CRASH detected
[2025-11-21 01:44:27] [SUCCESS] ✅ zetsto > Roblox Clone zetsto: Fixed in 1.3s
[2025-11-21 01:44:27] [WARNING] ⚠️  ap 1-3,10 z4-9 > Roblox Clone ap 1-3,10 z4-9: CRASH detected
[2025-11-21 01:44:27] [ERROR] ❌ ap 1-3,10 z4-9 > Roblox Clone ap 1-3,10 z4-9: Fix failed - Unknown error
[2025-11-21 01:44:27] [ERROR] ❌ ap 1-3,10 z4-9 > Roblox Clone ap 1-3,10 z4-9: Fix failed - Unknown error
[2025-11-21 01:44:27] [ERROR] ❌ ap 1-3,10 z4-9 > Roblox Clone ap 1-3,10 z4-9: Fix failed - Unknown error
[2025-11-21 01:44:27] [SUCCESS] ✅ zetsto > Roblox Clone zetsto: Fixed in 1.9s
[2025-11-21 01:44:27] [SUCCESS] ✅ zetsto > Roblox Clone zetsto: Fixed in 1.9s
[2025-11-21 01:44:27] [SUCCESS] ✅ zetsto > Roblox Clone zetsto: Fixed in 1.3s
[2025-11-21 01:44:27] [ERROR] ❌ ap 1-3,10 z4-9 > Roblox Clone ap 1-3,10 z4-9: Fix failed - Unknown error
[2025-11-21 01:44:27] [WARNING] ⚠️  ap 1-3,10 z4-9 > Roblox Clone ap 1-3,10 z4-9: CRASH detected
[2025-11-21 01:44:28] [SUCCESS] ✅ zetsto > Roblox Clone zetsto: Fixed in 2.0s
[2025-11-21 01:44:28] [ERROR] ❌ ap 1-3,10 z4-9 > Roblox Clone ap 1-3,10 z4-9: Fix failed - Unknown error
[2025-11-21 01:44:28] [WARNING] ⚠️  ap 1-3,10 z4-9 > Roblox Clone ap 1-3,10 z4-9: CRASH detected
[2025-11-21 01:44:28] [WARNING] ⚠️  ap 1-3,10 z4-9 > Roblox Clone ap 1-3,10 z4-9: CRASH detected
[2025-11-21 01:44:28] [WARNING] ⚠️  ap 1-3,10 z4-9 > Roblox Clone ap 1-3,10 z4-9: CRASH detected
[2025-11-21 01:44:28] [WARNING] ⚠️  ap 1-3,10 z4-9 > Roblox Clone ap 1-3,10 z4-9: CRASH detected
[2025-11-21 01:44:28] [ERROR] ❌ ap 1-3,10 z4-9 > Roblox Clone ap 1-3,10 z4-9: Fix failed - Unknown error
[2025-11-21 01:44:29] [ERROR] ❌ ap 1-3,10 z4-9 > Roblox Clone ap 1-3,10 z4-9: Fix failed - Unknown error
[2025-11-21 01:44:29] [ERROR] ❌ ap 1-3,10 z4-9 > Roblox Clone ap 1-3,10 z4-9: Fix failed - Unknown error
[2025-11-21 01:44:29] [ERROR] ❌ ap 1-3,10 z4-9 > Roblox Clone ap 1-3,10 z4-9: Fix failed - Unknown error
[2025-11-21 01:44:29] [ERROR] ❌ ap 1-3,10 z4-9 > Roblox Clone ap 1-3,10 z4-9: Fix failed - Unknown error
[2025-11-21 01:44:30] [WARNING] ⚠️  73-1 > Roblox Clone 73-1: CRASH detected
[2025-11-21 01:44:30] [WARNING] ⚠️  73-1 > Roblox Clone 73-1: CRASH detected
[2025-11-21 01:44:30] [WARNING] ⚠️  73-1 > Roblox Clone 73-1: CRASH detected
[2025-11-21 01:44:30] [WARNING] ⚠️  73-1 > Roblox Clone 73-1: CRASH detected
[2025-11-21 01:44:30] [WARNING] ⚠️  73-1 > Roblox Clone 73-1: CRASH detected
[2025-11-21 01:44:31] [WARNING] ⚠️  73-1 > Roblox Clone 73-1: CRASH detected
[2025-11-21 01:44:31] [WARNING] ⚠️  73-1 > Roblox Clone 73-1: CRASH detected
[2025-11-21 01:44:31] [WARNING] ⚠️  73-1 > Roblox Clone 73-1: CRASH detected
[2025-11-21 01:44:31] [WARNING] ⚠️  73-1 > Roblox Clone 73-1: CRASH detected
[2025-11-21 01:44:31] [WARNING] ⚠️  73-1 > Roblox Clone 73-1: CRASH detected
[2025-11-21 01:44:32] [SUCCESS] ✅ 73-1 > Roblox Clone 73-1: Fixed in 1.7s
[2025-11-21 01:44:32] [SUCCESS] ✅ 73-1 > Roblox Clone 73-1: Fixed in 1.8s
[2025-11-21 01:44:32] [SUCCESS] ✅ 73-1 > Roblox Clone 73-1: Fixed in 2.2s
[2025-11-21 01:44:32] [SUCCESS] ✅ 73-1 > Roblox Clone 73-1: Fixed in 2.2s
[2025-11-21 01:44:33] [SUCCESS] ✅ 73-1 > Roblox Clone 73-1: Fixed in 2.0s
[2025-11-21 01:44:33] [SUCCESS] ✅ 73-1 > Roblox Clone 73-1: Fixed in 2.4s
[2025-11-21 01:44:33] [SUCCESS] ✅ 73-1 > Roblox Clone 73-1: Fixed in 2.4s
[2025-11-21 01:44:33] [SUCCESS] ✅ 73-1 > Roblox Clone 73-1: Fixed in 2.4s
[2025-11-21 01:44:33] [SUCCESS] ✅ 73-1 > Roblox Clone 73-1: Fixed in 2.4s
[2025-11-21 01:44:33] [SUCCESS] ✅ 73-1 > Roblox Clone 73-1: Fixed in 2.4s
[2025-11-21 01:44:33] [INFO] 
────────────────────────────────────────────────────────────
[2025-11-21 01:44:33] [INFO] ✅ Cycle Complete (39.9s)
[2025-11-21 01:44:33] [INFO]    Healthy: 0
[2025-11-21 01:44:33] [INFO]    Fixed: 60
[2025-11-21 01:44:33] [INFO]    Issues: 60 crash
[2025-11-21 01:44:33] [WARNING]    ⚠️  Failed to fix: 20
[2025-11-21 01:44:33] [INFO] ────────────────────────────────────────────────────────────
[2025-11-21 01:44:33] [INFO] 
💤 Waiting 30s for next cycle...
[2025-11-21 01:45:03] [INFO] 
🔍 Starting check cycle for 80 clones...
[2025-11-21 01:45:10] [WARNING] ⚠️  33 - 1 > Roblox Clone 33-1: CRASH detected
[2025-11-21 01:45:10] [WARNING] ⚠️  33 - 1 > Roblox Clone 33-1: CRASH detected
[2025-11-21 01:45:10] [WARNING] ⚠️  33 - 1 > Roblox Clone 33-1: CRASH detected
[2025-11-21 01:45:10] [WARNING] ⚠️  33 - 1 > Roblox Clone 33-1: CRASH detected
[2025-11-21 01:45:10] [WARNING] ⚠️  33 - 1 > Roblox Clone 33-1: CRASH detected
[2025-11-21 01:45:10] [WARNING] ⚠️  33 - 1 > Roblox Clone 33-1: CRASH detected
[2025-11-21 01:45:10] [WARNING] DB Error updating status: bad parameter or other API misuse
[2025-11-21 01:45:10] [WARNING] ⚠️  33 - 1 > Roblox Clone 33-1: CRASH detected
[2025-11-21 01:45:10] [WARNING] ⚠️  33 - 1 > Roblox Clone 33-1: CRASH detected
[2025-11-21 01:45:10] [WARNING] ⚠️  33 - 1 > Roblox Clone 33-1: CRASH detected
[2025-11-21 01:45:10] [WARNING] ⚠️  33 - 1 > Roblox Clone 33-1: CRASH detected
[2025-11-21 01:45:16] [ERROR] ❌ 33 - 1 > Roblox Clone 33-1: Fix failed - Unknown error
[2025-11-21 01:45:16] [ERROR] ❌ 33 - 1 > Roblox Clone 33-1: Fix failed - Unknown error
[2025-11-21 01:45:16] [ERROR] ❌ 33 - 1 > Roblox Clone 33-1: Fix failed - Unknown error
[2025-11-21 01:45:16] [ERROR] ❌ 33 - 1 > Roblox Clone 33-1: Fix failed - Unknown error
[2025-11-21 01:45:16] [ERROR] ❌ 33 - 1 > Roblox Clone 33-1: Fix failed - Unknown error
[2025-11-21 01:45:16] [ERROR] ❌ 33 - 1 > Roblox Clone 33-1: Fix failed - Unknown error
[2025-11-21 01:45:16] [ERROR] ❌ 33 - 1 > Roblox Clone 33-1: Fix failed - Unknown error
[2025-11-21 01:45:16] [ERROR] ❌ 33 - 1 > Roblox Clone 33-1: Fix failed - Unknown error
[2025-11-21 01:45:16] [ERROR] ❌ 33 - 1 > Roblox Clone 33-1: Fix failed - Unknown error
[2025-11-21 01:45:16] [ERROR] ❌ 33 - 1 > Roblox Clone 33-1: Fix failed - Unknown error
[2025-11-21 01:45:18] [WARNING] ⚠️  33 - 2 > Roblox Clone 33-2: CRASH detected
[2025-11-21 01:45:18] [WARNING] ⚠️  33 - 2 > Roblox Clone 33-2: CRASH detected
[2025-11-21 01:45:18] [WARNING] ⚠️  33 - 2 > Roblox Clone 33-2: CRASH detected
[2025-11-21 01:45:18] [WARNING] ⚠️  33 - 2 > Roblox Clone 33-2: CRASH detected
[2025-11-21 01:45:18] [WARNING] ⚠️  33 - 2 > Roblox Clone 33-2: CRASH detected
[2025-11-21 01:45:18] [WARNING] ⚠️  33 - 2 > Roblox Clone 33-2: CRASH detected
[2025-11-21 01:45:18] [WARNING] ⚠️  33 - 2 > Roblox Clone 33-2: CRASH detected
[2025-11-21 01:45:18] [WARNING] ⚠️  33 - 2 > Roblox Clone 33-2: CRASH detected
[2025-11-21 01:45:19] [WARNING] ⚠️  33 - 2 > Roblox Clone 33-2: CRASH detected
[2025-11-21 01:45:19] [WARNING] ⚠️  33 - 2 > Roblox Clone 33-2: CRASH detected
[2025-11-21 01:45:19] [SUCCESS] ✅ 33 - 2 > Roblox Clone 33-2: Fixed in 1.6s
[2025-11-21 01:45:19] [SUCCESS] ✅ 33 - 2 > Roblox Clone 33-2: Fixed in 1.6s
[2025-11-21 01:45:20] [SUCCESS] ✅ 33 - 2 > Roblox Clone 33-2: Fixed in 1.5s
[2025-11-21 01:45:20] [SUCCESS] ✅ 33 - 2 > Roblox Clone 33-2: Fixed in 1.7s
[2025-11-21 01:45:20] [SUCCESS] ✅ 33 - 2 > Roblox Clone 33-2: Fixed in 1.8s
[2025-11-21 01:45:21] [SUCCESS] ✅ 33 - 2 > Roblox Clone 33-2: Fixed in 2.4s
[2025-11-21 01:45:21] [SUCCESS] ✅ 33 - 2 > Roblox Clone 33-2: Fixed in 2.3s
[2025-11-21 01:45:21] [SUCCESS] ✅ 33 - 2 > Roblox Clone 33-2: Fixed in 2.4s
[2025-11-21 01:45:21] [WARNING] ⚠️  13-2 > Roblox Clone 13-2: CRASH detected
[2025-11-21 01:45:21] [WARNING] ⚠️  13-2 > Roblox Clone 13-2: CRASH detected
[2025-11-21 01:45:21] [WARNING] ⚠️  13-2 > Roblox Clone 13-2: CRASH detected
[2025-11-21 01:45:21] [WARNING] DB Error: cannot start a transaction within a transaction
[2025-11-21 01:45:21] [SUCCESS] ✅ 33 - 2 > Roblox Clone 33-2: Fixed in 2.2s
[2025-11-21 01:45:21] [SUCCESS] ✅ 33 - 2 > Roblox Clone 33-2: Fixed in 2.2s
[2025-11-21 01:45:21] [WARNING] ⚠️  13-2 > Roblox Clone 13-2: CRASH detected
[2025-11-21 01:45:21] [WARNING] ⚠️  13-2 > Roblox Clone 13-2: CRASH detected
[2025-11-21 01:45:22] [WARNING] ⚠️  13-2 > Roblox Clone 13-2: CRASH detected
[2025-11-21 01:45:22] [WARNING] ⚠️  13-2 > Roblox Clone 13-2: CRASH detected
[2025-11-21 01:45:23] [WARNING] ⚠️  13-2 > Roblox Clone 13-2: CRASH detected
[2025-11-21 01:45:23] [SUCCESS] ✅ 13-2 > Roblox Clone 13-2: Fixed in 2.0s
[2025-11-21 01:45:23] [SUCCESS] ✅ 13-2 > Roblox Clone 13-2: Fixed in 2.0s
[2025-11-21 01:45:23] [SUCCESS] ✅ 13-2 > Roblox Clone 13-2: Fixed in 1.9s
[2025-11-21 01:45:23] [WARNING] ⚠️  13-2 > Roblox Clone 13-2: CRASH detected
[2025-11-21 01:45:23] [WARNING] ⚠️  13-2 > Roblox Clone 13-2: CRASH detected
[2025-11-21 01:45:24] [SUCCESS] ✅ 13-2 > Roblox Clone 13-2: Fixed in 2.5s
[2025-11-21 01:45:24] [SUCCESS] ✅ 13-2 > Roblox Clone 13-2: Fixed in 2.3s
[2025-11-21 01:45:24] [SUCCESS] ✅ 13-2 > Roblox Clone 13-2: Fixed in 1.7s
[2025-11-21 01:45:24] [SUCCESS] ✅ 13-2 > Roblox Clone 13-2: Fixed in 1.6s
[2025-11-21 01:45:24] [SUCCESS] ✅ 13-2 > Roblox Clone 13-2: Fixed in 1.2s
[2025-11-21 01:45:24] [WARNING] ⚠️  kesatu > Roblox Clone kesatu: CRASH detected
[2025-11-21 01:45:24] [WARNING] ⚠️  kesatu > Roblox Clone kesatu: CRASH detected
[2025-11-21 01:45:24] [WARNING] ⚠️  kesatu > Roblox Clone kesatu: CRASH detected
[2025-11-21 01:45:24] [SUCCESS] ✅ 13-2 > Roblox Clone 13-2: Fixed in 1.3s
[2025-11-21 01:45:24] [WARNING] DB Error: cannot commit - no transaction is active
[2025-11-21 01:45:24] [SUCCESS] ✅ 13-2 > Roblox Clone 13-2: Fixed in 1.3s
[2025-11-21 01:45:25] [WARNING] ⚠️  kesatu > Roblox Clone kesatu: CRASH detected
[2025-11-21 01:45:25] [WARNING] ⚠️  kesatu > Roblox Clone kesatu: CRASH detected
[2025-11-21 01:45:25] [WARNING] ⚠️  kesatu > Roblox Clone kesatu: CRASH detected
[2025-11-21 01:45:25] [WARNING] ⚠️  kesatu > Roblox Clone kesatu: CRASH detected
[2025-11-21 01:45:25] [WARNING] ⚠️  kesatu > Roblox Clone kesatu: CRASH detected
[2025-11-21 01:45:25] [SUCCESS] ✅ kesatu > Roblox Clone kesatu: Fixed in 1.3s
[2025-11-21 01:45:26] [SUCCESS] ✅ kesatu > Roblox Clone kesatu: Fixed in 1.3s
[2025-11-21 01:45:26] [WARNING] ⚠️  kesatu > Roblox Clone kesatu: CRASH detected
[2025-11-21 01:45:26] [SUCCESS] ✅ kesatu > Roblox Clone kesatu: Fixed in 1.3s
[2025-11-21 01:45:26] [WARNING] ⚠️  kesatu > Roblox Clone kesatu: CRASH detected
[2025-11-21 01:45:26] [SUCCESS] ✅ kesatu > Roblox Clone kesatu: Fixed in 1.1s
[2025-11-21 01:45:26] [SUCCESS] ✅ kesatu > Roblox Clone kesatu: Fixed in 1.2s
[2025-11-21 01:45:26] [SUCCESS] ✅ kesatu > Roblox Clone kesatu: Fixed in 1.2s
[2025-11-21 01:45:26] [SUCCESS] ✅ kesatu > Roblox Clone kesatu: Fixed in 1.2s
[2025-11-21 01:45:27] [SUCCESS] ✅ kesatu > Roblox Clone kesatu: Fixed in 1.3s
[2025-11-21 01:45:27] [SUCCESS] ✅ kesatu > Roblox Clone kesatu: Fixed in 1.3s
[2025-11-21 01:45:27] [SUCCESS] ✅ kesatu > Roblox Clone kesatu: Fixed in 1.4s
[2025-11-21 01:45:28] [WARNING] ⚠️  ampunbg > Roblox Clone ampunbg: CRASH detected
[2025-11-21 01:45:28] [WARNING] ⚠️  ampunbg > Roblox Clone ampunbg: CRASH detected
[2025-11-21 01:45:28] [WARNING] ⚠️  ampunbg > Roblox Clone ampunbg: CRASH detected
[2025-11-21 01:45:28] [WARNING] ⚠️  ampunbg > Roblox Clone ampunbg: CRASH detected
[2025-11-21 01:45:28] [WARNING] ⚠️  ampunbg > Roblox Clone ampunbg: CRASH detected
[2025-11-21 01:45:29] [WARNING] ⚠️  ampunbg > Roblox Clone ampunbg: CRASH detected
[2025-11-21 01:45:29] [WARNING] ⚠️  ampunbg > Roblox Clone ampunbg: CRASH detected
[2025-11-21 01:45:29] [WARNING] ⚠️  ampunbg > Roblox Clone ampunbg: CRASH detected
[2025-11-21 01:45:29] [WARNING] ⚠️  ampunbg > Roblox Clone ampunbg: CRASH detected
[2025-11-21 01:45:29] [WARNING] ⚠️  ampunbg > Roblox Clone ampunbg: CRASH detected
[2025-11-21 01:45:29] [SUCCESS] ✅ ampunbg > Roblox Clone ampunbg: Fixed in 1.6s
[2025-11-21 01:45:29] [SUCCESS] ✅ ampunbg > Roblox Clone ampunbg: Fixed in 1.6s
[2025-11-21 01:45:30] [SUCCESS] ✅ ampunbg > Roblox Clone ampunbg: Fixed in 1.6s
[2025-11-21 01:45:30] [SUCCESS] ✅ ampunbg > Roblox Clone ampunbg: Fixed in 1.2s
[2025-11-21 01:45:30] [SUCCESS] ✅ ampunbg > Roblox Clone ampunbg: Fixed in 1.7s
[2025-11-21 01:45:30] [SUCCESS] ✅ ampunbg > Roblox Clone ampunbg: Fixed in 2.1s
[2025-11-21 01:45:31] [SUCCESS] ✅ ampunbg > Roblox Clone ampunbg: Fixed in 2.1s
[2025-11-21 01:45:31] [WARNING] ⚠️  zetsto > Roblox Clone zetsto: CRASH detected
[2025-11-21 01:45:31] [WARNING] ⚠️  zetsto > Roblox Clone zetsto: CRASH detected
[2025-11-21 01:45:31] [WARNING] ⚠️  zetsto > Roblox Clone zetsto: CRASH detected
[2025-11-21 01:45:31] [SUCCESS] ✅ ampunbg > Roblox Clone ampunbg: Fixed in 1.8s
[2025-11-21 01:45:31] [SUCCESS] ✅ ampunbg > Roblox Clone ampunbg: Fixed in 2.1s
[2025-11-21 01:45:31] [SUCCESS] ✅ ampunbg > Roblox Clone ampunbg: Fixed in 2.2s
[2025-11-21 01:45:31] [WARNING] ⚠️  zetsto > Roblox Clone zetsto: CRASH detected
[2025-11-21 01:45:32] [WARNING] ⚠️  zetsto > Roblox Clone zetsto: CRASH detected
[2025-11-21 01:45:32] [WARNING] ⚠️  zetsto > Roblox Clone zetsto: CRASH detected
[2025-11-21 01:45:33] [SUCCESS] ✅ zetsto > Roblox Clone zetsto: Fixed in 1.9s
[2025-11-21 01:45:33] [WARNING] ⚠️  zetsto > Roblox Clone zetsto: CRASH detected
[2025-11-21 01:45:33] [SUCCESS] ✅ zetsto > Roblox Clone zetsto: Fixed in 2.3s
[2025-11-21 01:45:33] [WARNING] ⚠️  zetsto > Roblox Clone zetsto: CRASH detected
[2025-11-21 01:45:33] [WARNING] ⚠️  ap 1-3,10 z4-9 > Roblox Clone ap 1-3,10 z4-9: CRASH detected
[2025-11-21 01:45:33] [WARNING] ⚠️  zetsto > Roblox Clone zetsto: CRASH detected
[2025-11-21 01:45:33] [SUCCESS] ✅ zetsto > Roblox Clone zetsto: Fixed in 1.6s
[2025-11-21 01:45:33] [SUCCESS] ✅ zetsto > Roblox Clone zetsto: Fixed in 2.3s
[2025-11-21 01:45:33] [SUCCESS] ✅ zetsto > Roblox Clone zetsto: Fixed in 1.1s
[2025-11-21 01:45:33] [WARNING] DB Error: cannot commit - no transaction is active
[2025-11-21 01:45:33] [SUCCESS] ✅ zetsto > Roblox Clone zetsto: Fixed in 1.1s
[2025-11-21 01:45:33] [WARNING] ⚠️  zetsto > Roblox Clone zetsto: CRASH detected
[2025-11-21 01:45:34] [ERROR] ❌ ap 1-3,10 z4-9 > Roblox Clone ap 1-3,10 z4-9: Fix failed - Unknown error
[2025-11-21 01:45:34] [WARNING] ⚠️  ap 1-3,10 z4-9 > Roblox Clone ap 1-3,10 z4-9: CRASH detected
[2025-11-21 01:45:34] [WARNING] ⚠️  ap 1-3,10 z4-9 > Roblox Clone ap 1-3,10 z4-9: CRASH detected
[2025-11-21 01:45:34] [WARNING] ⚠️  ap 1-3,10 z4-9 > Roblox Clone ap 1-3,10 z4-9: CRASH detected
[2025-11-21 01:45:34] [WARNING] ⚠️  ap 1-3,10 z4-9 > Roblox Clone ap 1-3,10 z4-9: CRASH detected
[2025-11-21 01:45:34] [WARNING] ⚠️  ap 1-3,10 z4-9 > Roblox Clone ap 1-3,10 z4-9: CRASH detected
[2025-11-21 01:45:35] [SUCCESS] ✅ zetsto > Roblox Clone zetsto: Fixed in 1.5s
[2025-11-21 01:45:35] [SUCCESS] ✅ zetsto > Roblox Clone zetsto: Fixed in 1.6s
[2025-11-21 01:45:35] [ERROR] ❌ ap 1-3,10 z4-9 > Roblox Clone ap 1-3,10 z4-9: Fix failed - Unknown error
[2025-11-21 01:45:35] [SUCCESS] ✅ zetsto > Roblox Clone zetsto: Fixed in 1.9s
[2025-11-21 01:45:35] [WARNING] ⚠️  ap 1-3,10 z4-9 > Roblox Clone ap 1-3,10 z4-9: CRASH detected
[2025-11-21 01:45:35] [ERROR] ❌ ap 1-3,10 z4-9 > Roblox Clone ap 1-3,10 z4-9: Fix failed - Unknown error
[2025-11-21 01:45:35] [SUCCESS] ✅ zetsto > Roblox Clone zetsto: Fixed in 1.4s
[2025-11-21 01:45:35] [ERROR] ❌ ap 1-3,10 z4-9 > Roblox Clone ap 1-3,10 z4-9: Fix failed - Unknown error
[2025-11-21 01:45:35] [ERROR] ❌ ap 1-3,10 z4-9 > Roblox Clone ap 1-3,10 z4-9: Fix failed - Unknown error
[2025-11-21 01:45:35] [ERROR] ❌ ap 1-3,10 z4-9 > Roblox Clone ap 1-3,10 z4-9: Fix failed - Unknown error
[2025-11-21 01:45:35] [WARNING] ⚠️  ap 1-3,10 z4-9 > Roblox Clone ap 1-3,10 z4-9: CRASH detected
[2025-11-21 01:45:36] [WARNING] ⚠️  ap 1-3,10 z4-9 > Roblox Clone ap 1-3,10 z4-9: CRASH detected
[2025-11-21 01:45:36] [WARNING] ⚠️  ap 1-3,10 z4-9 > Roblox Clone ap 1-3,10 z4-9: CRASH detected
[2025-11-21 01:45:36] [ERROR] ❌ ap 1-3,10 z4-9 > Roblox Clone ap 1-3,10 z4-9: Fix failed - Unknown error
[2025-11-21 01:45:36] [ERROR] ❌ ap 1-3,10 z4-9 > Roblox Clone ap 1-3,10 z4-9: Fix failed - Unknown error
[2025-11-21 01:45:36] [ERROR] ❌ ap 1-3,10 z4-9 > Roblox Clone ap 1-3,10 z4-9: Fix failed - Unknown error
[2025-11-21 01:45:36] [ERROR] ❌ ap 1-3,10 z4-9 > Roblox Clone ap 1-3,10 z4-9: Fix failed - Unknown error
[2025-11-21 01:45:38] [WARNING] ⚠️  73-1 > Roblox Clone 73-1: CRASH detected
[2025-11-21 01:45:38] [WARNING] ⚠️  73-1 > Roblox Clone 73-1: CRASH detected
[2025-11-21 01:45:38] [WARNING] ⚠️  73-1 > Roblox Clone 73-1: CRASH detected
[2025-11-21 01:45:38] [WARNING] ⚠️  73-1 > Roblox Clone 73-1: CRASH detected
[2025-11-21 01:45:38] [WARNING] ⚠️  73-1 > Roblox Clone 73-1: CRASH detected
[2025-11-21 01:45:38] [WARNING] ⚠️  73-1 > Roblox Clone 73-1: CRASH detected
[2025-11-21 01:45:38] [WARNING] ⚠️  73-1 > Roblox Clone 73-1: CRASH detected
[2025-11-21 01:45:38] [WARNING] ⚠️  73-1 > Roblox Clone 73-1: CRASH detected
[2025-11-21 01:45:38] [WARNING] ⚠️  73-1 > Roblox Clone 73-1: CRASH detected
[2025-11-21 01:45:38] [WARNING] ⚠️  73-1 > Roblox Clone 73-1: CRASH detected
[2025-11-21 01:45:39] [SUCCESS] ✅ 73-1 > Roblox Clone 73-1: Fixed in 1.1s
[2025-11-21 01:45:40] [SUCCESS] ✅ 73-1 > Roblox Clone 73-1: Fixed in 2.4s
[2025-11-21 01:45:40] [SUCCESS] ✅ 73-1 > Roblox Clone 73-1: Fixed in 2.4s
[2025-11-21 01:45:40] [SUCCESS] ✅ 73-1 > Roblox Clone 73-1: Fixed in 2.5s
[2025-11-21 01:45:40] [SUCCESS] ✅ 73-1 > Roblox Clone 73-1: Fixed in 2.5s
[2025-11-21 01:45:41] [SUCCESS] ✅ 73-1 > Roblox Clone 73-1: Fixed in 2.5s
[2025-11-21 01:45:41] [SUCCESS] ✅ 73-1 > Roblox Clone 73-1: Fixed in 2.5s
[2025-11-21 01:45:41] [SUCCESS] ✅ 73-1 > Roblox Clone 73-1: Fixed in 2.5s
[2025-11-21 01:45:41] [SUCCESS] ✅ 73-1 > Roblox Clone 73-1: Fixed in 2.3s
[2025-11-21 01:45:41] [SUCCESS] ✅ 73-1 > Roblox Clone 73-1: Fixed in 3.0s
[2025-11-21 01:45:41] [INFO] 
────────────────────────────────────────────────────────────
[2025-11-21 01:45:41] [INFO] ✅ Cycle Complete (37.9s)
[2025-11-21 01:45:41] [INFO]    Healthy: 0
[2025-11-21 01:45:41] [INFO]    Fixed: 60
[2025-11-21 01:45:41] [INFO]    Issues: 60 crash
[2025-11-21 01:45:41] [WARNING]    ⚠️  Failed to fix: 20
[2025-11-21 01:45:41] [INFO] ────────────────────────────────────────────────────────────
[2025-11-21 01:45:41] [INFO] 
💤 Waiting 30s for next cycle...
[2025-11-21 01:46:11] [INFO] 
🔍 Starting check cycle for 80 clones...
[2025-11-21 01:46:18] [WARNING] ⚠️  33 - 1 > Roblox Clone 33-1: CRASH detected
[2025-11-21 01:46:18] [WARNING] DB Error updating status: bad parameter or other API misuse
[2025-11-21 01:46:18] [WARNING] ⚠️  33 - 1 > Roblox Clone 33-1: CRASH detected
[2025-11-21 01:46:18] [WARNING] ⚠️  33 - 1 > Roblox Clone 33-1: CRASH detected
[2025-11-21 01:46:18] [WARNING] ⚠️  33 - 1 > Roblox Clone 33-1: CRASH detected
[2025-11-21 01:46:18] [WARNING] ⚠️  33 - 1 > Roblox Clone 33-1: CRASH detected
[2025-11-21 01:46:18] [WARNING] ⚠️  33 - 1 > Roblox Clone 33-1: CRASH detected
[2025-11-21 01:46:18] [WARNING] ⚠️  33 - 1 > Roblox Clone 33-1: CRASH detected
[2025-11-21 01:46:18] [WARNING] ⚠️  33 - 1 > Roblox Clone 33-1: CRASH detected
[2025-11-21 01:46:18] [WARNING] ⚠️  33 - 1 > Roblox Clone 33-1: CRASH detected
[2025-11-21 01:46:18] [WARNING] ⚠️  33 - 1 > Roblox Clone 33-1: CRASH detected
[2025-11-21 01:46:24] [ERROR] ❌ 33 - 1 > Roblox Clone 33-1: Fix failed - Unknown error
[2025-11-21 01:46:24] [ERROR] ❌ 33 - 1 > Roblox Clone 33-1: Fix failed - Unknown error
[2025-11-21 01:46:24] [ERROR] ❌ 33 - 1 > Roblox Clone 33-1: Fix failed - Unknown error
[2025-11-21 01:46:24] [ERROR] ❌ 33 - 1 > Roblox Clone 33-1: Fix failed - Unknown error
[2025-11-21 01:46:24] [ERROR] ❌ 33 - 1 > Roblox Clone 33-1: Fix failed - Unknown error
[2025-11-21 01:46:24] [ERROR] ❌ 33 - 1 > Roblox Clone 33-1: Fix failed - Unknown error
[2025-11-21 01:46:24] [WARNING] DB Error: bad parameter or other API misuse
[2025-11-21 01:46:24] [ERROR] ❌ 33 - 1 > Roblox Clone 33-1: Fix failed - Unknown error
[2025-11-21 01:46:24] [ERROR] ❌ 33 - 1 > Roblox Clone 33-1: Fix failed - Unknown error
[2025-11-21 01:46:24] [ERROR] ❌ 33 - 1 > Roblox Clone 33-1: Fix failed - Unknown error
[2025-11-21 01:46:24] [ERROR] ❌ 33 - 1 > Roblox Clone 33-1: Fix failed - Unknown error
[2025-11-21 01:46:26] [WARNING] ⚠️  33 - 2 > Roblox Clone 33-2: CRASH detected
[2025-11-21 01:46:26] [WARNING] ⚠️  33 - 2 > Roblox Clone 33-2: CRASH detected
[2025-11-21 01:46:26] [WARNING] ⚠️  33 - 2 > Roblox Clone 33-2: CRASH detected
[2025-11-21 01:46:26] [WARNING] ⚠️  33 - 2 > Roblox Clone 33-2: CRASH detected
[2025-11-21 01:46:26] [WARNING] ⚠️  33 - 2 > Roblox Clone 33-2: CRASH detected
[2025-11-21 01:46:27] [WARNING] ⚠️  33 - 2 > Roblox Clone 33-2: CRASH detected
[2025-11-21 01:46:27] [WARNING] ⚠️  33 - 2 > Roblox Clone 33-2: CRASH detected
[2025-11-21 01:46:27] [WARNING] ⚠️  33 - 2 > Roblox Clone 33-2: CRASH detected
[2025-11-21 01:46:27] [WARNING] ⚠️  33 - 2 > Roblox Clone 33-2: CRASH detected
[2025-11-21 01:46:27] [WARNING] ⚠️  33 - 2 > Roblox Clone 33-2: CRASH detected
[2025-11-21 01:46:28] [SUCCESS] ✅ 33 - 2 > Roblox Clone 33-2: Fixed in 2.0s
[2025-11-21 01:46:28] [SUCCESS] ✅ 33 - 2 > Roblox Clone 33-2: Fixed in 2.0s
[2025-11-21 01:46:28] [SUCCESS] ✅ 33 - 2 > Roblox Clone 33-2: Fixed in 2.0s
[2025-11-21 01:46:29] [SUCCESS] ✅ 33 - 2 > Roblox Clone 33-2: Fixed in 2.0s
[2025-11-21 01:46:29] [SUCCESS] ✅ 33 - 2 > Roblox Clone 33-2: Fixed in 2.0s
[2025-11-21 01:46:29] [SUCCESS] ✅ 33 - 2 > Roblox Clone 33-2: Fixed in 1.8s
[2025-11-21 01:46:29] [SUCCESS] ✅ 33 - 2 > Roblox Clone 33-2: Fixed in 1.8s
[2025-11-21 01:46:29] [SUCCESS] ✅ 33 - 2 > Roblox Clone 33-2: Fixed in 2.5s
[2025-11-21 01:46:29] [SUCCESS] ✅ 33 - 2 > Roblox Clone 33-2: Fixed in 2.5s
[2025-11-21 01:46:29] [SUCCESS] ✅ 33 - 2 > Roblox Clone 33-2: Fixed in 2.3s
[2025-11-21 01:46:30] [WARNING] ⚠️  13-2 > Roblox Clone 13-2: CRASH detected
[2025-11-21 01:46:31] [WARNING] ⚠️  13-2 > Roblox Clone 13-2: CRASH detected
[2025-11-21 01:46:31] [WARNING] ⚠️  13-2 > Roblox Clone 13-2: CRASH detected
[2025-11-21 01:46:31] [WARNING] ⚠️  13-2 > Roblox Clone 13-2: CRASH detected
[2025-11-21 01:46:31] [WARNING] ⚠️  13-2 > Roblox Clone 13-2: CRASH detected
[2025-11-21 01:46:31] [WARNING] ⚠️  13-2 > Roblox Clone 13-2: CRASH detected
[2025-11-21 01:46:31] [WARNING] ⚠️  13-2 > Roblox Clone 13-2: CRASH detected
[2025-11-21 01:46:31] [WARNING] ⚠️  13-2 > Roblox Clone 13-2: CRASH detected
[2025-11-21 01:46:31] [WARNING] ⚠️  13-2 > Roblox Clone 13-2: CRASH detected
[2025-11-21 01:46:31] [WARNING] ⚠️  13-2 > Roblox Clone 13-2: CRASH detected
[2025-11-21 01:46:31] [SUCCESS] ✅ 13-2 > Roblox Clone 13-2: Fixed in 1.0s
[2025-11-21 01:46:33] [WARNING] ⚠️  kesatu > Roblox Clone kesatu: CRASH detected
[2025-11-21 01:46:33] [SUCCESS] ✅ 13-2 > Roblox Clone 13-2: Fixed in 2.0s
[2025-11-21 01:46:33] [SUCCESS] ✅ 13-2 > Roblox Clone 13-2: Fixed in 2.4s
[2025-11-21 01:46:33] [SUCCESS] ✅ 13-2 > Roblox Clone 13-2: Fixed in 2.5s
[2025-11-21 01:46:33] [SUCCESS] ✅ 13-2 > Roblox Clone 13-2: Fixed in 2.5s
[2025-11-21 01:46:33] [SUCCESS] ✅ 13-2 > Roblox Clone 13-2: Fixed in 2.4s
[2025-11-21 01:46:33] [SUCCESS] ✅ 13-2 > Roblox Clone 13-2: Fixed in 2.5s
[2025-11-21 01:46:33] [SUCCESS] ✅ 13-2 > Roblox Clone 13-2: Fixed in 2.6s
[2025-11-21 01:46:33] [SUCCESS] ✅ 13-2 > Roblox Clone 13-2: Fixed in 2.5s
[2025-11-21 01:46:33] [SUCCESS] ✅ 13-2 > Roblox Clone 13-2: Fixed in 2.6s
[2025-11-21 01:46:34] [SUCCESS] ✅ kesatu > Roblox Clone kesatu: Fixed in 1.0s
[2025-11-21 01:46:34] [WARNING] ⚠️  kesatu > Roblox Clone kesatu: CRASH detected
[2025-11-21 01:46:34] [WARNING] ⚠️  kesatu > Roblox Clone kesatu: CRASH detected
[2025-11-21 01:46:34] [WARNING] ⚠️  kesatu > Roblox Clone kesatu: CRASH detected
[2025-11-21 01:46:34] [WARNING] ⚠️  kesatu > Roblox Clone kesatu: CRASH detected
[2025-11-21 01:46:35] [WARNING] ⚠️  kesatu > Roblox Clone kesatu: CRASH detected
[2025-11-21 01:46:35] [WARNING] ⚠️  kesatu > Roblox Clone kesatu: CRASH detected
[2025-11-21 01:46:35] [WARNING] ⚠️  kesatu > Roblox Clone kesatu: CRASH detected
[2025-11-21 01:46:35] [WARNING] ⚠️  kesatu > Roblox Clone kesatu: CRASH detected
[2025-11-21 01:46:35] [WARNING] ⚠️  kesatu > Roblox Clone kesatu: CRASH detected
[2025-11-21 01:46:35] [SUCCESS] ✅ kesatu > Roblox Clone kesatu: Fixed in 1.2s
[2025-11-21 01:46:35] [SUCCESS] ✅ kesatu > Roblox Clone kesatu: Fixed in 1.2s
[2025-11-21 01:46:35] [SUCCESS] ✅ kesatu > Roblox Clone kesatu: Fixed in 1.0s
[2025-11-21 01:46:35] [SUCCESS] ✅ kesatu > Roblox Clone kesatu: Fixed in 1.1s
[2025-11-21 01:46:36] [WARNING] ⚠️  ampunbg > Roblox Clone ampunbg: CRASH detected
[2025-11-21 01:46:36] [SUCCESS] ✅ kesatu > Roblox Clone kesatu: Fixed in 1.3s
[2025-11-21 01:46:36] [SUCCESS] ✅ kesatu > Roblox Clone kesatu: Fixed in 1.3s
[2025-11-21 01:46:36] [SUCCESS] ✅ kesatu > Roblox Clone kesatu: Fixed in 1.4s
[2025-11-21 01:46:36] [SUCCESS] ✅ kesatu > Roblox Clone kesatu: Fixed in 1.3s
[2025-11-21 01:46:36] [SUCCESS] ✅ kesatu > Roblox Clone kesatu: Fixed in 1.3s
[2025-11-21 01:46:37] [WARNING] ⚠️  ampunbg > Roblox Clone ampunbg: CRASH detected
[2025-11-21 01:46:38] [WARNING] ⚠️  ampunbg > Roblox Clone ampunbg: CRASH detected
[2025-11-21 01:46:38] [WARNING] ⚠️  ampunbg > Roblox Clone ampunbg: CRASH detected
[2025-11-21 01:46:38] [WARNING] ⚠️  ampunbg > Roblox Clone ampunbg: CRASH detected
[2025-11-21 01:46:38] [SUCCESS] ✅ ampunbg > Roblox Clone ampunbg: Fixed in 1.7s
[2025-11-21 01:46:38] [WARNING] ⚠️  ampunbg > Roblox Clone ampunbg: CRASH detected
[2025-11-21 01:46:38] [WARNING] ⚠️  ampunbg > Roblox Clone ampunbg: CRASH detected
[2025-11-21 01:46:38] [WARNING] DB Error updating status: bad parameter or other API misuse
[2025-11-21 01:46:38] [WARNING] DB Error updating status: UNIQUE constraint failed: clone_status.clone_key
[2025-11-21 01:46:38] [WARNING] ⚠️  ampunbg > Roblox Clone ampunbg: CRASH detected
[2025-11-21 01:46:38] [WARNING] ⚠️  ampunbg > Roblox Clone ampunbg: CRASH detected
[2025-11-21 01:46:38] [WARNING] ⚠️  ampunbg > Roblox Clone ampunbg: CRASH detected
[2025-11-21 01:46:39] [SUCCESS] ✅ ampunbg > Roblox Clone ampunbg: Fixed in 1.2s
[2025-11-21 01:46:39] [WARNING] ⚠️  zetsto > Roblox Clone zetsto: CRASH detected
[2025-11-21 01:46:39] [SUCCESS] ✅ ampunbg > Roblox Clone ampunbg: Fixed in 1.8s
[2025-11-21 01:46:39] [SUCCESS] ✅ ampunbg > Roblox Clone ampunbg: Fixed in 1.8s
[2025-11-21 01:46:39] [SUCCESS] ✅ ampunbg > Roblox Clone ampunbg: Fixed in 1.8s
[2025-11-21 01:46:40] [WARNING] ⚠️  zetsto > Roblox Clone zetsto: CRASH detected
[2025-11-21 01:46:40] [SUCCESS] ✅ ampunbg > Roblox Clone ampunbg: Fixed in 1.8s
[2025-11-21 01:46:40] [SUCCESS] ✅ ampunbg > Roblox Clone ampunbg: Fixed in 1.8s
[2025-11-21 01:46:40] [SUCCESS] ✅ ampunbg > Roblox Clone ampunbg: Fixed in 1.8s
[2025-11-21 01:46:40] [SUCCESS] ✅ zetsto > Roblox Clone zetsto: Fixed in 1.0s
[2025-11-21 01:46:40] [SUCCESS] ✅ ampunbg > Roblox Clone ampunbg: Fixed in 1.6s
[2025-11-21 01:46:40] [SUCCESS] ✅ ampunbg > Roblox Clone ampunbg: Fixed in 2.2s
[2025-11-21 01:46:41] [WARNING] ⚠️  zetsto > Roblox Clone zetsto: CRASH detected
[2025-11-21 01:46:41] [WARNING] ⚠️  zetsto > Roblox Clone zetsto: CRASH detected
[2025-11-21 01:46:41] [WARNING] ⚠️  zetsto > Roblox Clone zetsto: CRASH detected
[2025-11-21 01:46:41] [WARNING] ⚠️  ap 1-3,10 z4-9 > Roblox Clone ap 1-3,10 z4-9: CRASH detected
[2025-11-21 01:46:41] [WARNING] ⚠️  zetsto > Roblox Clone zetsto: CRASH detected
[2025-11-21 01:46:41] [SUCCESS] ✅ zetsto > Roblox Clone zetsto: Fixed in 1.3s
[2025-11-21 01:46:41] [WARNING] ⚠️  zetsto > Roblox Clone zetsto: CRASH detected
[2025-11-21 01:46:41] [WARNING] ⚠️  zetsto > Roblox Clone zetsto: CRASH detected
[2025-11-21 01:46:41] [WARNING] ⚠️  zetsto > Roblox Clone zetsto: CRASH detected
[2025-11-21 01:46:41] [WARNING] ⚠️  zetsto > Roblox Clone zetsto: CRASH detected
[2025-11-21 01:46:42] [ERROR] ❌ ap 1-3,10 z4-9 > Roblox Clone ap 1-3,10 z4-9: Fix failed - Unknown error
[2025-11-21 01:46:42] [WARNING] ⚠️  ap 1-3,10 z4-9 > Roblox Clone ap 1-3,10 z4-9: CRASH detected
[2025-11-21 01:46:42] [WARNING] ⚠️  ap 1-3,10 z4-9 > Roblox Clone ap 1-3,10 z4-9: CRASH detected
[2025-11-21 01:46:42] [SUCCESS] ✅ zetsto > Roblox Clone zetsto: Fixed in 1.7s
[2025-11-21 01:46:42] [ERROR] ❌ ap 1-3,10 z4-9 > Roblox Clone ap 1-3,10 z4-9: Fix failed - Unknown error
[2025-11-21 01:46:42] [SUCCESS] ✅ zetsto > Roblox Clone zetsto: Fixed in 1.7s
[2025-11-21 01:46:43] [SUCCESS] ✅ zetsto > Roblox Clone zetsto: Fixed in 1.4s
[2025-11-21 01:46:43] [SUCCESS] ✅ zetsto > Roblox Clone zetsto: Fixed in 1.8s
[2025-11-21 01:46:43] [SUCCESS] ✅ zetsto > Roblox Clone zetsto: Fixed in 1.3s
[2025-11-21 01:46:43] [SUCCESS] ✅ zetsto > Roblox Clone zetsto: Fixed in 1.3s
[2025-11-21 01:46:43] [SUCCESS] ✅ zetsto > Roblox Clone zetsto: Fixed in 1.9s
[2025-11-21 01:46:43] [SUCCESS] ✅ zetsto > Roblox Clone zetsto: Fixed in 1.9s
[2025-11-21 01:46:43] [ERROR] ❌ ap 1-3,10 z4-9 > Roblox Clone ap 1-3,10 z4-9: Fix failed - Unknown error
[2025-11-21 01:46:43] [WARNING] ⚠️  ap 1-3,10 z4-9 > Roblox Clone ap 1-3,10 z4-9: CRASH detected
[2025-11-21 01:46:43] [WARNING] ⚠️  ap 1-3,10 z4-9 > Roblox Clone ap 1-3,10 z4-9: CRASH detected
[2025-11-21 01:46:43] [WARNING] ⚠️  ap 1-3,10 z4-9 > Roblox Clone ap 1-3,10 z4-9: CRASH detected
[2025-11-21 01:46:43] [WARNING] ⚠️  ap 1-3,10 z4-9 > Roblox Clone ap 1-3,10 z4-9: CRASH detected
[2025-11-21 01:46:44] [WARNING] ⚠️  ap 1-3,10 z4-9 > Roblox Clone ap 1-3,10 z4-9: CRASH detected
[2025-11-21 01:46:44] [WARNING] ⚠️  ap 1-3,10 z4-9 > Roblox Clone ap 1-3,10 z4-9: CRASH detected
[2025-11-21 01:46:44] [WARNING] ⚠️  ap 1-3,10 z4-9 > Roblox Clone ap 1-3,10 z4-9: CRASH detected
[2025-11-21 01:46:44] [ERROR] ❌ ap 1-3,10 z4-9 > Roblox Clone ap 1-3,10 z4-9: Fix failed - Unknown error
[2025-11-21 01:46:44] [ERROR] ❌ ap 1-3,10 z4-9 > Roblox Clone ap 1-3,10 z4-9: Fix failed - Unknown error
[2025-11-21 01:46:44] [ERROR] ❌ ap 1-3,10 z4-9 > Roblox Clone ap 1-3,10 z4-9: Fix failed - Unknown error
[2025-11-21 01:46:44] [ERROR] ❌ ap 1-3,10 z4-9 > Roblox Clone ap 1-3,10 z4-9: Fix failed - Unknown error
[2025-11-21 01:46:44] [ERROR] ❌ ap 1-3,10 z4-9 > Roblox Clone ap 1-3,10 z4-9: Fix failed - Unknown error
[2025-11-21 01:46:45] [ERROR] ❌ ap 1-3,10 z4-9 > Roblox Clone ap 1-3,10 z4-9: Fix failed - Unknown error
[2025-11-21 01:46:45] [ERROR] ❌ ap 1-3,10 z4-9 > Roblox Clone ap 1-3,10 z4-9: Fix failed - Unknown error
[2025-11-21 01:46:45] [WARNING] ⚠️  73-1 > Roblox Clone 73-1: CRASH detected
[2025-11-21 01:46:45] [WARNING] ⚠️  73-1 > Roblox Clone 73-1: CRASH detected
[2025-11-21 01:46:45] [WARNING] ⚠️  73-1 > Roblox Clone 73-1: CRASH detected
[2025-11-21 01:46:46] [WARNING] ⚠️  73-1 > Roblox Clone 73-1: CRASH detected
[2025-11-21 01:46:47] [WARNING] ⚠️  73-1 > Roblox Clone 73-1: CRASH detected
[2025-11-21 01:46:47] [WARNING] ⚠️  73-1 > Roblox Clone 73-1: CRASH detected
[2025-11-21 01:46:47] [WARNING] ⚠️  73-1 > Roblox Clone 73-1: CRASH detected
[2025-11-21 01:46:47] [WARNING] ⚠️  73-1 > Roblox Clone 73-1: CRASH detected
[2025-11-21 01:46:47] [SUCCESS] ✅ 73-1 > Roblox Clone 73-1: Fixed in 2.2s
[2025-11-21 01:46:47] [SUCCESS] ✅ 73-1 > Roblox Clone 73-1: Fixed in 2.1s
[2025-11-21 01:46:47] [SUCCESS] ✅ 73-1 > Roblox Clone 73-1: Fixed in 2.1s
[2025-11-21 01:46:47] [WARNING] ⚠️  73-1 > Roblox Clone 73-1: CRASH detected
[2025-11-21 01:46:47] [WARNING] ⚠️  73-1 > Roblox Clone 73-1: CRASH detected
[2025-11-21 01:46:48] [SUCCESS] ✅ 73-1 > Roblox Clone 73-1: Fixed in 1.7s
[2025-11-21 01:46:48] [SUCCESS] ✅ 73-1 > Roblox Clone 73-1: Fixed in 1.8s
[2025-11-21 01:46:48] [SUCCESS] ✅ 73-1 > Roblox Clone 73-1: Fixed in 1.6s
[2025-11-21 01:46:49] [SUCCESS] ✅ 73-1 > Roblox Clone 73-1: Fixed in 2.2s
[2025-11-21 01:46:49] [SUCCESS] ✅ 73-1 > Roblox Clone 73-1: Fixed in 2.2s
[2025-11-21 01:46:49] [SUCCESS] ✅ 73-1 > Roblox Clone 73-1: Fixed in 1.6s
[2025-11-21 01:46:49] [SUCCESS] ✅ 73-1 > Roblox Clone 73-1: Fixed in 1.6s
[2025-11-21 01:46:49] [INFO] 
────────────────────────────────────────────────────────────
[2025-11-21 01:46:49] [INFO] ✅ Cycle Complete (37.9s)
[2025-11-21 01:46:49] [INFO]    Healthy: 0
[2025-11-21 01:46:49] [INFO]    Fixed: 60
[2025-11-21 01:46:49] [INFO]    Issues: 60 crash
[2025-11-21 01:46:49] [WARNING]    ⚠️  Failed to fix: 20
[2025-11-21 01:46:49] [INFO] ────────────────────────────────────────────────────────────
[2025-11-21 01:46:49] [INFO] 
💤 Waiting 30s for next cycle...
[2025-11-21 01:47:19] [INFO] 
🔍 Starting check cycle for 80 clones...
[2025-11-21 01:47:25] [WARNING] ⚠️  33 - 1 > Roblox Clone 33-1: CRASH detected
[2025-11-21 01:47:25] [WARNING] ⚠️  33 - 1 > Roblox Clone 33-1: CRASH detected
[2025-11-21 01:47:25] [WARNING] ⚠️  33 - 1 > Roblox Clone 33-1: CRASH detected
[2025-11-21 01:47:25] [WARNING] ⚠️  33 - 1 > Roblox Clone 33-1: CRASH detected
[2025-11-21 01:47:25] [WARNING] ⚠️  33 - 1 > Roblox Clone 33-1: CRASH detected
[2025-11-21 01:47:25] [WARNING] ⚠️  33 - 1 > Roblox Clone 33-1: CRASH detected
[2025-11-21 01:47:25] [WARNING] ⚠️  33 - 1 > Roblox Clone 33-1: CRASH detected
[2025-11-21 01:47:25] [WARNING] ⚠️  33 - 1 > Roblox Clone 33-1: CRASH detected
[2025-11-21 01:47:26] [WARNING] ⚠️  33 - 1 > Roblox Clone 33-1: CRASH detected
[2025-11-21 01:47:26] [WARNING] ⚠️  33 - 1 > Roblox Clone 33-1: CRASH detected
[2025-11-21 01:47:32] [ERROR] ❌ 33 - 1 > Roblox Clone 33-1: Fix failed - Unknown error
[2025-11-21 01:47:32] [ERROR] ❌ 33 - 1 > Roblox Clone 33-1: Fix failed - Unknown error
[2025-11-21 01:47:32] [ERROR] ❌ 33 - 1 > Roblox Clone 33-1: Fix failed - Unknown error
[2025-11-21 01:47:32] [ERROR] ❌ 33 - 1 > Roblox Clone 33-1: Fix failed - Unknown error
[2025-11-21 01:47:32] [ERROR] ❌ 33 - 1 > Roblox Clone 33-1: Fix failed - Unknown error
[2025-11-21 01:47:32] [ERROR] ❌ 33 - 1 > Roblox Clone 33-1: Fix failed - Unknown error
[2025-11-21 01:47:32] [ERROR] ❌ 33 - 1 > Roblox Clone 33-1: Fix failed - Unknown error
[2025-11-21 01:47:32] [ERROR] ❌ 33 - 1 > Roblox Clone 33-1: Fix failed - Unknown error
[2025-11-21 01:47:32] [ERROR] ❌ 33 - 1 > Roblox Clone 33-1: Fix failed - Unknown error
[2025-11-21 01:47:32] [ERROR] ❌ 33 - 1 > Roblox Clone 33-1: Fix failed - Unknown error
[2025-11-21 01:47:34] [WARNING] ⚠️  33 - 2 > Roblox Clone 33-2: CRASH detected
[2025-11-21 01:47:34] [WARNING] DB Error updating status: no more rows available
[2025-11-21 01:47:34] [WARNING] ⚠️  33 - 2 > Roblox Clone 33-2: CRASH detected
[2025-11-21 01:47:34] [WARNING] ⚠️  33 - 2 > Roblox Clone 33-2: CRASH detected
[2025-11-21 01:47:34] [WARNING] ⚠️  33 - 2 > Roblox Clone 33-2: CRASH detected
[2025-11-21 01:47:34] [WARNING] ⚠️  33 - 2 > Roblox Clone 33-2: CRASH detected
[2025-11-21 01:47:34] [WARNING] ⚠️  33 - 2 > Roblox Clone 33-2: CRASH detected
[2025-11-21 01:47:34] [WARNING] ⚠️  33 - 2 > Roblox Clone 33-2: CRASH detected
[2025-11-21 01:47:35] [WARNING] ⚠️  33 - 2 > Roblox Clone 33-2: CRASH detected
[2025-11-21 01:47:35] [WARNING] ⚠️  33 - 2 > Roblox Clone 33-2: CRASH detected
[2025-11-21 01:47:35] [WARNING] ⚠️  33 - 2 > Roblox Clone 33-2: CRASH detected
[2025-11-21 01:47:36] [SUCCESS] ✅ 33 - 2 > Roblox Clone 33-2: Fixed in 2.1s
[2025-11-21 01:47:36] [SUCCESS] ✅ 33 - 2 > Roblox Clone 33-2: Fixed in 2.1s
[2025-11-21 01:47:37] [SUCCESS] ✅ 33 - 2 > Roblox Clone 33-2: Fixed in 2.6s
[2025-11-21 01:47:37] [SUCCESS] ✅ 33 - 2 > Roblox Clone 33-2: Fixed in 2.6s
[2025-11-21 01:47:37] [SUCCESS] ✅ 33 - 2 > Roblox Clone 33-2: Fixed in 2.6s
[2025-11-21 01:47:37] [SUCCESS] ✅ 33 - 2 > Roblox Clone 33-2: Fixed in 3.1s
[2025-11-21 01:47:37] [SUCCESS] ✅ 33 - 2 > Roblox Clone 33-2: Fixed in 3.1s
[2025-11-21 01:47:38] [SUCCESS] ✅ 33 - 2 > Roblox Clone 33-2: Fixed in 2.9s
[2025-11-21 01:47:38] [SUCCESS] ✅ 33 - 2 > Roblox Clone 33-2: Fixed in 2.9s
[2025-11-21 01:47:38] [SUCCESS] ✅ 33 - 2 > Roblox Clone 33-2: Fixed in 2.9s
[2025-11-21 01:47:38] [WARNING] ⚠️  13-2 > Roblox Clone 13-2: CRASH detected
[2025-11-21 01:47:38] [WARNING] ⚠️  13-2 > Roblox Clone 13-2: CRASH detected
[2025-11-21 01:47:38] [WARNING] ⚠️  13-2 > Roblox Clone 13-2: CRASH detected
[2025-11-21 01:47:38] [WARNING] ⚠️  13-2 > Roblox Clone 13-2: CRASH detected
[2025-11-21 01:47:38] [WARNING] ⚠️  13-2 > Roblox Clone 13-2: CRASH detected
[2025-11-21 01:47:39] [WARNING] ⚠️  13-2 > Roblox Clone 13-2: CRASH detected
[2025-11-21 01:47:39] [WARNING] ⚠️  13-2 > Roblox Clone 13-2: CRASH detected
[2025-11-21 01:47:39] [WARNING] ⚠️  13-2 > Roblox Clone 13-2: CRASH detected
[2025-11-21 01:47:39] [WARNING] ⚠️  13-2 > Roblox Clone 13-2: CRASH detected
[2025-11-21 01:47:39] [WARNING] ⚠️  13-2 > Roblox Clone 13-2: CRASH detected
[2025-11-21 01:47:40] [SUCCESS] ✅ 13-2 > Roblox Clone 13-2: Fixed in 1.7s
[2025-11-21 01:47:40] [INFO] Received termination signal
[2025-11-21 01:47:40] [SUCCESS] ✅ 13-2 > Roblox Clone 13-2: Fixed in 1.6s
[2025-11-21 01:47:40] [SUCCESS] ✅ 13-2 > Roblox Clone 13-2: Fixed in 2.1s
[2025-11-21 01:47:40] [SUCCESS] ✅ 13-2 > Roblox Clone 13-2: Fixed in 1.7s
[2025-11-21 01:47:40] [SUCCESS] ✅ 13-2 > Roblox Clone 13-2: Fixed in 2.2s
[2025-11-21 01:47:40] [SUCCESS] ✅ 13-2 > Roblox Clone 13-2: Fixed in 1.6s
[2025-11-21 01:47:40] [SUCCESS] ✅ 13-2 > Roblox Clone 13-2: Fixed in 1.6s
[2025-11-21 01:47:40] [SUCCESS] ✅ 13-2 > Roblox Clone 13-2: Fixed in 1.5s
[2025-11-21 01:47:41] [WARNING] ⚠️  kesatu > Roblox Clone kesatu: CRASH detected
[2025-11-21 01:47:41] [SUCCESS] ✅ 13-2 > Roblox Clone 13-2: Fixed in 1.6s
[2025-11-21 01:47:41] [WARNING] DB Error: cannot commit - no transaction is active
[2025-11-21 01:47:41] [SUCCESS] ✅ 13-2 > Roblox Clone 13-2: Fixed in 1.6s
[2025-11-21 01:47:41] [WARNING] ⚠️  kesatu > Roblox Clone kesatu: CRASH detected
[2025-11-21 01:47:41] [WARNING] ⚠️  kesatu > Roblox Clone kesatu: CRASH detected
[2025-11-21 01:47:41] [WARNING] ⚠️  kesatu > Roblox Clone kesatu: CRASH detected
[2025-11-21 01:47:41] [WARNING] ⚠️  kesatu > Roblox Clone kesatu: CRASH detected
[2025-11-21 01:47:42] [WARNING] ⚠️  kesatu > Roblox Clone kesatu: CRASH detected
[2025-11-21 01:47:42] [WARNING] ⚠️  kesatu > Roblox Clone kesatu: CRASH detected
[2025-11-21 01:47:42] [WARNING] ⚠️  kesatu > Roblox Clone kesatu: CRASH detected
[2025-11-21 01:47:42] [SUCCESS] ✅ kesatu > Roblox Clone kesatu: Fixed in 1.1s
[2025-11-21 01:47:42] [WARNING] ⚠️  kesatu > Roblox Clone kesatu: CRASH detected
[2025-11-21 01:47:42] [WARNING] ⚠️  kesatu > Roblox Clone kesatu: CRASH detected
[2025-11-21 01:47:43] [SUCCESS] ✅ kesatu > Roblox Clone kesatu: Fixed in 1.2s
[2025-11-21 01:47:43] [SUCCESS] ✅ kesatu > Roblox Clone kesatu: Fixed in 1.3s
[2025-11-21 01:47:43] [SUCCESS] ✅ kesatu > Roblox Clone kesatu: Fixed in 1.3s
[2025-11-21 01:47:43] [SUCCESS] ✅ kesatu > Roblox Clone kesatu: Fixed in 1.3s
[2025-11-21 01:47:43] [SUCCESS] ✅ kesatu > Roblox Clone kesatu: Fixed in 1.3s
[2025-11-21 01:47:43] [SUCCESS] ✅ kesatu > Roblox Clone kesatu: Fixed in 1.4s
[2025-11-21 01:47:43] [SUCCESS] ✅ kesatu > Roblox Clone kesatu: Fixed in 1.4s
[2025-11-21 01:47:43] [SUCCESS] ✅ kesatu > Roblox Clone kesatu: Fixed in 1.2s
[2025-11-21 01:47:43] [SUCCESS] ✅ kesatu > Roblox Clone kesatu: Fixed in 1.2s
[2025-11-21 01:47:44] [WARNING] ⚠️  ampunbg > Roblox Clone ampunbg: CRASH detected
[2025-11-21 01:47:45] [WARNING] DB Error updating status: bad parameter or other API misuse
[2025-11-21 01:47:45] [WARNING] ⚠️  ampunbg > Roblox Clone ampunbg: CRASH detected
[2025-11-21 01:47:45] [WARNING] ⚠️  ampunbg > Roblox Clone ampunbg: CRASH detected
[2025-11-21 01:47:45] [WARNING] ⚠️  ampunbg > Roblox Clone ampunbg: CRASH detected
[2025-11-21 01:47:45] [WARNING] DB Error updating status: UNIQUE constraint failed: clone_status.clone_key
[2025-11-21 01:47:45] [WARNING] ⚠️  ampunbg > Roblox Clone ampunbg: CRASH detected
[2025-11-21 01:47:45] [WARNING] ⚠️  ampunbg > Roblox Clone ampunbg: CRASH detected
[2025-11-21 01:47:45] [WARNING] ⚠️  ampunbg > Roblox Clone ampunbg: CRASH detected
[2025-11-21 01:47:45] [WARNING] ⚠️  ampunbg > Roblox Clone ampunbg: CRASH detected
[2025-11-21 01:47:45] [WARNING] ⚠️  ampunbg > Roblox Clone ampunbg: CRASH detected
[2025-11-21 01:47:45] [WARNING] ⚠️  ampunbg > Roblox Clone ampunbg: CRASH detected
[2025-11-21 01:47:46] [SUCCESS] ✅ ampunbg > Roblox Clone ampunbg: Fixed in 1.6s
[2025-11-21 01:47:47] [WARNING] ⚠️  zetsto > Roblox Clone zetsto: CRASH detected
[2025-11-21 01:47:47] [SUCCESS] ✅ ampunbg > Roblox Clone ampunbg: Fixed in 2.5s
[2025-11-21 01:47:48] [SUCCESS] ✅ ampunbg > Roblox Clone ampunbg: Fixed in 2.5s
[2025-11-21 01:47:48] [SUCCESS] ✅ ampunbg > Roblox Clone ampunbg: Fixed in 2.4s
[2025-11-21 01:47:48] [SUCCESS] ✅ ampunbg > Roblox Clone ampunbg: Fixed in 3.0s
[2025-11-21 01:47:48] [SUCCESS] ✅ ampunbg > Roblox Clone ampunbg: Fixed in 3.0s
[2025-11-21 01:47:48] [SUCCESS] ✅ zetsto > Roblox Clone zetsto: Fixed in 1.0s
[2025-11-21 01:47:48] [WARNING] DB Error: cannot commit - no transaction is active
[2025-11-21 01:47:48] [SUCCESS] ✅ ampunbg > Roblox Clone ampunbg: Fixed in 3.1s
[2025-11-21 01:47:48] [SUCCESS] ✅ ampunbg > Roblox Clone ampunbg: Fixed in 3.0s
[2025-11-21 01:47:48] [SUCCESS] ✅ ampunbg > Roblox Clone ampunbg: Fixed in 2.9s
[2025-11-21 01:47:48] [SUCCESS] ✅ ampunbg > Roblox Clone ampunbg: Fixed in 2.9s
[2025-11-21 01:47:49] [WARNING] ⚠️  zetsto > Roblox Clone zetsto: CRASH detected
[2025-11-21 01:47:49] [WARNING] ⚠️  zetsto > Roblox Clone zetsto: CRASH detected
[2025-11-21 01:47:49] [WARNING] ⚠️  zetsto > Roblox Clone zetsto: CRASH detected
[2025-11-21 01:47:49] [WARNING] ⚠️  ap 1-3,10 z4-9 > Roblox Clone ap 1-3,10 z4-9: CRASH detected
[2025-11-21 01:47:50] [ERROR] ❌ ap 1-3,10 z4-9 > Roblox Clone ap 1-3,10 z4-9: Fix failed - Unknown error
[2025-11-21 01:47:50] [WARNING] ⚠️  zetsto > Roblox Clone zetsto: CRASH detected
[2025-11-21 01:47:50] [SUCCESS] ✅ zetsto > Roblox Clone zetsto: Fixed in 1.2s
[2025-11-21 01:47:50] [SUCCESS] ✅ zetsto > Roblox Clone zetsto: Fixed in 1.1s
[2025-11-21 01:47:50] [SUCCESS] ✅ zetsto > Roblox Clone zetsto: Fixed in 1.2s
[2025-11-21 01:47:50] [WARNING] ⚠️  zetsto > Roblox Clone zetsto: CRASH detected
[2025-11-21 01:47:50] [WARNING] ⚠️  zetsto > Roblox Clone zetsto: CRASH detected
[2025-11-21 01:47:50] [WARNING] ⚠️  zetsto > Roblox Clone zetsto: CRASH detected
[2025-11-21 01:47:50] [WARNING] ⚠️  zetsto > Roblox Clone zetsto: CRASH detected
[2025-11-21 01:47:50] [WARNING] ⚠️  zetsto > Roblox Clone zetsto: CRASH detected
[2025-11-21 01:47:50] [WARNING] ⚠️  ap 1-3,10 z4-9 > Roblox Clone ap 1-3,10 z4-9: CRASH detected
[2025-11-21 01:47:51] [WARNING] ⚠️  ap 1-3,10 z4-9 > Roblox Clone ap 1-3,10 z4-9: CRASH detected
[2025-11-21 01:47:51] [WARNING] ⚠️  ap 1-3,10 z4-9 > Roblox Clone ap 1-3,10 z4-9: CRASH detected
[2025-11-21 01:47:51] [WARNING] ⚠️  ap 1-3,10 z4-9 > Roblox Clone ap 1-3,10 z4-9: CRASH detected
[2025-11-21 01:47:51] [ERROR] ❌ ap 1-3,10 z4-9 > Roblox Clone ap 1-3,10 z4-9: Fix failed - Unknown error
[2025-11-21 01:47:52] [ERROR] ❌ ap 1-3,10 z4-9 > Roblox Clone ap 1-3,10 z4-9: Fix failed - Unknown error
[2025-11-21 01:47:52] [ERROR] ❌ ap 1-3,10 z4-9 > Roblox Clone ap 1-3,10 z4-9: Fix failed - Unknown error
[2025-11-21 01:47:52] [ERROR] ❌ ap 1-3,10 z4-9 > Roblox Clone ap 1-3,10 z4-9: Fix failed - Unknown error
[2025-11-21 01:47:52] [WARNING] ⚠️  ap 1-3,10 z4-9 > Roblox Clone ap 1-3,10 z4-9: CRASH detected
[2025-11-21 01:47:52] [SUCCESS] ✅ zetsto > Roblox Clone zetsto: Fixed in 2.1s
[2025-11-21 01:47:52] [SUCCESS] ✅ zetsto > Roblox Clone zetsto: Fixed in 2.1s
[2025-11-21 01:47:52] [SUCCESS] ✅ zetsto > Roblox Clone zetsto: Fixed in 2.1s
[2025-11-21 01:47:52] [WARNING] ⚠️  ap 1-3,10 z4-9 > Roblox Clone ap 1-3,10 z4-9: CRASH detected
[2025-11-21 01:47:52] [WARNING] ⚠️  ap 1-3,10 z4-9 > Roblox Clone ap 1-3,10 z4-9: CRASH detected
[2025-11-21 01:47:52] [SUCCESS] ✅ zetsto > Roblox Clone zetsto: Fixed in 2.1s
[2025-11-21 01:47:52] [WARNING] ⚠️  ap 1-3,10 z4-9 > Roblox Clone ap 1-3,10 z4-9: CRASH detected
[2025-11-21 01:47:52] [WARNING] DB Error: bad parameter or other API misuse
[2025-11-21 01:47:52] [ERROR] ❌ ap 1-3,10 z4-9 > Roblox Clone ap 1-3,10 z4-9: Fix failed - Unknown error
[2025-11-21 01:47:52] [SUCCESS] ✅ zetsto > Roblox Clone zetsto: Fixed in 2.1s
[2025-11-21 01:47:52] [SUCCESS] ✅ zetsto > Roblox Clone zetsto: Fixed in 2.1s
[2025-11-21 01:47:53] [WARNING] ⚠️  ap 1-3,10 z4-9 > Roblox Clone ap 1-3,10 z4-9: CRASH detected
[2025-11-21 01:47:53] [ERROR] ❌ ap 1-3,10 z4-9 > Roblox Clone ap 1-3,10 z4-9: Fix failed - Unknown error
[2025-11-21 01:47:53] [ERROR] ❌ ap 1-3,10 z4-9 > Roblox Clone ap 1-3,10 z4-9: Fix failed - Unknown error
[2025-11-21 01:47:53] [ERROR] ❌ ap 1-3,10 z4-9 > Roblox Clone ap 1-3,10 z4-9: Fix failed - Unknown error
[2025-11-21 01:47:54] [ERROR] ❌ ap 1-3,10 z4-9 > Roblox Clone ap 1-3,10 z4-9: Fix failed - Unknown error
[2025-11-21 01:47:55] [WARNING] ⚠️  73-1 > Roblox Clone 73-1: CRASH detected
[2025-11-21 01:47:55] [WARNING] ⚠️  73-1 > Roblox Clone 73-1: CRASH detected
[2025-11-21 01:47:55] [WARNING] ⚠️  73-1 > Roblox Clone 73-1: CRASH detected
[2025-11-21 01:47:55] [WARNING] ⚠️  73-1 > Roblox Clone 73-1: CRASH detected
[2025-11-21 01:47:55] [WARNING] ⚠️  73-1 > Roblox Clone 73-1: CRASH detected
[2025-11-21 01:47:55] [WARNING] ⚠️  73-1 > Roblox Clone 73-1: CRASH detected
[2025-11-21 01:47:55] [WARNING] ⚠️  73-1 > Roblox Clone 73-1: CRASH detected
[2025-11-21 01:47:55] [WARNING] ⚠️  73-1 > Roblox Clone 73-1: CRASH detected
[2025-11-21 01:47:55] [WARNING] ⚠️  73-1 > Roblox Clone 73-1: CRASH detected
[2025-11-21 01:47:56] [WARNING] ⚠️  73-1 > Roblox Clone 73-1: CRASH detected
[2025-11-21 01:47:56] [SUCCESS] ✅ 73-1 > Roblox Clone 73-1: Fixed in 1.2s
[2025-11-21 01:47:56] [SUCCESS] ✅ 73-1 > Roblox Clone 73-1: Fixed in 1.7s
[2025-11-21 01:47:56] [SUCCESS] ✅ 73-1 > Roblox Clone 73-1: Fixed in 1.6s
[2025-11-21 01:47:57] [SUCCESS] ✅ 73-1 > Roblox Clone 73-1: Fixed in 2.3s
[2025-11-21 01:47:58] [SUCCESS] ✅ 73-1 > Roblox Clone 73-1: Fixed in 2.4s
[2025-11-21 01:47:58] [SUCCESS] ✅ 73-1 > Roblox Clone 73-1: Fixed in 2.4s
[2025-11-21 01:47:58] [SUCCESS] ✅ 73-1 > Roblox Clone 73-1: Fixed in 2.4s
[2025-11-21 01:47:58] [SUCCESS] ✅ 73-1 > Roblox Clone 73-1: Fixed in 2.4s
[2025-11-21 01:47:58] [SUCCESS] ✅ 73-1 > Roblox Clone 73-1: Fixed in 2.4s
[2025-11-21 01:47:58] [SUCCESS] ✅ 73-1 > Roblox Clone 73-1: Fixed in 2.2s
